file_path,depth,file_name,file_ext,width,height,aspect_ratio,megapixels,orientation,class,species,phash
Classes/conditionally_edible/horn_of_plenty/7.png,3,7,png,512,512,1.0,0.262144,square,conditionally_edible,Horn Of Plenty,bf8991d1c7d2a4c8
Classes/conditionally_edible/horn_of_plenty/2.png,3,2,png,512,512,1.0,0.262144,square,conditionally_edible,Horn Of Plenty,ec81ff89f488331c
Classes/conditionally_edible/horn_of_plenty/8.png,3,8,png,512,512,1.0,0.262144,square,conditionally_edible,Horn Of Plenty,abb9d4a0aae5c4d4
Classes/conditionally_edible/horn_of_plenty/1.png,3,1,png,512,512,1.0,0.262144,square,conditionally_edible,Horn Of Plenty,aaa2b3dc4141bdba
Classes/conditionally_edible/horn_of_plenty/11.png,3,11,png,512,512,1.0,0.262144,square,conditionally_edible,Horn Of Plenty,a0b2cf41e0afde0e
Classes/conditionally_edible/horn_of_plenty/5.png,3,5,png,512,512,1.0,0.262144,square,conditionally_edible,Horn Of Plenty,a693018e7926aeee
Classes/conditionally_edible/horn_of_plenty/3.png,3,3,png,512,512,1.0,0.262144,square,conditionally_edible,Horn Of Plenty,fcd8800b9d093ef9
Classes/conditionally_edible/horn_of_plenty/14.png,3,14,png,512,512,1.0,0.262144,square,conditionally_edible,Horn Of Plenty,d8f40799f31ea870
Classes/conditionally_edible/grisettes/7.png,3,7,png,512,512,1.0,0.262144,square,conditionally_edible,Grisettes,93cb689a65ec660d
Classes/conditionally_edible/grisettes/2.png,3,2,png,512,512,1.0,0.262144,square,conditionally_edible,Grisettes,d1a63bcd394531ac
Classes/conditionally_edible/grisettes/8.png,3,8,png,512,512,1.0,0.262144,square,conditionally_edible,Grisettes,e1f6e8c792390696
Classes/conditionally_edible/grisettes/1.png,3,1,png,512,512,1.0,0.262144,square,conditionally_edible,Grisettes,dc872da4e546479a
Classes/conditionally_edible/grisettes/11.png,3,11,png,512,512,1.0,0.262144,square,conditionally_edible,Grisettes,f5f4f4da584a0a29
Classes/conditionally_edible/grisettes/5.png,3,5,png,512,512,1.0,0.262144,square,conditionally_edible,Grisettes,998ea36979a89635
Classes/conditionally_edible/funeral_bell/7.png,3,7,png,512,512,1.0,0.262144,square,conditionally_edible,Funeral Bell,adce6131268fed84
Classes/conditionally_edible/funeral_bell/2.png,3,2,png,512,512,1.0,0.262144,square,conditionally_edible,Funeral Bell,e027d70c1f5a386b
Classes/conditionally_edible/funeral_bell/8.png,3,8,png,512,512,1.0,0.262144,square,conditionally_edible,Funeral Bell,91c56e3a91c51ed3
Classes/conditionally_edible/funeral_bell/1.png,3,1,png,512,512,1.0,0.262144,square,conditionally_edible,Funeral Bell,d1f13e0b6a66c9e0
Classes/conditionally_edible/funeral_bell/11.png,3,11,png,512,512,1.0,0.262144,square,conditionally_edible,Funeral Bell,9b9f642452c2d3cb
Classes/conditionally_edible/funeral_bell/5.png,3,5,png,512,512,1.0,0.262144,square,conditionally_edible,Funeral Bell,cea82496796993cb
Classes/conditionally_edible/macro_mushroom/7.png,3,7,png,512,512,1.0,0.262144,square,conditionally_edible,Macro Mushroom,84a37e7868e1398f
Classes/conditionally_edible/macro_mushroom/2.png,3,2,png,512,512,1.0,0.262144,square,conditionally_edible,Macro Mushroom,cc134a8f9f7c30f0
Classes/conditionally_edible/macro_mushroom/8.png,3,8,png,512,512,1.0,0.262144,square,conditionally_edible,Macro Mushroom,f9a68799667ac0c2
Classes/conditionally_edible/macro_mushroom/1.png,3,1,png,512,512,1.0,0.262144,square,conditionally_edible,Macro Mushroom,9ce2732c23b5969c
Classes/conditionally_edible/macro_mushroom/11.png,3,11,png,512,512,1.0,0.262144,square,conditionally_edible,Macro Mushroom,e89eb59614571b2a
Classes/conditionally_edible/macro_mushroom/5.png,3,5,png,512,512,1.0,0.262144,square,conditionally_edible,Macro Mushroom,839edab069da26cc
Classes/conditionally_edible/orange_grisette/7.png,3,7,png,512,512,1.0,0.262144,square,conditionally_edible,Orange Grisette,8c929bcf61617539
Classes/conditionally_edible/orange_grisette/2.png,3,2,png,512,512,1.0,0.262144,square,conditionally_edible,Orange Grisette,d12b88073f7d3570
Classes/conditionally_edible/orange_grisette/8.png,3,8,png,512,512,1.0,0.262144,square,conditionally_edible,Orange Grisette,88dde3266772161d
Classes/conditionally_edible/orange_grisette/1.png,3,1,png,512,512,1.0,0.262144,square,conditionally_edible,Orange Grisette,c6833c3c92709777
Classes/conditionally_edible/orange_grisette/11.png,3,11,png,512,512,1.0,0.262144,square,conditionally_edible,Orange Grisette,cf3938a060d7a2cf
Classes/conditionally_edible/orange_grisette/5.png,3,5,png,512,512,1.0,0.262144,square,conditionally_edible,Orange Grisette,c3d0297120df7727
Classes/conditionally_edible/devils_bolete/5.png,3,5,png,512,512,1.0,0.262144,square,conditionally_edible,Devils Bolete,83ed38338ddcc263
Classes/conditionally_edible/devils_bolete/3.png,3,3,png,512,512,1.0,0.262144,square,conditionally_edible,Devils Bolete,cba41c9b3f30b698
Classes/conditionally_edible/devils_bolete/4.png,3,4,png,512,512,1.0,0.262144,square,conditionally_edible,Devils Bolete,8e5a28a0ea7a7b27
Classes/conditionally_edible/devils_bolete/0.png,3,0,png,512,512,1.0,0.262144,square,conditionally_edible,Devils Bolete,9c817570cbbbb415
Classes/conditionally_edible/devils_bolete/7.png,3,7,png,512,512,1.0,0.262144,square,conditionally_edible,Devils Bolete,d78fa190560f2be1
Classes/conditionally_edible/devils_bolete/2.png,3,2,png,512,512,1.0,0.262144,square,conditionally_edible,Devils Bolete,f9fd8d60ba40b14c
Classes/conditionally_edible/Peltigera praetextata/20655medium.jpeg,3,20655medium,jpeg,500,375,1.3333333333333333,0.1875,landscape,conditionally_edible,Peltigera Praetextata,ffd1b04ac4696135
Classes/conditionally_edible/Peltigera praetextata/20740medium.jpeg,3,20740medium,jpeg,375,500,0.75,0.1875,portrait,conditionally_edible,Peltigera Praetextata,e7e5d5d44a442e16
Classes/conditionally_edible/Peltigera praetextata/20580medium.jpeg,3,20580medium,jpeg,500,375,1.3333333333333333,0.1875,landscape,conditionally_edible,Peltigera Praetextata,fcc2c2e1cb85b585
Classes/conditionally_edible/Peltigera praetextata/20603medium.jpeg,3,20603medium,jpeg,500,281,1.7793594306049825,0.1405,landscape,conditionally_edible,Peltigera Praetextata,abce3488b6dd84a6
Classes/conditionally_edible/Peltigera praetextata/20791medium.jpg,3,20791medium,jpg,375,500,0.75,0.1875,portrait,conditionally_edible,Peltigera Praetextata,fbc46c0b3dacd428
Classes/conditionally_edible/Peltigera praetextata/20556medium.jpeg,3,20556medium,jpeg,500,338,1.4792899408284024,0.169,landscape,conditionally_edible,Peltigera Praetextata,dcd60c6c91b334e3
Classes/conditionally_edible/powdery_brittlegill/7.png,3,7,png,512,512,1.0,0.262144,square,conditionally_edible,Powdery Brittlegill,d1e51fbde651c011
Classes/conditionally_edible/powdery_brittlegill/2.png,3,2,png,512,512,1.0,0.262144,square,conditionally_edible,Powdery Brittlegill,b7e86e93ad09486a
Classes/conditionally_edible/powdery_brittlegill/8.png,3,8,png,512,512,1.0,0.262144,square,conditionally_edible,Powdery Brittlegill,8fc5301a27b3f84d
Classes/conditionally_edible/powdery_brittlegill/1.png,3,1,png,512,512,1.0,0.262144,square,conditionally_edible,Powdery Brittlegill,def2391e46f11232
Classes/conditionally_edible/powdery_brittlegill/11.png,3,11,png,512,512,1.0,0.262144,square,conditionally_edible,Powdery Brittlegill,8e9325bd83352772
Classes/conditionally_edible/powdery_brittlegill/5.png,3,5,png,512,512,1.0,0.262144,square,conditionally_edible,Powdery Brittlegill,9f3665496b631872
Classes/conditionally_edible/Amanita_fulva/Amanita_fulva14.png,3,Amanita_fulva14,png,178,283,0.6289752650176679,0.050374,portrait,conditionally_edible,Amanita Fulva,9ae9649361877396
Classes/conditionally_edible/Amanita_fulva/Amanita_fulva21.png,3,Amanita_fulva21,png,207,244,0.8483606557377049,0.050508,portrait,conditionally_edible,Amanita Fulva,db64734d9690c74a
Classes/conditionally_edible/Amanita_fulva/Amanita_fulva37.png,3,Amanita_fulva37,png,194,259,0.749034749034749,0.050246,portrait,conditionally_edible,Amanita Fulva,c3833c3d83d1728f
Classes/conditionally_edible/Amanita_fulva/Amanita_fulva44.png,3,Amanita_fulva44,png,259,194,1.3350515463917525,0.050246,landscape,conditionally_edible,Amanita Fulva,d12326e0378e7d39
Classes/conditionally_edible/Amanita_fulva/Amanita_fulva19.png,3,Amanita_fulva19,png,179,281,0.6370106761565836,0.050299,portrait,conditionally_edible,Amanita Fulva,b2925b36a9accd64
Classes/conditionally_edible/Amanita_fulva/Amanita_fulva43.png,3,Amanita_fulva43,png,188,269,0.6988847583643123,0.050572,portrait,conditionally_edible,Amanita Fulva,9c8673916c6739c6
Classes/conditionally_edible/slimy_waxcap/7.png,3,7,png,512,512,1.0,0.262144,square,conditionally_edible,Slimy Waxcap,ce8c9423377323cb
Classes/conditionally_edible/slimy_waxcap/2.png,3,2,png,512,512,1.0,0.262144,square,conditionally_edible,Slimy Waxcap,8e9939e3223279f8
Classes/conditionally_edible/slimy_waxcap/8.png,3,8,png,512,512,1.0,0.262144,square,conditionally_edible,Slimy Waxcap,83d3396c46ef1499
Classes/conditionally_edible/slimy_waxcap/1.png,3,1,png,512,512,1.0,0.262144,square,conditionally_edible,Slimy Waxcap,b3964cdc126327d3
Classes/conditionally_edible/slimy_waxcap/11.png,3,11,png,512,512,1.0,0.262144,square,conditionally_edible,Slimy Waxcap,e78cf2392cb05ab2
Classes/conditionally_edible/slimy_waxcap/5.png,3,5,png,512,512,1.0,0.262144,square,conditionally_edible,Slimy Waxcap,879db8656569b813
Classes/conditionally_edible/woolly_milkcap/7.png,3,7,png,512,512,1.0,0.262144,square,conditionally_edible,Woolly Milkcap,99c6cb6e3d3c30b0
Classes/conditionally_edible/woolly_milkcap/2.png,3,2,png,512,512,1.0,0.262144,square,conditionally_edible,Woolly Milkcap,c1943f66386e7178
Classes/conditionally_edible/woolly_milkcap/8.png,3,8,png,512,512,1.0,0.262144,square,conditionally_edible,Woolly Milkcap,81b7786698e12f93
Classes/conditionally_edible/woolly_milkcap/1.png,3,1,png,512,512,1.0,0.262144,square,conditionally_edible,Woolly Milkcap,d9d926c42cb29b65
Classes/conditionally_edible/woolly_milkcap/11.png,3,11,png,512,512,1.0,0.262144,square,conditionally_edible,Woolly Milkcap,86943ed7349ac2cd
Classes/conditionally_edible/woolly_milkcap/5.png,3,5,png,512,512,1.0,0.262144,square,conditionally_edible,Woolly Milkcap,99c3563c3ba4b495
Classes/conditionally_edible/Cladonia fimbriata/5402medium.jpg,3,5402medium,jpg,500,281,1.7793594306049825,0.1405,landscape,conditionally_edible,Cladonia Fimbriata,c1432f2f0c3757ca
Classes/conditionally_edible/Cladonia fimbriata/5303medium.jpg,3,5303medium,jpg,500,500,1.0,0.25,square,conditionally_edible,Cladonia Fimbriata,abef3b1570434a4a
Classes/conditionally_edible/Cladonia fimbriata/5330medium.jpg,3,5330medium,jpg,281,500,0.562,0.1405,portrait,conditionally_edible,Cladonia Fimbriata,c01843e4f5e38fbc
Classes/conditionally_edible/Cladonia fimbriata/5150medium.jpg,3,5150medium,jpg,500,375,1.3333333333333333,0.1875,landscape,conditionally_edible,Cladonia Fimbriata,a13b796c74949c87
Classes/conditionally_edible/Cladonia fimbriata/5353medium.jpeg,3,5353medium,jpeg,281,500,0.562,0.1405,portrait,conditionally_edible,Cladonia Fimbriata,bc9a924e03aaee39
Classes/conditionally_edible/Cladonia fimbriata/5234medium.jpg,3,5234medium,jpg,375,500,0.75,0.1875,portrait,conditionally_edible,Cladonia Fimbriata,c99649b5da2845f6
Classes/conditionally_edible/dog_stinkhorn/7.png,3,7,png,512,512,1.0,0.262144,square,conditionally_edible,Dog Stinkhorn,8cf3535cb63d302c
Classes/conditionally_edible/dog_stinkhorn/2.png,3,2,png,512,512,1.0,0.262144,square,conditionally_edible,Dog Stinkhorn,a5554aa69ec53a2b
Classes/conditionally_edible/dog_stinkhorn/8.png,3,8,png,512,512,1.0,0.262144,square,conditionally_edible,Dog Stinkhorn,ccf13331e8c1a58f
Classes/conditionally_edible/dog_stinkhorn/1.png,3,1,png,512,512,1.0,0.262144,square,conditionally_edible,Dog Stinkhorn,9939621277fc7306
Classes/conditionally_edible/dog_stinkhorn/11.png,3,11,png,512,512,1.0,0.262144,square,conditionally_edible,Dog Stinkhorn,89afa6d5554b494c
Classes/conditionally_edible/dog_stinkhorn/5.png,3,5,png,512,512,1.0,0.262144,square,conditionally_edible,Dog Stinkhorn,88336c2dd35574dc
Classes/conditionally_edible/Fomitopsis pinicola/19765medium.jpeg,3,19765medium,jpeg,500,375,1.3333333333333333,0.1875,landscape,conditionally_edible,Fomitopsis Pinicola,8b45aab4b5e34738
Classes/conditionally_edible/Fomitopsis pinicola/20253medium.jpg,3,20253medium,jpg,500,492,1.016260162601626,0.246,landscape,conditionally_edible,Fomitopsis Pinicola,870b7127af72a459
Classes/conditionally_edible/Fomitopsis pinicola/23822medium.jpg,3,23822medium,jpg,500,333,1.5015015015015014,0.1665,landscape,conditionally_edible,Fomitopsis Pinicola,fe9f876b94358880
Classes/conditionally_edible/Fomitopsis pinicola/21915medium.jpg,3,21915medium,jpg,375,500,0.75,0.1875,portrait,conditionally_edible,Fomitopsis Pinicola,e39c2e94310bdb74
Classes/conditionally_edible/Fomitopsis pinicola/22190medium.jpeg,3,22190medium,jpeg,500,281,1.7793594306049825,0.1405,landscape,conditionally_edible,Fomitopsis Pinicola,fac451fab0238e66
Classes/conditionally_edible/Fomitopsis pinicola/18834medium.jpg,3,18834medium,jpg,375,500,0.75,0.1875,portrait,conditionally_edible,Fomitopsis Pinicola,dac09a9aab321e2f
Classes/conditionally_edible/giant_funnel/7.png,3,7,png,512,512,1.0,0.262144,square,conditionally_edible,Giant Funnel,c1e83e2d789634f2
Classes/conditionally_edible/giant_funnel/2.png,3,2,png,512,512,1.0,0.262144,square,conditionally_edible,Giant Funnel,94c07e1de1708fcb
Classes/conditionally_edible/giant_funnel/8.png,3,8,png,512,512,1.0,0.262144,square,conditionally_edible,Giant Funnel,cc213ec6b13cce71
Classes/conditionally_edible/giant_funnel/1.png,3,1,png,512,512,1.0,0.262144,square,conditionally_edible,Giant Funnel,8e41314c8b777cb9
Classes/conditionally_edible/giant_funnel/11.png,3,11,png,512,512,1.0,0.262144,square,conditionally_edible,Giant Funnel,c8993db2f324716c
Classes/conditionally_edible/giant_funnel/5.png,3,5,png,512,512,1.0,0.262144,square,conditionally_edible,Giant Funnel,c7983ae168a7783c
Classes/conditionally_edible/Cetraria islandica/4184medium.jpeg,3,4184medium,jpeg,375,500,0.75,0.1875,portrait,conditionally_edible,Cetraria Islandica,97cc722f5e6c2522
Classes/conditionally_edible/Cetraria islandica/4028medium.jpg,3,4028medium,jpg,375,500,0.75,0.1875,portrait,conditionally_edible,Cetraria Islandica,fcc2ca97464d27c1
Classes/conditionally_edible/Cetraria islandica/4094medium.jpeg,3,4094medium,jpeg,375,500,0.75,0.1875,portrait,conditionally_edible,Cetraria Islandica,99aa162ed35e9742
Classes/conditionally_edible/Cetraria islandica/4070medium.jpeg,3,4070medium,jpeg,500,375,1.3333333333333333,0.1875,landscape,conditionally_edible,Cetraria Islandica,9da466d9cccec494
Classes/conditionally_edible/Cetraria islandica/4037medium.jpeg,3,4037medium,jpeg,375,500,0.75,0.1875,portrait,conditionally_edible,Cetraria Islandica,fe30f1d6bd000799
Classes/conditionally_edible/Cetraria islandica/4272medium.jpg,3,4272medium,jpg,334,500,0.668,0.167,portrait,conditionally_edible,Cetraria Islandica,90833decc337f1e0
Classes/conditionally_edible/Hypogymnia physodes/28032medium.jpeg,3,28032medium,jpeg,500,375,1.3333333333333333,0.1875,landscape,conditionally_edible,Hypogymnia Physodes,83a549c77afc41cc
Classes/conditionally_edible/Hypogymnia physodes/26865medium.jpeg,3,26865medium,jpeg,500,372,1.3440860215053765,0.186,landscape,conditionally_edible,Hypogymnia Physodes,f283a1e4b67d9614
Classes/conditionally_edible/Hypogymnia physodes/28005medium.jpeg,3,28005medium,jpeg,500,362,1.3812154696132597,0.181,landscape,conditionally_edible,Hypogymnia Physodes,b08f19e6902fd627
Classes/conditionally_edible/Hypogymnia physodes/27861medium.jpg,3,27861medium,jpg,500,500,1.0,0.25,square,conditionally_edible,Hypogymnia Physodes,c721286fade5934a
Classes/conditionally_edible/Hypogymnia physodes/27062medium.jpeg,3,27062medium,jpeg,500,461,1.084598698481562,0.2305,landscape,conditionally_edible,Hypogymnia Physodes,d05f6b352e8447a3
Classes/conditionally_edible/Hypogymnia physodes/26728medium.jpg,3,26728medium,jpg,375,500,0.75,0.1875,portrait,conditionally_edible,Hypogymnia Physodes,d5354ce470898df9
Classes/conditionally_edible/Chlorociboria aeruginascens/4475medium.jpeg,3,4475medium,jpeg,500,375,1.3333333333333333,0.1875,landscape,conditionally_edible,Chlorociboria Aeruginascens,b680f621b621f9b5
Classes/conditionally_edible/Chlorociboria aeruginascens/4571medium.jpeg,3,4571medium,jpeg,500,375,1.3333333333333333,0.1875,landscape,conditionally_edible,Chlorociboria Aeruginascens,c6cb78c83b96839c
Classes/conditionally_edible/Chlorociboria aeruginascens/4685medium.jpeg,3,4685medium,jpeg,375,500,0.75,0.1875,portrait,conditionally_edible,Chlorociboria Aeruginascens,fcf1e230c405f7c4
Classes/conditionally_edible/Chlorociboria aeruginascens/4658medium.jpg,3,4658medium,jpg,375,500,0.75,0.1875,portrait,conditionally_edible,Chlorociboria Aeruginascens,c6b9067d861c69d6
Classes/conditionally_edible/Chlorociboria aeruginascens/4529medium.jpg,3,4529medium,jpg,500,375,1.3333333333333333,0.1875,landscape,conditionally_edible,Chlorociboria Aeruginascens,bafe8fc2d4288952
Classes/conditionally_edible/Chlorociboria aeruginascens/4615medium.jpg,3,4615medium,jpg,500,375,1.3333333333333333,0.1875,landscape,conditionally_edible,Chlorociboria Aeruginascens,d3956ca9618566a7
Classes/conditionally_edible/shaggy_parasol/7.png,3,7,png,512,512,1.0,0.262144,square,conditionally_edible,Shaggy Parasol,a4c83babceb4b2c2
Classes/conditionally_edible/shaggy_parasol/2.png,3,2,png,512,512,1.0,0.262144,square,conditionally_edible,Shaggy Parasol,8fd6396c66386561
Classes/conditionally_edible/shaggy_parasol/8.png,3,8,png,512,512,1.0,0.262144,square,conditionally_edible,Shaggy Parasol,90a32f2d367c7147
Classes/conditionally_edible/shaggy_parasol/1.png,3,1,png,512,512,1.0,0.262144,square,conditionally_edible,Shaggy Parasol,c8a5277a3f85b88a
Classes/conditionally_edible/shaggy_parasol/11.png,3,11,png,512,512,1.0,0.262144,square,conditionally_edible,Shaggy Parasol,a5c25a3d159fc6c2
Classes/conditionally_edible/shaggy_parasol/5.png,3,5,png,512,512,1.0,0.262144,square,conditionally_edible,Shaggy Parasol,d8e3370d76664782
Classes/conditionally_edible/Lepista_saeva/Lepista_saeva54.png,3,Lepista_saeva54,png,265,190,1.394736842105263,0.05035,landscape,conditionally_edible,Lepista Saeva,9d9eea68f26ec104
Classes/conditionally_edible/Lepista_saeva/Lepista_saeva42.png,3,Lepista_saeva42,png,280,180,1.5555555555555556,0.0504,landscape,conditionally_edible,Lepista Saeva,b0c84f83ce9c7c9c
Classes/conditionally_edible/Lepista_saeva/Lepista_saeva51.png,3,Lepista_saeva51,png,225,225,1.0,0.050625,square,conditionally_edible,Lepista Saeva,c25b3d66c21b4dc6
Classes/conditionally_edible/Lepista_saeva/Lepista_saeva8.png,3,Lepista_saeva8,png,100,100,1.0,0.01,square,conditionally_edible,Lepista Saeva,8f3ce0e3f40c1ef0
Classes/conditionally_edible/Lepista_saeva/Lepista_saeva6.png,3,Lepista_saeva6,png,100,100,1.0,0.01,square,conditionally_edible,Lepista Saeva,b6a1c21d4d4de1da
Classes/conditionally_edible/Lepista_saeva/Lepista_saeva26.png,3,Lepista_saeva26,png,271,186,1.456989247311828,0.050406,landscape,conditionally_edible,Lepista Saeva,918e6ee47930b71a
Classes/conditionally_edible/Evernia mesomorpha/9602medium.jpg,3,9602medium,jpg,500,333,1.5015015015015014,0.1665,landscape,conditionally_edible,Evernia Mesomorpha,8e98a16b52f6b919
Classes/conditionally_edible/Evernia mesomorpha/9350medium.jpeg,3,9350medium,jpeg,375,500,0.75,0.1875,portrait,conditionally_edible,Evernia Mesomorpha,d3d623137a46171d
Classes/conditionally_edible/Evernia mesomorpha/9463medium.jpg,3,9463medium,jpg,373,500,0.746,0.1865,portrait,conditionally_edible,Evernia Mesomorpha,bbb9b94144c6f684
Classes/conditionally_edible/Evernia mesomorpha/9697medium.jpg,3,9697medium,jpg,281,500,0.562,0.1405,portrait,conditionally_edible,Evernia Mesomorpha,df0bd5707121b534
Classes/conditionally_edible/Evernia mesomorpha/9446medium.jpg,3,9446medium,jpg,500,375,1.3333333333333333,0.1875,landscape,conditionally_edible,Evernia Mesomorpha,96927ab843a4df43
Classes/conditionally_edible/Evernia mesomorpha/9361medium.jpeg,3,9361medium,jpeg,375,500,0.75,0.1875,portrait,conditionally_edible,Evernia Mesomorpha,9c0ff2257173a68c
Classes/conditionally_edible/jubilee_waxcap/7.png,3,7,png,512,512,1.0,0.262144,square,conditionally_edible,Jubilee Waxcap,a4c5133a6c6ce6e3
Classes/conditionally_edible/jubilee_waxcap/2.png,3,2,png,512,512,1.0,0.262144,square,conditionally_edible,Jubilee Waxcap,c2d32e203fed16b4
Classes/conditionally_edible/jubilee_waxcap/8.png,3,8,png,512,512,1.0,0.262144,square,conditionally_edible,Jubilee Waxcap,91c65f6b6c217835
Classes/conditionally_edible/jubilee_waxcap/1.png,3,1,png,512,512,1.0,0.262144,square,conditionally_edible,Jubilee Waxcap,91cb0aa97f747434
Classes/conditionally_edible/jubilee_waxcap/11.png,3,11,png,512,512,1.0,0.262144,square,conditionally_edible,Jubilee Waxcap,bf8942b1634e8bca
Classes/conditionally_edible/jubilee_waxcap/5.png,3,5,png,512,512,1.0,0.262144,square,conditionally_edible,Jubilee Waxcap,cedf343c838286bc
Classes/conditionally_edible/Suillus luteus/28395medium.jpg,3,28395medium,jpg,500,333,1.5015015015015014,0.1665,landscape,conditionally_edible,Suillus Luteus,899c366588bc3eec
Classes/conditionally_edible/Suillus luteus/28499medium.jpg,3,28499medium,jpg,375,500,0.75,0.1875,portrait,conditionally_edible,Suillus Luteus,9ed4c04b7133e94d
Classes/edible/Suillus_luteus/Suillus_luteus23.png,3,Suillus_luteus23,png,275,183,1.5027322404371584,0.050325,landscape,conditionally_edible,Suillus Luteus,90c91b366d197676
Classes/conditionally_edible/Suillus luteus/28535medium.jpg,3,28535medium,jpg,375,500,0.75,0.1875,portrait,conditionally_edible,Suillus Luteus,90cf3f3d650ba2b0
Classes/conditionally_edible/Suillus luteus/28647medium.jpeg,3,28647medium,jpeg,500,225,2.2222222222222223,0.1125,landscape,conditionally_edible,Suillus Luteus,c2e169b60578e1ed
Classes/conditionally_edible/Suillus luteus/28384medium.jpeg,3,28384medium,jpeg,375,500,0.75,0.1875,portrait,conditionally_edible,Suillus Luteus,bad2ce7113ca3097
Classes/conditionally_edible/orange_birch_bolete/5.png,3,5,png,512,512,1.0,0.262144,square,conditionally_edible,Orange Birch Bolete,b2e0859e1fc658d9
Classes/conditionally_edible/orange_birch_bolete/3.png,3,3,png,512,512,1.0,0.262144,square,conditionally_edible,Orange Birch Bolete,db842b6968e1b535
Classes/conditionally_edible/orange_birch_bolete/4.png,3,4,png,512,512,1.0,0.262144,square,conditionally_edible,Orange Birch Bolete,92c984b56675f634
Classes/conditionally_edible/orange_birch_bolete/0.png,3,0,png,512,512,1.0,0.262144,square,conditionally_edible,Orange Birch Bolete,d9859b6828bdf560
Classes/conditionally_edible/orange_birch_bolete/7.png,3,7,png,512,512,1.0,0.262144,square,conditionally_edible,Orange Birch Bolete,f8c4d2c84e3f7861
Classes/conditionally_edible/orange_birch_bolete/2.png,3,2,png,512,512,1.0,0.262144,square,conditionally_edible,Orange Birch Bolete,d4cb6f2534e43634
Classes/conditionally_edible/yellow_swamp_brittlegill/7.png,3,7,png,512,512,1.0,0.262144,square,conditionally_edible,Yellow Swamp Brittlegill,87a33a9e61398771
Classes/conditionally_edible/yellow_swamp_brittlegill/2.png,3,2,png,512,512,1.0,0.262144,square,conditionally_edible,Yellow Swamp Brittlegill,c2c06f3f93e4b0d2
Classes/conditionally_edible/yellow_swamp_brittlegill/8.png,3,8,png,512,512,1.0,0.262144,square,conditionally_edible,Yellow Swamp Brittlegill,99c29b792e356465
Classes/conditionally_edible/yellow_swamp_brittlegill/1.png,3,1,png,512,512,1.0,0.262144,square,conditionally_edible,Yellow Swamp Brittlegill,99a4b47b5b026b63
Classes/conditionally_edible/yellow_swamp_brittlegill/11.png,3,11,png,512,512,1.0,0.262144,square,conditionally_edible,Yellow Swamp Brittlegill,c0f412805ed27ddf
Classes/conditionally_edible/yellow_swamp_brittlegill/5.png,3,5,png,512,512,1.0,0.262144,square,conditionally_edible,Yellow Swamp Brittlegill,99a6c199ee892d2d
Classes/conditionally_edible/splendid_waxcap/7.png,3,7,png,512,512,1.0,0.262144,square,conditionally_edible,Splendid Waxcap,bf85d23c8130db69
Classes/conditionally_edible/splendid_waxcap/2.png,3,2,png,512,512,1.0,0.262144,square,conditionally_edible,Splendid Waxcap,fcf9636e44919415
Classes/conditionally_edible/splendid_waxcap/8.png,3,8,png,512,512,1.0,0.262144,square,conditionally_edible,Splendid Waxcap,95e2486c66f43d33
Classes/conditionally_edible/splendid_waxcap/1.png,3,1,png,512,512,1.0,0.262144,square,conditionally_edible,Splendid Waxcap,ec8ed08b39617770
Classes/conditionally_edible/splendid_waxcap/11.png,3,11,png,512,512,1.0,0.262144,square,conditionally_edible,Splendid Waxcap,99d2e32d76262c72
Classes/conditionally_edible/splendid_waxcap/5.png,3,5,png,512,512,1.0,0.262144,square,conditionally_edible,Splendid Waxcap,b096cb3444b6d6b6
Classes/conditionally_edible/root_rot/1.png,3,1,png,512,512,1.0,0.262144,square,conditionally_edible,Root Rot,94e9abb290ad6a78
Classes/conditionally_edible/root_rot/3.png,3,3,png,512,512,1.0,0.262144,square,conditionally_edible,Root Rot,b355626289496d6f
Classes/conditionally_edible/root_rot/8.png,3,8,png,512,512,1.0,0.262144,square,conditionally_edible,Root Rot,8a8169c23df55676
Classes/conditionally_edible/root_rot/2.png,3,2,png,512,512,1.0,0.262144,square,conditionally_edible,Root Rot,d66c29b16998e663
Classes/conditionally_edible/root_rot/5.png,3,5,png,512,512,1.0,0.262144,square,conditionally_edible,Root Rot,ddbc6368620a6e1e
Classes/conditionally_edible/root_rot/11.png,3,11,png,512,512,1.0,0.262144,square,conditionally_edible,Root Rot,8ab8c1f5d852333e
Classes/conditionally_edible/Ganoderma applanatum/24404medium.jpeg,3,24404medium,jpeg,500,281,1.7793594306049825,0.1405,landscape,conditionally_edible,Ganoderma Applanatum,97463c389ab079da
Classes/conditionally_edible/Ganoderma applanatum/24459medium.jpg,3,24459medium,jpg,500,500,1.0,0.25,square,conditionally_edible,Ganoderma Applanatum,b6313988cd6ad695
Classes/conditionally_edible/Ganoderma applanatum/24222medium.jpeg,3,24222medium,jpeg,500,375,1.3333333333333333,0.1875,landscape,conditionally_edible,Ganoderma Applanatum,82ce3fb0c22e3793
Classes/conditionally_edible/Ganoderma applanatum/24707medium.jpeg,3,24707medium,jpeg,376,500,0.752,0.188,portrait,conditionally_edible,Ganoderma Applanatum,8a2a3d6d206f7b34
Classes/conditionally_edible/Ganoderma applanatum/23998medium.jpeg,3,23998medium,jpeg,500,374,1.3368983957219251,0.187,landscape,conditionally_edible,Ganoderma Applanatum,eae0e2b9b525928e
Classes/conditionally_edible/Ganoderma applanatum/24372medium.jpg,3,24372medium,jpg,500,334,1.497005988023952,0.167,landscape,conditionally_edible,Ganoderma Applanatum,b6e4711f403f471c
Classes/conditionally_edible/scarlet_caterpillarclub/7.png,3,7,png,512,512,1.0,0.262144,square,conditionally_edible,Scarlet Caterpillarclub,fcc0828bba8c639f
Classes/conditionally_edible/scarlet_caterpillarclub/2.png,3,2,png,512,512,1.0,0.262144,square,conditionally_edible,Scarlet Caterpillarclub,f580cae1191fbcb1
Classes/conditionally_edible/scarlet_caterpillarclub/8.png,3,8,png,512,512,1.0,0.262144,square,conditionally_edible,Scarlet Caterpillarclub,9f83965e49e38e81
Classes/conditionally_edible/scarlet_caterpillarclub/1.png,3,1,png,512,512,1.0,0.262144,square,conditionally_edible,Scarlet Caterpillarclub,ccb21e61b78f0dc1
Classes/conditionally_edible/scarlet_caterpillarclub/11.png,3,11,png,512,512,1.0,0.262144,square,conditionally_edible,Scarlet Caterpillarclub,b987196c155924fe
Classes/conditionally_edible/scarlet_caterpillarclub/5.png,3,5,png,512,512,1.0,0.262144,square,conditionally_edible,Scarlet Caterpillarclub,d4b6e78dc93006dc
Classes/conditionally_edible/winter_chanterelle/7.png,3,7,png,512,512,1.0,0.262144,square,conditionally_edible,Winter Chanterelle,98a7e25d7653154c
Classes/conditionally_edible/winter_chanterelle/2.png,3,2,png,512,512,1.0,0.262144,square,conditionally_edible,Winter Chanterelle,a28e9aba38a17774
Classes/conditionally_edible/winter_chanterelle/8.png,3,8,png,512,512,1.0,0.262144,square,conditionally_edible,Winter Chanterelle,d0e80fa2a55abb6c
Classes/conditionally_edible/winter_chanterelle/1.png,3,1,png,512,512,1.0,0.262144,square,conditionally_edible,Winter Chanterelle,99c2255967d566b4
Classes/conditionally_edible/winter_chanterelle/11.png,3,11,png,512,512,1.0,0.262144,square,conditionally_edible,Winter Chanterelle,d28e3fe0cece3038
Classes/conditionally_edible/winter_chanterelle/5.png,3,5,png,512,512,1.0,0.262144,square,conditionally_edible,Winter Chanterelle,d41b79a127d43cca
Classes/conditionally_edible/spring_fieldcap/7.png,3,7,png,512,512,1.0,0.262144,square,conditionally_edible,Spring Fieldcap,cec96b2e3c1c3278
Classes/conditionally_edible/spring_fieldcap/2.png,3,2,png,512,512,1.0,0.262144,square,conditionally_edible,Spring Fieldcap,96e27836616967c3
Classes/conditionally_edible/spring_fieldcap/8.png,3,8,png,512,512,1.0,0.262144,square,conditionally_edible,Spring Fieldcap,88da7d2966663666
Classes/conditionally_edible/spring_fieldcap/1.png,3,1,png,512,512,1.0,0.262144,square,conditionally_edible,Spring Fieldcap,91a5d6dfccd24c09
Classes/conditionally_edible/spring_fieldcap/11.png,3,11,png,512,512,1.0,0.262144,square,conditionally_edible,Spring Fieldcap,c694796b94b0e333
Classes/conditionally_edible/spring_fieldcap/5.png,3,5,png,512,512,1.0,0.262144,square,conditionally_edible,Spring Fieldcap,cb26396ca03fb127
Classes/conditionally_edible/Cortinarius/872_5mcRTuMgqkc.jpg,3,872_5mcRTuMgqkc,jpg,800,532,1.5037593984962403,0.4256,landscape,conditionally_edible,Cortinarius,939e4b6274cb689c
Classes/conditionally_edible/Cortinarius/412_Go1G0hhZgdo.jpg,3,412_Go1G0hhZgdo,jpg,800,600,1.3333333333333333,0.48,landscape,conditionally_edible,Cortinarius,84827b3c70790fde
Classes/conditionally_edible/Cortinarius/123_d68nNwG_WC8.jpg,3,123_d68nNwG_WC8,jpg,259,194,1.3350515463917525,0.050246,landscape,conditionally_edible,Cortinarius,d14a2e63d2b54cce
Classes/conditionally_edible/Cortinarius/409_3eHBGnDPeyU.jpg,3,409_3eHBGnDPeyU,jpg,700,504,1.3888888888888888,0.3528,landscape,conditionally_edible,Cortinarius,91c22e3d2f94acda
Classes/conditionally_edible/Cortinarius/087_J9naibx1rFY.jpg,3,087_J9naibx1rFY,jpg,800,533,1.50093808630394,0.4264,landscape,conditionally_edible,Cortinarius,d0b57bc0264a9b3b
Classes/conditionally_edible/Cortinarius/359_vWzEM4C7uYc.jpg,3,359_vWzEM4C7uYc,jpg,800,600,1.3333333333333333,0.48,landscape,conditionally_edible,Cortinarius,f2e4055e3127cef0
Classes/conditionally_edible/Trichaptum biforme/30589medium.jpg,3,30589medium,jpg,500,375,1.3333333333333333,0.1875,landscape,conditionally_edible,Trichaptum Biforme,96901ab9466bad37
Classes/conditionally_edible/Trichaptum biforme/30854medium.jpeg,3,30854medium,jpeg,500,375,1.3333333333333333,0.1875,landscape,conditionally_edible,Trichaptum Biforme,968e7194ce65b21b
Classes/conditionally_edible/Trichaptum biforme/30988medium.jpeg,3,30988medium,jpeg,476,500,0.952,0.238,portrait,conditionally_edible,Trichaptum Biforme,cade03097df9b070
Classes/conditionally_edible/Trichaptum biforme/31068medium.jpg,3,31068medium,jpg,333,500,0.666,0.1665,portrait,conditionally_edible,Trichaptum Biforme,d909b31b255a8779
Classes/conditionally_edible/Trichaptum biforme/30598medium.jpg,3,30598medium,jpg,500,333,1.5015015015015014,0.1665,landscape,conditionally_edible,Trichaptum Biforme,dbd9cd20e608f263
Classes/conditionally_edible/Trichaptum biforme/30865medium.jpeg,3,30865medium,jpeg,333,500,0.666,0.1665,portrait,conditionally_edible,Trichaptum Biforme,a987a1fa57c90a27
Classes/conditionally_edible/Stereum hirsutum/26985medium.jpeg,3,26985medium,jpeg,500,375,1.3333333333333333,0.1875,landscape,conditionally_edible,Stereum Hirsutum,a6e97d9d1c23a154
Classes/conditionally_edible/Stereum hirsutum/27031medium.jpeg,3,27031medium,jpeg,500,375,1.3333333333333333,0.1875,landscape,conditionally_edible,Stereum Hirsutum,839a4d995aee19cc
Classes/conditionally_edible/Stereum hirsutum/26988medium.jpg,3,26988medium,jpg,375,500,0.75,0.1875,portrait,conditionally_edible,Stereum Hirsutum,ca6bf0b5ccc23698
Classes/conditionally_edible/Stereum hirsutum/26987medium.jpeg,3,26987medium,jpeg,500,333,1.5015015015015014,0.1665,landscape,conditionally_edible,Stereum Hirsutum,852a6aad95d5507d
Classes/conditionally_edible/Stereum hirsutum/27097medium.jpeg,3,27097medium,jpeg,500,333,1.5015015015015014,0.1665,landscape,conditionally_edible,Stereum Hirsutum,8aa374491f35aa6e
Classes/conditionally_edible/Stereum hirsutum/26981medium.jpeg,3,26981medium,jpeg,375,500,0.75,0.1875,portrait,conditionally_edible,Stereum Hirsutum,ae96f20acd8fe290
Classes/conditionally_edible/Parmelia sulcata/35865medium.jpeg,3,35865medium,jpeg,500,441,1.1337868480725624,0.2205,landscape,conditionally_edible,Parmelia Sulcata,df9d693a6421a534
Classes/conditionally_edible/Parmelia sulcata/35974medium.jpeg,3,35974medium,jpeg,500,375,1.3333333333333333,0.1875,landscape,conditionally_edible,Parmelia Sulcata,95d4326f5668c8c7
Classes/conditionally_edible/Parmelia sulcata/36417medium.jpeg,3,36417medium,jpeg,375,500,0.75,0.1875,portrait,conditionally_edible,Parmelia Sulcata,8e8233d9ce7630b9
Classes/conditionally_edible/Parmelia sulcata/36128medium.jpeg,3,36128medium,jpeg,500,424,1.179245283018868,0.212,landscape,conditionally_edible,Parmelia Sulcata,d6d2e8c4307e6971
Classes/conditionally_edible/Parmelia sulcata/34839medium.jpg,3,34839medium,jpg,375,500,0.75,0.1875,portrait,conditionally_edible,Parmelia Sulcata,fff8f002030d4cfa
Classes/conditionally_edible/Parmelia sulcata/35137medium.jpeg,3,35137medium,jpeg,375,500,0.75,0.1875,portrait,conditionally_edible,Parmelia Sulcata,856623f329ce331d
Classes/conditionally_edible/truffles/2.png,3,2,png,512,512,1.0,0.262144,square,conditionally_edible,Truffles,e9cc87331e681c8f
Classes/conditionally_edible/truffles/3.png,3,3,png,512,512,1.0,0.262144,square,conditionally_edible,Truffles,a866951f76987962
Classes/conditionally_edible/truffles/1.png,3,1,png,512,512,1.0,0.262144,square,conditionally_edible,Truffles,a11b9679584f6dc2
Classes/conditionally_edible/truffles/0.png,3,0,png,512,512,1.0,0.262144,square,conditionally_edible,Truffles,f4ded3499c303865
Classes/conditionally_edible/elfin_saddle/7.png,3,7,png,512,512,1.0,0.262144,square,conditionally_edible,Elfin Saddle,a4bd5099f23b86a3
Classes/conditionally_edible/elfin_saddle/2.png,3,2,png,512,512,1.0,0.262144,square,conditionally_edible,Elfin Saddle,ab9b9ece51e1208b
Classes/conditionally_edible/elfin_saddle/8.png,3,8,png,512,512,1.0,0.262144,square,conditionally_edible,Elfin Saddle,96229d575992ba4d
Classes/conditionally_edible/elfin_saddle/1.png,3,1,png,512,512,1.0,0.262144,square,conditionally_edible,Elfin Saddle,eec615bbc8e94990
Classes/conditionally_edible/elfin_saddle/11.png,3,11,png,512,512,1.0,0.262144,square,conditionally_edible,Elfin Saddle,ab918a0fae7b5864
Classes/conditionally_edible/elfin_saddle/5.png,3,5,png,512,512,1.0,0.262144,square,conditionally_edible,Elfin Saddle,aed5db0bf0a20da8
Classes/conditionally_edible/false_saffron_milkcap/7.png,3,7,png,512,512,1.0,0.262144,square,conditionally_edible,False Saffron Milkcap,a5951dbc36792991
Classes/conditionally_edible/false_saffron_milkcap/2.png,3,2,png,512,512,1.0,0.262144,square,conditionally_edible,False Saffron Milkcap,b4f60c6606e5347e
Classes/conditionally_edible/false_saffron_milkcap/8.png,3,8,png,512,512,1.0,0.262144,square,conditionally_edible,False Saffron Milkcap,98de636c3730dc8c
Classes/conditionally_edible/false_saffron_milkcap/1.png,3,1,png,512,512,1.0,0.262144,square,conditionally_edible,False Saffron Milkcap,9c876b7806630b6f
Classes/conditionally_edible/false_saffron_milkcap/11.png,3,11,png,512,512,1.0,0.262144,square,conditionally_edible,False Saffron Milkcap,80975fd75946cc23
Classes/conditionally_edible/false_saffron_milkcap/5.png,3,5,png,512,512,1.0,0.262144,square,conditionally_edible,False Saffron Milkcap,ccc8b3c3f7e060b2
Classes/conditionally_edible/Physcia adscendens/23458medium.jpeg,3,23458medium,jpeg,375,500,0.75,0.1875,portrait,conditionally_edible,Physcia Adscendens,8c673537f45813d1
Classes/conditionally_edible/Physcia adscendens/23225medium.jpg,3,23225medium,jpg,375,500,0.75,0.1875,portrait,conditionally_edible,Physcia Adscendens,e6624953dbda129a
Classes/conditionally_edible/Physcia adscendens/23179medium.jpeg,3,23179medium,jpeg,333,500,0.666,0.1665,portrait,conditionally_edible,Physcia Adscendens,a21a93675d87c1ae
Classes/conditionally_edible/Physcia adscendens/23460medium.jpeg,3,23460medium,jpeg,500,375,1.3333333333333333,0.1875,landscape,conditionally_edible,Physcia Adscendens,add24205a38cfef1
Classes/conditionally_edible/Physcia adscendens/23299medium.jpeg,3,23299medium,jpeg,500,500,1.0,0.25,square,conditionally_edible,Physcia Adscendens,ad6dea19238c725a
Classes/conditionally_edible/Physcia adscendens/23193medium.jpeg,3,23193medium,jpeg,500,375,1.3333333333333333,0.1875,landscape,conditionally_edible,Physcia Adscendens,fa8c25aa827accd6
Classes/conditionally_edible/pale_oyster/7.png,3,7,png,512,512,1.0,0.262144,square,conditionally_edible,Pale Oyster,d0d8bef3cb0c3470
Classes/conditionally_edible/pale_oyster/2.png,3,2,png,512,512,1.0,0.262144,square,conditionally_edible,Pale Oyster,84da1b37e1561b39
Classes/conditionally_edible/pale_oyster/8.png,3,8,png,512,512,1.0,0.262144,square,conditionally_edible,Pale Oyster,8c84c32bab2dbd36
Classes/conditionally_edible/pale_oyster/1.png,3,1,png,512,512,1.0,0.262144,square,conditionally_edible,Pale Oyster,ebf91e027185e1f0
Classes/conditionally_edible/pale_oyster/11.png,3,11,png,512,512,1.0,0.262144,square,conditionally_edible,Pale Oyster,fa819bb78471cf80
Classes/conditionally_edible/pale_oyster/5.png,3,5,png,512,512,1.0,0.262144,square,conditionally_edible,Pale Oyster,d1956e486496bdb1
Classes/conditionally_edible/Suillus granulatus/27638medium.jpeg,3,27638medium,jpeg,375,500,0.75,0.1875,portrait,conditionally_edible,Suillus Granulatus,cc0b33e61893def0
Classes/conditionally_edible/Suillus granulatus/27802medium.jpeg,3,27802medium,jpeg,500,420,1.1904761904761905,0.21,landscape,conditionally_edible,Suillus Granulatus,c43b612fb4e2e3d0
Classes/conditionally_edible/Suillus granulatus/27867medium.jpeg,3,27867medium,jpeg,375,500,0.75,0.1875,portrait,conditionally_edible,Suillus Granulatus,c35d39c29f7fa008
Classes/conditionally_edible/Suillus granulatus/27786medium.jpeg,3,27786medium,jpeg,500,333,1.5015015015015014,0.1665,landscape,conditionally_edible,Suillus Granulatus,9ac4225d26d9f69a
Classes/conditionally_edible/Suillus granulatus/27727medium.jpeg,3,27727medium,jpeg,375,500,0.75,0.1875,portrait,conditionally_edible,Suillus Granulatus,c486f28c364fb867
Classes/poisonous/Suillus_granulatus/Suillus_granulatus15.png,3,Suillus_granulatus15,png,259,194,1.3350515463917525,0.050246,landscape,conditionally_edible,Suillus Granulatus,c8c3390fe2b836c7
Classes/conditionally_edible/Suillus/250_S1OcG_Qgl2I.jpg,3,250_S1OcG_Qgl2I,jpg,800,600,1.3333333333333333,0.48,landscape,conditionally_edible,Suillus,d7c16e6cb83247c2
Classes/conditionally_edible/Suillus/047_PBZnfu9PG1M.jpg,3,047_PBZnfu9PG1M,jpg,800,535,1.4953271028037385,0.428,landscape,conditionally_edible,Suillus,d4929eb333666c4c
Classes/conditionally_edible/Suillus/134_NvCcER9WhRk.jpg,3,134_NvCcER9WhRk,jpg,800,523,1.5296367112810707,0.4184,landscape,conditionally_edible,Suillus,b4bbc21c617619cb
Classes/conditionally_edible/Suillus/183_wAGiQCl1TRA.jpg,3,183_wAGiQCl1TRA,jpg,760,569,1.3356766256590509,0.43244,landscape,conditionally_edible,Suillus,cec539d2a3cd3c03
Classes/conditionally_edible/Suillus/004_LMWP6X0bx7g.jpg,3,004_LMWP6X0bx7g,jpg,800,600,1.3333333333333333,0.48,landscape,conditionally_edible,Suillus,c5d75be43622dc41
Classes/conditionally_edible/Suillus/262_hCGPG0xjtps.jpg,3,262_hCGPG0xjtps,jpg,782,600,1.3033333333333332,0.4692,landscape,conditionally_edible,Suillus,c69e69613eb1e119
Classes/conditionally_edible/amethyst_chanterelle/7.png,3,7,png,512,512,1.0,0.262144,square,conditionally_edible,Amethyst Chanterelle,9a863d38326963f6
Classes/conditionally_edible/amethyst_chanterelle/2.png,3,2,png,512,512,1.0,0.262144,square,conditionally_edible,Amethyst Chanterelle,c0f4933a366be8c9
Classes/conditionally_edible/amethyst_chanterelle/8.png,3,8,png,512,512,1.0,0.262144,square,conditionally_edible,Amethyst Chanterelle,998ee3712339e436
Classes/conditionally_edible/amethyst_chanterelle/1.png,3,1,png,512,512,1.0,0.262144,square,conditionally_edible,Amethyst Chanterelle,cbcd74327869a299
Classes/conditionally_edible/amethyst_chanterelle/11.png,3,11,png,512,512,1.0,0.262144,square,conditionally_edible,Amethyst Chanterelle,b5d19bdeb22a2425
Classes/conditionally_edible/amethyst_chanterelle/5.png,3,5,png,512,512,1.0,0.262144,square,conditionally_edible,Amethyst Chanterelle,8e1831e979a7d2b8
Classes/conditionally_edible/weeping_widow/7.png,3,7,png,512,512,1.0,0.262144,square,conditionally_edible,Weeping Widow,c59c60636bc7b1a5
Classes/conditionally_edible/weeping_widow/2.png,3,2,png,512,512,1.0,0.262144,square,conditionally_edible,Weeping Widow,ceb1ce28702756d6
Classes/conditionally_edible/weeping_widow/8.png,3,8,png,512,512,1.0,0.262144,square,conditionally_edible,Weeping Widow,f3cbcf91919c3061
Classes/conditionally_edible/weeping_widow/1.png,3,1,png,512,512,1.0,0.262144,square,conditionally_edible,Weeping Widow,971f6abd20d02673
Classes/conditionally_edible/weeping_widow/11.png,3,11,png,512,512,1.0,0.262144,square,conditionally_edible,Weeping Widow,d38cf82534a2d4be
Classes/conditionally_edible/weeping_widow/5.png,3,5,png,512,512,1.0,0.262144,square,conditionally_edible,Weeping Widow,8dd47c4d91627267
Classes/conditionally_edible/cinnamon_bracket/1.png,3,1,png,512,512,1.0,0.262144,square,conditionally_edible,Cinnamon Bracket,d709781de4219ce7
Classes/conditionally_edible/cinnamon_bracket/4.png,3,4,png,512,512,1.0,0.262144,square,conditionally_edible,Cinnamon Bracket,809f3f306163674f
Classes/conditionally_edible/cinnamon_bracket/2.png,3,2,png,512,512,1.0,0.262144,square,conditionally_edible,Cinnamon Bracket,f9604eb79973006d
Classes/conditionally_edible/cinnamon_bracket/8.png,3,8,png,512,512,1.0,0.262144,square,conditionally_edible,Cinnamon Bracket,89703ccef193f09c
Classes/conditionally_edible/cinnamon_bracket/0.png,3,0,png,512,512,1.0,0.262144,square,conditionally_edible,Cinnamon Bracket,cc2e61c31e49f665
Classes/conditionally_edible/cinnamon_bracket/5.png,3,5,png,512,512,1.0,0.262144,square,conditionally_edible,Cinnamon Bracket,d5bb6ac02f229565
Classes/conditionally_edible/Trametes hirsuta/28883medium.jpeg,3,28883medium,jpeg,500,333,1.5015015015015014,0.1665,landscape,conditionally_edible,Trametes Hirsuta,8b1b34c5d33c8db1
Classes/conditionally_edible/Trametes hirsuta/28671medium.jpg,3,28671medium,jpg,375,500,0.75,0.1875,portrait,conditionally_edible,Trametes Hirsuta,87793832279acb1e
Classes/conditionally_edible/Trametes hirsuta/28659medium.jpg,3,28659medium,jpg,500,333,1.5015015015015014,0.1665,landscape,conditionally_edible,Trametes Hirsuta,cf3e36c11f4c0cc6
Classes/conditionally_edible/Trametes hirsuta/28706medium.jpg,3,28706medium,jpg,500,334,1.497005988023952,0.167,landscape,conditionally_edible,Trametes Hirsuta,95f87897254ad269
Classes/conditionally_edible/Trametes hirsuta/28757medium.jpeg,3,28757medium,jpeg,500,375,1.3333333333333333,0.1875,landscape,conditionally_edible,Trametes Hirsuta,9e2561de615996c9
Classes/conditionally_edible/Trametes hirsuta/28824medium.jpeg,3,28824medium,jpeg,374,500,0.748,0.187,portrait,conditionally_edible,Trametes Hirsuta,984c4cba725b6673
Classes/conditionally_edible/Phellinus tremulae/22081medium.jpeg,3,22081medium,jpeg,500,375,1.3333333333333333,0.1875,landscape,conditionally_edible,Phellinus Tremulae,e61b98d36328a7a6
Classes/conditionally_edible/Phellinus tremulae/21870medium.jpg,3,21870medium,jpg,375,500,0.75,0.1875,portrait,conditionally_edible,Phellinus Tremulae,fb8574dacb20c28b
Classes/conditionally_edible/Phellinus tremulae/22113medium.jpeg,3,22113medium,jpeg,500,333,1.5015015015015014,0.1665,landscape,conditionally_edible,Phellinus Tremulae,b59a6bb4c86c13b2
Classes/conditionally_edible/Phellinus tremulae/22062medium.jpg,3,22062medium,jpg,375,500,0.75,0.1875,portrait,conditionally_edible,Phellinus Tremulae,fb99c0466c9d545a
Classes/conditionally_edible/Phellinus tremulae/22009medium.jpeg,3,22009medium,jpeg,375,500,0.75,0.1875,portrait,conditionally_edible,Phellinus Tremulae,f86c95e103bc1e35
Classes/conditionally_edible/Phellinus tremulae/21810medium.jpeg,3,21810medium,jpeg,500,281,1.7793594306049825,0.1405,landscape,conditionally_edible,Phellinus Tremulae,a166729237399976
Classes/conditionally_edible/Lobaria pulmonaria/16756medium.jpeg,3,16756medium,jpeg,375,500,0.75,0.1875,portrait,conditionally_edible,Lobaria Pulmonaria,aa021f6ce78578d3
Classes/conditionally_edible/Lobaria pulmonaria/17028medium.jpeg,3,17028medium,jpeg,500,375,1.3333333333333333,0.1875,landscape,conditionally_edible,Lobaria Pulmonaria,97866e7c84fc9087
Classes/conditionally_edible/Lobaria pulmonaria/16829medium.jpeg,3,16829medium,jpeg,500,375,1.3333333333333333,0.1875,landscape,conditionally_edible,Lobaria Pulmonaria,e3e7c2eb3b6c2480
Classes/conditionally_edible/Lobaria pulmonaria/17097medium.jpeg,3,17097medium,jpeg,500,334,1.497005988023952,0.167,landscape,conditionally_edible,Lobaria Pulmonaria,edc2e44bd12636a6
Classes/conditionally_edible/Lobaria pulmonaria/17253medium.jpeg,3,17253medium,jpeg,500,333,1.5015015015015014,0.1665,landscape,conditionally_edible,Lobaria Pulmonaria,f6df58ba4f015902
Classes/conditionally_edible/Lobaria pulmonaria/17034medium.jpeg,3,17034medium,jpeg,500,282,1.7730496453900708,0.141,landscape,conditionally_edible,Lobaria Pulmonaria,ded522a2187ad33c
Classes/conditionally_edible/Lycoperdon perlatum/33453medium.jpg,3,33453medium,jpg,333,500,0.666,0.1665,portrait,conditionally_edible,Lycoperdon Perlatum,891e76638af6d289
Classes/conditionally_edible/Lycoperdon perlatum/33427medium.jpeg,3,33427medium,jpeg,375,500,0.75,0.1875,portrait,conditionally_edible,Lycoperdon Perlatum,cbdc6122c7cc3971
Classes/conditionally_edible/Lycoperdon perlatum/34227medium.jpg,3,34227medium,jpg,500,500,1.0,0.25,square,conditionally_edible,Lycoperdon Perlatum,9097633ed468d8f1
Classes/conditionally_edible/Lycoperdon perlatum/33780medium.jpeg,3,33780medium,jpeg,500,375,1.3333333333333333,0.1875,landscape,conditionally_edible,Lycoperdon Perlatum,87717a585487c3cd
Classes/conditionally_edible/Lycoperdon perlatum/33565medium.jpeg,3,33565medium,jpeg,375,500,0.75,0.1875,portrait,conditionally_edible,Lycoperdon Perlatum,cbd63465793886c6
Classes/conditionally_edible/Lycoperdon perlatum/33753medium.jpeg,3,33753medium,jpeg,500,375,1.3333333333333333,0.1875,landscape,conditionally_edible,Lycoperdon Perlatum,8f9c3963209e6766
Classes/conditionally_edible/false_chanterelle/7.png,3,7,png,512,512,1.0,0.262144,square,conditionally_edible,False Chanterelle,d7c31a4e3d0c62bc
Classes/conditionally_edible/false_chanterelle/2.png,3,2,png,512,512,1.0,0.262144,square,conditionally_edible,False Chanterelle,86d3772c396db4c0
Classes/conditionally_edible/false_chanterelle/8.png,3,8,png,512,512,1.0,0.262144,square,conditionally_edible,False Chanterelle,92d6967161696d87
Classes/conditionally_edible/false_chanterelle/1.png,3,1,png,512,512,1.0,0.262144,square,conditionally_edible,False Chanterelle,9ccd693396666299
Classes/conditionally_edible/false_chanterelle/11.png,3,11,png,512,512,1.0,0.262144,square,conditionally_edible,False Chanterelle,c78558187a7727a6
Classes/conditionally_edible/false_chanterelle/5.png,3,5,png,512,512,1.0,0.262144,square,conditionally_edible,False Chanterelle,f3e4e68d8cd91530
Classes/conditionally_edible/Leccinum versipelle/16179medium.jpg,3,16179medium,jpg,375,500,0.75,0.1875,portrait,conditionally_edible,Leccinum Versipelle,ce8833669ddd1931
Classes/conditionally_edible/Leccinum versipelle/16322medium.jpg,3,16322medium,jpg,500,370,1.351351351351351,0.185,landscape,conditionally_edible,Leccinum Versipelle,89dc7277e7188c46
Classes/conditionally_edible/Leccinum versipelle/15973medium.jpg,3,15973medium,jpg,500,334,1.497005988023952,0.167,landscape,conditionally_edible,Leccinum Versipelle,dc85a7d80b37c29c
Classes/conditionally_edible/Leccinum versipelle/16277medium.jpg,3,16277medium,jpg,375,500,0.75,0.1875,portrait,conditionally_edible,Leccinum Versipelle,8e1939dece184373
Classes/conditionally_edible/Leccinum versipelle/16302medium.jpg,3,16302medium,jpg,375,500,0.75,0.1875,portrait,conditionally_edible,Leccinum Versipelle,f184f264b52496de
Classes/conditionally_edible/Leccinum versipelle/16195medium.jpg,3,16195medium,jpg,500,333,1.5015015015015014,0.1665,landscape,conditionally_edible,Leccinum Versipelle,f85526639c9c4b35
Classes/conditionally_edible/Tricholomopsis rutilans/31318medium.jpeg,3,31318medium,jpeg,225,500,0.45,0.1125,portrait,conditionally_edible,Tricholomopsis Rutilans,cea628e3d8796836
Classes/conditionally_edible/Tricholomopsis rutilans/31352medium.jpeg,3,31352medium,jpeg,500,333,1.5015015015015014,0.1665,landscape,conditionally_edible,Tricholomopsis Rutilans,cbbc29cb12715b38
Classes/conditionally_edible/Tricholomopsis rutilans/31208medium.jpg,3,31208medium,jpg,375,500,0.75,0.1875,portrait,conditionally_edible,Tricholomopsis Rutilans,9c3b29f6664a2956
Classes/conditionally_edible/Tricholomopsis rutilans/31245medium.jpg,3,31245medium,jpg,500,375,1.3333333333333333,0.1875,landscape,conditionally_edible,Tricholomopsis Rutilans,cf1c30c1f9ccc6e1
Classes/conditionally_edible/Tricholomopsis rutilans/31147medium.jpeg,3,31147medium,jpeg,375,500,0.75,0.1875,portrait,conditionally_edible,Tricholomopsis Rutilans,c3917c381ea5623f
Classes/conditionally_edible/Tricholomopsis rutilans/31123medium.jpeg,3,31123medium,jpeg,375,500,0.75,0.1875,portrait,conditionally_edible,Tricholomopsis Rutilans,ccd1716e85964c7a
Classes/conditionally_edible/hoof_fungus/1.png,3,1,png,512,512,1.0,0.262144,square,conditionally_edible,Hoof Fungus,93f160d6925ad8d9
Classes/conditionally_edible/hoof_fungus/9.png,3,9,png,512,512,1.0,0.262144,square,conditionally_edible,Hoof Fungus,9bd39a116261679e
Classes/conditionally_edible/hoof_fungus/6.png,3,6,png,512,512,1.0,0.262144,square,conditionally_edible,Hoof Fungus,cd9e786185871e9a
Classes/conditionally_edible/hoof_fungus/8.png,3,8,png,512,512,1.0,0.262144,square,conditionally_edible,Hoof Fungus,a5855a2ab5d68a5b
Classes/conditionally_edible/hoof_fungus/3.png,3,3,png,512,512,1.0,0.262144,square,conditionally_edible,Hoof Fungus,83923c6572e64f4e
Classes/conditionally_edible/hoof_fungus/4.png,3,4,png,512,512,1.0,0.262144,square,conditionally_edible,Hoof Fungus,879b39683737c24a
Classes/conditionally_edible/freckled_dapperling/7.png,3,7,png,512,512,1.0,0.262144,square,conditionally_edible,Freckled Dapperling,e7803839b34bf323
Classes/conditionally_edible/freckled_dapperling/2.png,3,2,png,512,512,1.0,0.262144,square,conditionally_edible,Freckled Dapperling,81967e7868e5264f
Classes/conditionally_edible/freckled_dapperling/8.png,3,8,png,512,512,1.0,0.262144,square,conditionally_edible,Freckled Dapperling,d5c46b19c4d29b2d
Classes/conditionally_edible/freckled_dapperling/1.png,3,1,png,512,512,1.0,0.262144,square,conditionally_edible,Freckled Dapperling,94536c6fa8f4a531
Classes/conditionally_edible/freckled_dapperling/11.png,3,11,png,512,512,1.0,0.262144,square,conditionally_edible,Freckled Dapperling,96902967c7368bdc
Classes/conditionally_edible/freckled_dapperling/5.png,3,5,png,512,512,1.0,0.262144,square,conditionally_edible,Freckled Dapperling,bd81a3b10db2b359
Classes/conditionally_edible/grey_knight/7.png,3,7,png,512,512,1.0,0.262144,square,conditionally_edible,Grey Knight,c5b47b4ad3913466
Classes/conditionally_edible/grey_knight/2.png,3,2,png,512,512,1.0,0.262144,square,conditionally_edible,Grey Knight,c5e63aa978c541f8
Classes/conditionally_edible/grey_knight/8.png,3,8,png,512,512,1.0,0.262144,square,conditionally_edible,Grey Knight,c1876ff98506da1c
Classes/conditionally_edible/grey_knight/1.png,3,1,png,512,512,1.0,0.262144,square,conditionally_edible,Grey Knight,94da27b1da8646d9
Classes/conditionally_edible/grey_knight/11.png,3,11,png,512,512,1.0,0.262144,square,conditionally_edible,Grey Knight,a2831f79e4c914b7
Classes/conditionally_edible/grey_knight/5.png,3,5,png,512,512,1.0,0.262144,square,conditionally_edible,Grey Knight,e68e1970b49d59e1
Classes/conditionally_edible/Nectria cinnabarina/18878medium.jpg,3,18878medium,jpg,500,334,1.497005988023952,0.167,landscape,conditionally_edible,Nectria Cinnabarina,ea156041dfb127ec
Classes/conditionally_edible/Nectria cinnabarina/19133medium.jpg,3,19133medium,jpg,500,375,1.3333333333333333,0.1875,landscape,conditionally_edible,Nectria Cinnabarina,a737c5053e59d982
Classes/conditionally_edible/Nectria cinnabarina/18963medium.jpg,3,18963medium,jpg,500,334,1.497005988023952,0.167,landscape,conditionally_edible,Nectria Cinnabarina,cf54c420dbdd34a6
Classes/conditionally_edible/Nectria cinnabarina/19017medium.jpeg,3,19017medium,jpeg,500,375,1.3333333333333333,0.1875,landscape,conditionally_edible,Nectria Cinnabarina,94c5c1a5d72e3dc8
Classes/conditionally_edible/Nectria cinnabarina/19123medium.jpg,3,19123medium,jpg,375,500,0.75,0.1875,portrait,conditionally_edible,Nectria Cinnabarina,b8f9bca0020e7eda
Classes/conditionally_edible/Nectria cinnabarina/18943medium.jpg,3,18943medium,jpg,500,375,1.3333333333333333,0.1875,landscape,conditionally_edible,Nectria Cinnabarina,f72a3f409f326486
Classes/conditionally_edible/white_dapperling/7.png,3,7,png,512,512,1.0,0.262144,square,conditionally_edible,White Dapperling,c5521ec93c7d3835
Classes/conditionally_edible/white_dapperling/2.png,3,2,png,512,512,1.0,0.262144,square,conditionally_edible,White Dapperling,cc9933cc663361e6
Classes/conditionally_edible/white_dapperling/8.png,3,8,png,512,512,1.0,0.262144,square,conditionally_edible,White Dapperling,9493e268796eb495
Classes/conditionally_edible/white_dapperling/1.png,3,1,png,512,512,1.0,0.262144,square,conditionally_edible,White Dapperling,99671ecf18593139
Classes/conditionally_edible/white_dapperling/11.png,3,11,png,512,512,1.0,0.262144,square,conditionally_edible,White Dapperling,c79f786c31646133
Classes/conditionally_edible/white_dapperling/5.png,3,5,png,512,512,1.0,0.262144,square,conditionally_edible,White Dapperling,845e6e6d20e6939b
Classes/conditionally_edible/Trametes ochracea/28954medium.jpg,3,28954medium,jpg,500,375,1.3333333333333333,0.1875,landscape,conditionally_edible,Trametes Ochracea,9edc0b23f8c72496
Classes/conditionally_edible/Trametes ochracea/29179medium.jpg,3,29179medium,jpg,500,333,1.5015015015015014,0.1665,landscape,conditionally_edible,Trametes Ochracea,86c47873a719566e
Classes/conditionally_edible/Trametes ochracea/29059medium.jpg,3,29059medium,jpg,500,333,1.5015015015015014,0.1665,landscape,conditionally_edible,Trametes Ochracea,8e97337cdd238291
Classes/conditionally_edible/Trametes ochracea/28972medium.jpeg,3,28972medium,jpeg,225,500,0.45,0.1125,portrait,conditionally_edible,Trametes Ochracea,9407f3b909965f13
Classes/conditionally_edible/Trametes ochracea/29080medium.jpg,3,29080medium,jpg,500,375,1.3333333333333333,0.1875,landscape,conditionally_edible,Trametes Ochracea,e06b3b945f6eb041
Classes/conditionally_edible/Trametes ochracea/28994medium.jpeg,3,28994medium,jpeg,500,375,1.3333333333333333,0.1875,landscape,conditionally_edible,Trametes Ochracea,c7c77900a53cdacc
Classes/conditionally_edible/Mushrooms/Agaricus/161_RDqakBMM2xc.jpg,4,161_RDqakBMM2xc,jpg,750,542,1.3837638376383763,0.4065,landscape,conditionally_edible,Agaricus,d3ac8ccb26c7c4a9
Classes/conditionally_edible/Mushrooms/Agaricus/002_hNh3aQSH-ZM.jpg,4,002_hNh3aQSH-ZM,jpg,700,524,1.3358778625954195,0.3668,landscape,conditionally_edible,Agaricus,c09e7f70a5067636
Classes/conditionally_edible/Mushrooms/Agaricus/021_4oXjCmKNCRU.jpg,4,021_4oXjCmKNCRU,jpg,800,523,1.5296367112810707,0.4184,landscape,conditionally_edible,Agaricus,91b676982c4b3e4d
Classes/conditionally_edible/Mushrooms/Agaricus/069_W-jISbXJon8.jpg,4,069_W-jISbXJon8,jpg,800,531,1.5065913370998116,0.4248,landscape,conditionally_edible,Agaricus,cfc73c1c26323267
Classes/conditionally_edible/Mushrooms/Agaricus/431_gJo_HRZJzhM.jpg,4,431_gJo_HRZJzhM,jpg,800,579,1.381692573402418,0.4632,landscape,conditionally_edible,Agaricus,90865b686ea7957a
Classes/conditionally_edible/Mushrooms/Agaricus/395_m9eHXuP_Qq4.jpg,4,395_m9eHXuP_Qq4,jpg,800,547,1.4625228519195612,0.4376,landscape,conditionally_edible,Agaricus,a49c5ab2a73eb264
Classes/conditionally_edible/Mushrooms/Russula/521_nVzZeovsIoc.jpg,4,521_nVzZeovsIoc,jpg,800,531,1.5065913370998116,0.4248,landscape,conditionally_edible,Russula,cc6673dd344963c8
Classes/conditionally_edible/Mushrooms/Russula/761_PoCeQSN4r0Y.jpg,4,761_PoCeQSN4r0Y,jpg,800,635,1.2598425196850394,0.508,landscape,conditionally_edible,Russula,c19e5aaff53094d0
Classes/conditionally_edible/Mushrooms/Russula/557_Nt4qE54NwVg.jpg,4,557_Nt4qE54NwVg,jpg,800,536,1.492537313432836,0.4288,landscape,conditionally_edible,Russula,cef6306833980f6e
Classes/conditionally_edible/Mushrooms/Russula/192_9BhU66iVnx0.jpg,4,192_9BhU66iVnx0,jpg,800,479,1.6701461377870563,0.3832,landscape,conditionally_edible,Russula,d9c34e8c3162adba
Classes/conditionally_edible/Mushrooms/Russula/566_j2eyBRRMsFg.jpg,4,566_j2eyBRRMsFg,jpg,800,531,1.5065913370998116,0.4248,landscape,conditionally_edible,Russula,c33c3ac2245bd89f
Classes/conditionally_edible/Mushrooms/Russula/006_EuhwpcQAbXc.jpg,4,006_EuhwpcQAbXc,jpg,800,610,1.3114754098360657,0.488,landscape,conditionally_edible,Russula,929c3cb3496837a7
Classes/conditionally_edible/Mushrooms/Entoloma/310_onm_rWNVkkE.jpg,4,310_onm_rWNVkkE,jpg,800,584,1.36986301369863,0.4672,landscape,conditionally_edible,Entoloma,ffdde426680cc123
Classes/conditionally_edible/Mushrooms/Entoloma/030_yMtAq1C2U4Q.jpg,4,030_yMtAq1C2U4Q,jpg,800,535,1.4953271028037385,0.428,landscape,conditionally_edible,Entoloma,f8960ff0700555f3
Classes/conditionally_edible/Mushrooms/Entoloma/157_aJkMO4jgOy8.jpg,4,157_aJkMO4jgOy8,jpg,800,502,1.593625498007968,0.4016,landscape,conditionally_edible,Entoloma,c4dc59d23bc2c4e5
Classes/conditionally_edible/Mushrooms/Entoloma/316_J5rfJSlTHGE.jpg,4,316_J5rfJSlTHGE,jpg,800,513,1.5594541910331383,0.4104,landscape,conditionally_edible,Entoloma,91e0669d8f1e9e68
Classes/conditionally_edible/Mushrooms/Entoloma/028_ep6xNTtGRbM.jpg,4,028_ep6xNTtGRbM,jpg,800,600,1.3333333333333333,0.48,landscape,conditionally_edible,Entoloma,abb1544ba8478bae
Classes/conditionally_edible/Mushrooms/Entoloma/000_pIBnrKk4HoA.jpg,4,000_pIBnrKk4HoA,jpg,1200,921,1.3029315960912051,1.1052,landscape,conditionally_edible,Entoloma,f1a5b628e493d8e4
Classes/conditionally_edible/Mushrooms/Hygrocybe/245_Ixj-utvJdrU.jpg,4,245_Ixj-utvJdrU,jpg,800,551,1.4519056261343013,0.4408,landscape,conditionally_edible,Hygrocybe,8aae139939b5e54c
Classes/conditionally_edible/Mushrooms/Hygrocybe/324_i_HfaujY_TE.jpg,4,324_i_HfaujY_TE,jpg,800,589,1.3582342954159592,0.4712,landscape,conditionally_edible,Hygrocybe,9e393167a6d8d2d0
Classes/conditionally_edible/Mushrooms/Hygrocybe/328_HFCvmjs9cw4.jpg,4,328_HFCvmjs9cw4,jpg,800,548,1.45985401459854,0.4384,landscape,conditionally_edible,Hygrocybe,b0b44b4ae65b9a8e
Classes/conditionally_edible/Mushrooms/Hygrocybe/097_EPEGP8ahR20.jpg,4,097_EPEGP8ahR20,jpg,800,600,1.3333333333333333,0.48,landscape,conditionally_edible,Hygrocybe,819a0ee578797c66
Classes/conditionally_edible/Mushrooms/Hygrocybe/179_-d2avxABBac.jpg,4,179_-d2avxABBac,jpg,800,600,1.3333333333333333,0.48,landscape,conditionally_edible,Hygrocybe,8fdd681231feccc0
Classes/conditionally_edible/Mushrooms/Hygrocybe/181_GCIMCymbYLk.jpg,4,181_GCIMCymbYLk,jpg,800,600,1.3333333333333333,0.48,landscape,conditionally_edible,Hygrocybe,a8677e894516137b
Classes/conditionally_edible/Mushrooms/Amanita/148_7J03jWy2i2o.jpg,4,148_7J03jWy2i2o,jpg,620,476,1.3025210084033614,0.29512,landscape,conditionally_edible,Amanita,93dc3c2b6261f11e
Classes/conditionally_edible/Mushrooms/Amanita/694_GPF2FY4uRd4.jpg,4,694_GPF2FY4uRd4,jpg,800,600,1.3333333333333333,0.48,landscape,conditionally_edible,Amanita,c4e73fd0c0313dca
Classes/conditionally_edible/Mushrooms/Amanita/106_uq4J1lNPq_E.jpg,4,106_uq4J1lNPq_E,jpg,698,550,1.269090909090909,0.3839,landscape,conditionally_edible,Amanita,c2993c0e9af3217e
Classes/conditionally_edible/Mushrooms/Amanita/194__2kBAgeqxZc.jpg,4,194__2kBAgeqxZc,jpg,950,712,1.3342696629213484,0.6764,landscape,conditionally_edible,Amanita,8e9fb3324387b618
Classes/conditionally_edible/Mushrooms/Amanita/688_3XWXY5sDhZI.jpg,4,688_3XWXY5sDhZI,jpg,700,470,1.4893617021276595,0.329,landscape,conditionally_edible,Amanita,811e31c54e313fdb
Classes/conditionally_edible/Mushrooms/Amanita/217_tvBg2PMmxcY.jpg,4,217_tvBg2PMmxcY,jpg,570,404,1.4108910891089108,0.23028,landscape,conditionally_edible,Amanita,d0ad04da4b8e6e6e
Classes/conditionally_edible/Mushrooms/Boletus/0590_U1iXqaOG__4.jpg,4,0590_U1iXqaOG__4,jpg,600,450,1.3333333333333333,0.27,landscape,conditionally_edible,Boletus,c3d0359f1a7a60e5
Classes/conditionally_edible/Mushrooms/Boletus/1071_Aoxn-yt7XSk.jpg,4,1071_Aoxn-yt7XSk,jpg,960,685,1.4014598540145986,0.6576,landscape,conditionally_edible,Boletus,914b2eb6e8493e74
Classes/conditionally_edible/Mushrooms/Boletus/0119_X2EFkFvU5Kw.jpg,4,0119_X2EFkFvU5Kw,jpg,973,730,1.332876712328767,0.71029,landscape,conditionally_edible,Boletus,dbc7829965678217
Classes/conditionally_edible/Mushrooms/Boletus/0839__L3OdEzm-GA.jpg,4,0839__L3OdEzm-GA,jpg,900,585,1.5384615384615383,0.5265,landscape,conditionally_edible,Boletus,ce80303f7cb9c0af
Classes/conditionally_edible/Mushrooms/Boletus/0040_V3ruyiKYD74.jpg,4,0040_V3ruyiKYD74,jpg,940,744,1.2634408602150538,0.69936,landscape,conditionally_edible,Boletus,c6a036c3bf65017e
Classes/conditionally_edible/Mushrooms/Boletus/0178_x3a9zoo45g8.jpg,4,0178_x3a9zoo45g8,jpg,1024,695,1.4733812949640288,0.71168,landscape,conditionally_edible,Boletus,ecd2853c275ae43c
Classes/conditionally_edible/Mushrooms/Lactarius/0763_qQP_XNYeDSg.jpg,4,0763_qQP_XNYeDSg,jpg,640,476,1.3445378151260503,0.30464,landscape,conditionally_edible,Lactarius,87d1596dace0c39c
Classes/conditionally_edible/Mushrooms/Lactarius/223_wyxrsRyGGDo.jpg,4,223_wyxrsRyGGDo,jpg,700,465,1.5053763440860215,0.3255,landscape,conditionally_edible,Lactarius,a4e389eda5dc2e03
Classes/conditionally_edible/Mushrooms/Lactarius/0619_VZkd3z7yS-0.jpg,4,0619_VZkd3z7yS-0,jpg,800,600,1.3333333333333333,0.48,landscape,conditionally_edible,Lactarius,f5911f32b9e8c5a0
Classes/conditionally_edible/Mushrooms/Lactarius/0971_Hp0rIAYjCR8.jpg,4,0971_Hp0rIAYjCR8,jpg,800,536,1.492537313432836,0.4288,landscape,conditionally_edible,Lactarius,859430c6c2badafb
Classes/conditionally_edible/Mushrooms/Lactarius/0144_VYJVJBrmXiU.jpg,4,0144_VYJVJBrmXiU,jpg,680,464,1.4655172413793105,0.31552,landscape,conditionally_edible,Lactarius,cb9f65f0cb683830
Classes/conditionally_edible/Mushrooms/Lactarius/1090_f07wPk12HYo.jpg,4,1090_f07wPk12HYo,jpg,800,600,1.3333333333333333,0.48,landscape,conditionally_edible,Lactarius,81d06e37e16d36d2
Classes/conditionally_edible/brown_rollrim/7.png,3,7,png,512,512,1.0,0.262144,square,conditionally_edible,Brown Rollrim,c4a06f5a3d8f3a25
Classes/conditionally_edible/brown_rollrim/2.png,3,2,png,512,512,1.0,0.262144,square,conditionally_edible,Brown Rollrim,97613a9d654ac26b
Classes/conditionally_edible/brown_rollrim/8.png,3,8,png,512,512,1.0,0.262144,square,conditionally_edible,Brown Rollrim,99d8661ed9cd6c60
Classes/conditionally_edible/brown_rollrim/1.png,3,1,png,512,512,1.0,0.262144,square,conditionally_edible,Brown Rollrim,a5971d7268c38d9c
Classes/conditionally_edible/brown_rollrim/11.png,3,11,png,512,512,1.0,0.262144,square,conditionally_edible,Brown Rollrim,87c178c8617fb386
Classes/conditionally_edible/brown_rollrim/5.png,3,5,png,512,512,1.0,0.262144,square,conditionally_edible,Brown Rollrim,c3c03c3eb071abe9
Classes/conditionally_edible/egghead_mottlegill/7.png,3,7,png,512,512,1.0,0.262144,square,conditionally_edible,Egghead Mottlegill,dda3cd6462269c99
Classes/conditionally_edible/egghead_mottlegill/2.png,3,2,png,512,512,1.0,0.262144,square,conditionally_edible,Egghead Mottlegill,c6ef7c38813db1c0
Classes/conditionally_edible/egghead_mottlegill/8.png,3,8,png,512,512,1.0,0.262144,square,conditionally_edible,Egghead Mottlegill,c8d8f6766666c889
Classes/conditionally_edible/egghead_mottlegill/1.png,3,1,png,512,512,1.0,0.262144,square,conditionally_edible,Egghead Mottlegill,89e6583c313b338f
Classes/conditionally_edible/egghead_mottlegill/11.png,3,11,png,512,512,1.0,0.262144,square,conditionally_edible,Egghead Mottlegill,99c8d1d263327667
Classes/conditionally_edible/egghead_mottlegill/5.png,3,5,png,512,512,1.0,0.262144,square,conditionally_edible,Egghead Mottlegill,bb8d6485c998f20f
Classes/conditionally_edible/pink_waxcap/7.png,3,7,png,512,512,1.0,0.262144,square,conditionally_edible,Pink Waxcap,99b469cb368f3981
Classes/conditionally_edible/pink_waxcap/2.png,3,2,png,512,512,1.0,0.262144,square,conditionally_edible,Pink Waxcap,95886852e5399fe5
Classes/conditionally_edible/pink_waxcap/8.png,3,8,png,512,512,1.0,0.262144,square,conditionally_edible,Pink Waxcap,8ccc52337331bdcc
Classes/conditionally_edible/pink_waxcap/1.png,3,1,png,512,512,1.0,0.262144,square,conditionally_edible,Pink Waxcap,f2e49ecbb332a890
Classes/conditionally_edible/pink_waxcap/11.png,3,11,png,512,512,1.0,0.262144,square,conditionally_edible,Pink Waxcap,d88d65b2d665309e
Classes/conditionally_edible/pink_waxcap/5.png,3,5,png,512,512,1.0,0.262144,square,conditionally_edible,Pink Waxcap,9bb6697365c16468
Classes/conditionally_edible/Lactarius turpis/14882medium.jpg,3,14882medium,jpg,375,500,0.75,0.1875,portrait,conditionally_edible,Lactarius Turpis,a3d42176d21f5c0f
Classes/conditionally_edible/Lactarius turpis/14695medium.jpeg,3,14695medium,jpeg,496,500,0.992,0.248,portrait,conditionally_edible,Lactarius Turpis,d72c5a0e2134cd7e
Classes/conditionally_edible/Lactarius turpis/14777medium.jpeg,3,14777medium,jpeg,281,500,0.562,0.1405,portrait,conditionally_edible,Lactarius Turpis,a4dadbe4e09a0d2b
Classes/conditionally_edible/Lactarius turpis/14902medium.jpeg,3,14902medium,jpeg,375,500,0.75,0.1875,portrait,conditionally_edible,Lactarius Turpis,ec50e278f987314e
Classes/conditionally_edible/Lactarius turpis/14844medium.jpeg,3,14844medium,jpeg,500,333,1.5015015015015014,0.1665,landscape,conditionally_edible,Lactarius Turpis,934d6c93c53be168
Classes/conditionally_edible/Lactarius turpis/14688medium.jpg,3,14688medium,jpg,375,500,0.75,0.1875,portrait,conditionally_edible,Lactarius Turpis,81562853b7ca9fb8
Classes/conditionally_edible/Leccinum albostipitatum/15008medium.jpeg,3,15008medium,jpeg,375,500,0.75,0.1875,portrait,conditionally_edible,Leccinum Albostipitatum,cefc319ec3253388
Classes/conditionally_edible/Leccinum albostipitatum/15106medium.jpg,3,15106medium,jpg,500,334,1.497005988023952,0.167,landscape,conditionally_edible,Leccinum Albostipitatum,875e1da14d8e52b9
Classes/conditionally_edible/Leccinum albostipitatum/15362medium.jpeg,3,15362medium,jpeg,500,442,1.1312217194570136,0.221,landscape,conditionally_edible,Leccinum Albostipitatum,981da6d6af287272
Classes/conditionally_edible/leccinum_albostipitatum/7.png,3,7,png,512,512,1.0,0.262144,square,conditionally_edible,Leccinum Albostipitatum,9965d699bd740259
Classes/conditionally_edible/Leccinum albostipitatum/15117medium.jpg,3,15117medium,jpg,375,500,0.75,0.1875,portrait,conditionally_edible,Leccinum Albostipitatum,aaaa668ccd81b76a
Classes/conditionally_edible/Leccinum albostipitatum/14987medium.jpg,3,14987medium,jpg,375,500,0.75,0.1875,portrait,conditionally_edible,Leccinum Albostipitatum,c9b3724c716edc21
Classes/conditionally_edible/stubble_rosegill/7.png,3,7,png,512,512,1.0,0.262144,square,conditionally_edible,Stubble Rosegill,da247827768b8dc9
Classes/conditionally_edible/stubble_rosegill/2.png,3,2,png,512,512,1.0,0.262144,square,conditionally_edible,Stubble Rosegill,c40f7faaa0934f8a
Classes/conditionally_edible/stubble_rosegill/8.png,3,8,png,512,512,1.0,0.262144,square,conditionally_edible,Stubble Rosegill,9c9a706135ddc317
Classes/conditionally_edible/stubble_rosegill/1.png,3,1,png,512,512,1.0,0.262144,square,conditionally_edible,Stubble Rosegill,96cf7561c6da8708
Classes/conditionally_edible/stubble_rosegill/11.png,3,11,png,512,512,1.0,0.262144,square,conditionally_edible,Stubble Rosegill,87cb2d38349693d3
Classes/conditionally_edible/stubble_rosegill/5.png,3,5,png,512,512,1.0,0.262144,square,conditionally_edible,Stubble Rosegill,86c7783cb53192a7
Classes/conditionally_edible/fragrant_funnel/7.png,3,7,png,512,512,1.0,0.262144,square,conditionally_edible,Fragrant Funnel,c0c92625b67e9f58
Classes/conditionally_edible/fragrant_funnel/2.png,3,2,png,512,512,1.0,0.262144,square,conditionally_edible,Fragrant Funnel,a1962e62de291d97
Classes/conditionally_edible/fragrant_funnel/8.png,3,8,png,512,512,1.0,0.262144,square,conditionally_edible,Fragrant Funnel,82f82dc5749f351a
Classes/conditionally_edible/fragrant_funnel/1.png,3,1,png,512,512,1.0,0.262144,square,conditionally_edible,Fragrant Funnel,cf4d3432659339c3
Classes/conditionally_edible/fragrant_funnel/11.png,3,11,png,512,512,1.0,0.262144,square,conditionally_edible,Fragrant Funnel,c5913e2e78d8c86e
Classes/conditionally_edible/fragrant_funnel/5.png,3,5,png,512,512,1.0,0.262144,square,conditionally_edible,Fragrant Funnel,86b2793c2e6dc493
Classes/conditionally_edible/glistening_inkcap/7.png,3,7,png,512,512,1.0,0.262144,square,conditionally_edible,Glistening Inkcap,c7994afa29086ef4
Classes/conditionally_edible/glistening_inkcap/2.png,3,2,png,512,512,1.0,0.262144,square,conditionally_edible,Glistening Inkcap,f7e16a962926a178
Classes/conditionally_edible/glistening_inkcap/8.png,3,8,png,512,512,1.0,0.262144,square,conditionally_edible,Glistening Inkcap,fc80da6e6ca0b372
Classes/conditionally_edible/glistening_inkcap/1.png,3,1,png,512,512,1.0,0.262144,square,conditionally_edible,Glistening Inkcap,81c76f6131b6563c
Classes/conditionally_edible/glistening_inkcap/11.png,3,11,png,512,512,1.0,0.262144,square,conditionally_edible,Glistening Inkcap,b0972649cce6b8f2
Classes/conditionally_edible/glistening_inkcap/5.png,3,5,png,512,512,1.0,0.262144,square,conditionally_edible,Glistening Inkcap,82e57d3d3ca0b968
Classes/conditionally_edible/Sarcomyxa serotina/26048medium.jpeg,3,26048medium,jpeg,500,392,1.2755102040816326,0.196,landscape,conditionally_edible,Sarcomyxa Serotina,8f253c63c1de8e98
Classes/conditionally_edible/Sarcomyxa serotina/26194medium.jpg,3,26194medium,jpg,500,500,1.0,0.25,square,conditionally_edible,Sarcomyxa Serotina,c576698abe43538c
Classes/conditionally_edible/Sarcomyxa serotina/26049medium.jpeg,3,26049medium,jpeg,500,333,1.5015015015015014,0.1665,landscape,conditionally_edible,Sarcomyxa Serotina,92bc696332dd941e
Classes/conditionally_edible/Sarcomyxa serotina/26088medium.jpg,3,26088medium,jpg,500,375,1.3333333333333333,0.1875,landscape,conditionally_edible,Sarcomyxa Serotina,c7ae18c1e935e515
Classes/conditionally_edible/Sarcomyxa serotina/26100medium.jpeg,3,26100medium,jpeg,500,375,1.3333333333333333,0.1875,landscape,conditionally_edible,Sarcomyxa Serotina,84a04f07ac1ff1db
Classes/conditionally_edible/Sarcomyxa serotina/26189medium.jpeg,3,26189medium,jpeg,500,333,1.5015015015015014,0.1665,landscape,conditionally_edible,Sarcomyxa Serotina,8e8c61d04975dcaf
Classes/conditionally_edible/frosted_chanterelle/1.png,3,1,png,512,512,1.0,0.262144,square,conditionally_edible,Frosted Chanterelle,c6b03eadb1b0b899
Classes/conditionally_edible/frosted_chanterelle/3.png,3,3,png,512,512,1.0,0.262144,square,conditionally_edible,Frosted Chanterelle,8fbb38cc129c13b3
Classes/conditionally_edible/frosted_chanterelle/8.png,3,8,png,512,512,1.0,0.262144,square,conditionally_edible,Frosted Chanterelle,86b36bcc98c2b587
Classes/conditionally_edible/frosted_chanterelle/2.png,3,2,png,512,512,1.0,0.262144,square,conditionally_edible,Frosted Chanterelle,87073238c99fb47c
Classes/conditionally_edible/frosted_chanterelle/5.png,3,5,png,512,512,1.0,0.262144,square,conditionally_edible,Frosted Chanterelle,d6be4961339348c7
Classes/conditionally_edible/frosted_chanterelle/11.png,3,11,png,512,512,1.0,0.262144,square,conditionally_edible,Frosted Chanterelle,f04603a73db35bc4
Classes/conditionally_edible/Evernia prunastri/11708medium.jpeg,3,11708medium,jpeg,281,500,0.562,0.1405,portrait,conditionally_edible,Evernia Prunastri,a3f9253a36a434cb
Classes/conditionally_edible/Evernia prunastri/11713medium.jpeg,3,11713medium,jpeg,500,448,1.1160714285714286,0.224,landscape,conditionally_edible,Evernia Prunastri,aa98dc2bc766ea60
Classes/conditionally_edible/Evernia prunastri/11015medium.jpeg,3,11015medium,jpeg,392,500,0.784,0.196,portrait,conditionally_edible,Evernia Prunastri,d4b422c2e5fac9cc
Classes/conditionally_edible/Evernia prunastri/11471medium.jpeg,3,11471medium,jpeg,500,374,1.3368983957219251,0.187,landscape,conditionally_edible,Evernia Prunastri,96a169320e7e1b5e
Classes/conditionally_edible/Evernia prunastri/10923medium.jpeg,3,10923medium,jpeg,500,375,1.3333333333333333,0.1875,landscape,conditionally_edible,Evernia Prunastri,f4f6cbcb3c18c064
Classes/conditionally_edible/Evernia prunastri/10831medium.jpeg,3,10831medium,jpeg,383,418,0.916267942583732,0.160094,portrait,conditionally_edible,Evernia Prunastri,e793841c99ed9c16
Classes/conditionally_edible/Fomes fomentarius/15123medium.jpg,3,15123medium,jpg,500,500,1.0,0.25,square,conditionally_edible,Fomes Fomentarius,80871fc93fc0d23f
Classes/conditionally_edible/Fomes fomentarius/17068medium.jpg,3,17068medium,jpg,375,500,0.75,0.1875,portrait,conditionally_edible,Fomes Fomentarius,9b36a49926f29972
Classes/conditionally_edible/Fomes fomentarius/15796medium.jpg,3,15796medium,jpg,375,500,0.75,0.1875,portrait,conditionally_edible,Fomes Fomentarius,94fb06f2f008f0f5
Classes/conditionally_edible/Fomes fomentarius/13484medium.jpeg,3,13484medium,jpeg,375,500,0.75,0.1875,portrait,conditionally_edible,Fomes Fomentarius,d269629c3c8b91ee
Classes/conditionally_edible/Fomes fomentarius/12053medium.jpeg,3,12053medium,jpeg,375,500,0.75,0.1875,portrait,conditionally_edible,Fomes Fomentarius,cdd6133439dbc246
Classes/conditionally_edible/Fomes fomentarius/12290medium.jpeg,3,12290medium,jpeg,500,403,1.2406947890818858,0.2015,landscape,conditionally_edible,Fomes Fomentarius,cecb66649b9838a9
Classes/conditionally_edible/butter_cap/7.png,3,7,png,512,512,1.0,0.262144,square,conditionally_edible,Butter Cap,a59d08bc5d282f2f
Classes/conditionally_edible/butter_cap/2.png,3,2,png,512,512,1.0,0.262144,square,conditionally_edible,Butter Cap,f5d281691636aa8f
Classes/conditionally_edible/butter_cap/8.png,3,8,png,512,512,1.0,0.262144,square,conditionally_edible,Butter Cap,94de6ba9e454983a
Classes/conditionally_edible/butter_cap/1.png,3,1,png,512,512,1.0,0.262144,square,conditionally_edible,Butter Cap,95c24b523d593cb9
Classes/conditionally_edible/butter_cap/11.png,3,11,png,512,512,1.0,0.262144,square,conditionally_edible,Butter Cap,94626bf5399234da
Classes/conditionally_edible/butter_cap/5.png,3,5,png,512,512,1.0,0.262144,square,conditionally_edible,Butter Cap,c4870e2e6d797351
Classes/conditionally_edible/Leccinum scabrum/32107medium.jpg,3,32107medium,jpg,500,333,1.5015015015015014,0.1665,landscape,conditionally_edible,Leccinum Scabrum,c6f610a081d93e7f
Classes/conditionally_edible/Leccinum scabrum/32641medium.jpeg,3,32641medium,jpeg,375,500,0.75,0.1875,portrait,conditionally_edible,Leccinum Scabrum,ac8ae2b9ce1a857a
Classes/conditionally_edible/Leccinum scabrum/32588medium.jpg,3,32588medium,jpg,375,500,0.75,0.1875,portrait,conditionally_edible,Leccinum Scabrum,991433a719f6e466
Classes/conditionally_edible/Leccinum scabrum/31853medium.jpeg,3,31853medium,jpeg,500,333,1.5015015015015014,0.1665,landscape,conditionally_edible,Leccinum Scabrum,a35853c48f227c7b
Classes/conditionally_edible/Leccinum scabrum/33116medium.jpeg,3,33116medium,jpeg,500,489,1.0224948875255624,0.2445,landscape,conditionally_edible,Leccinum Scabrum,cc296264d19b6b67
Classes/conditionally_edible/Leccinum scabrum/32150medium.jpg,3,32150medium,jpg,500,375,1.3333333333333333,0.1875,landscape,conditionally_edible,Leccinum Scabrum,af9b3468848b8ce7
Classes/conditionally_edible/pavement_mushroom/7.png,3,7,png,512,512,1.0,0.262144,square,conditionally_edible,Pavement Mushroom,9686697d61716547
Classes/conditionally_edible/pavement_mushroom/2.png,3,2,png,512,512,1.0,0.262144,square,conditionally_edible,Pavement Mushroom,9da6f31906896ae9
Classes/conditionally_edible/pavement_mushroom/8.png,3,8,png,512,512,1.0,0.262144,square,conditionally_edible,Pavement Mushroom,c6c63c3b92794969
Classes/conditionally_edible/pavement_mushroom/1.png,3,1,png,512,512,1.0,0.262144,square,conditionally_edible,Pavement Mushroom,9ba49e1961236dd9
Classes/conditionally_edible/pavement_mushroom/11.png,3,11,png,512,512,1.0,0.262144,square,conditionally_edible,Pavement Mushroom,e9b2dc26cb8ac3c8
Classes/conditionally_edible/pavement_mushroom/5.png,3,5,png,512,512,1.0,0.262144,square,conditionally_edible,Pavement Mushroom,91676ac92d1c3576
Classes/conditionally_edible/vermillion_waxcap/7.png,3,7,png,512,512,1.0,0.262144,square,conditionally_edible,Vermillion Waxcap,91b5386b5ca3cccc
Classes/conditionally_edible/vermillion_waxcap/2.png,3,2,png,512,512,1.0,0.262144,square,conditionally_edible,Vermillion Waxcap,cec0e46d33372f11
Classes/conditionally_edible/vermillion_waxcap/8.png,3,8,png,512,512,1.0,0.262144,square,conditionally_edible,Vermillion Waxcap,aaeb12e39a15487e
Classes/conditionally_edible/vermillion_waxcap/1.png,3,1,png,512,512,1.0,0.262144,square,conditionally_edible,Vermillion Waxcap,cd8e31316cef1760
Classes/conditionally_edible/vermillion_waxcap/11.png,3,11,png,512,512,1.0,0.262144,square,conditionally_edible,Vermillion Waxcap,d3b76a3095f0a0a7
Classes/conditionally_edible/vermillion_waxcap/5.png,3,5,png,512,512,1.0,0.262144,square,conditionally_edible,Vermillion Waxcap,858cb71e15fbae80
Classes/conditionally_edible/common_inkcap/7.png,3,7,png,512,512,1.0,0.262144,square,conditionally_edible,Common Inkcap,c3b33e6665a2c998
Classes/conditionally_edible/common_inkcap/2.png,3,2,png,512,512,1.0,0.262144,square,conditionally_edible,Common Inkcap,cb981963659e7362
Classes/conditionally_edible/common_inkcap/8.png,3,8,png,512,512,1.0,0.262144,square,conditionally_edible,Common Inkcap,8c89642667c6e6ee
Classes/conditionally_edible/common_inkcap/1.png,3,1,png,512,512,1.0,0.262144,square,conditionally_edible,Common Inkcap,c9dd946c2a5d3661
Classes/conditionally_edible/common_inkcap/11.png,3,11,png,512,512,1.0,0.262144,square,conditionally_edible,Common Inkcap,c7927bad2172a427
Classes/conditionally_edible/common_inkcap/5.png,3,5,png,512,512,1.0,0.262144,square,conditionally_edible,Common Inkcap,b2935cc4e2ddd838
Classes/conditionally_edible/ascot_hat/7.png,3,7,png,512,512,1.0,0.262144,square,conditionally_edible,Ascot Hat,93966f497824874f
Classes/conditionally_edible/ascot_hat/2.png,3,2,png,512,512,1.0,0.262144,square,conditionally_edible,Ascot Hat,919b6c2da6c24eb5
Classes/conditionally_edible/ascot_hat/8.png,3,8,png,512,512,1.0,0.262144,square,conditionally_edible,Ascot Hat,f2819f1f2e6c74c0
Classes/conditionally_edible/ascot_hat/1.png,3,1,png,512,512,1.0,0.262144,square,conditionally_edible,Ascot Hat,9de65aab652e2432
Classes/conditionally_edible/ascot_hat/11.png,3,11,png,512,512,1.0,0.262144,square,conditionally_edible,Ascot Hat,cc8307ec6d22b2f3
Classes/conditionally_edible/ascot_hat/5.png,3,5,png,512,512,1.0,0.262144,square,conditionally_edible,Ascot Hat,d9c224387b67e5a4
Classes/conditionally_edible/bitter_bolete/7.png,3,7,png,512,512,1.0,0.262144,square,conditionally_edible,Bitter Bolete,b2e995cb2d9269a4
Classes/conditionally_edible/bitter_bolete/2.png,3,2,png,512,512,1.0,0.262144,square,conditionally_edible,Bitter Bolete,ccc233993366ccdc
Classes/conditionally_edible/bitter_bolete/8.png,3,8,png,512,512,1.0,0.262144,square,conditionally_edible,Bitter Bolete,83943f6dec192b61
Classes/conditionally_edible/bitter_bolete/1.png,3,1,png,512,512,1.0,0.262144,square,conditionally_edible,Bitter Bolete,9907973b3b6260c7
Classes/conditionally_edible/bitter_bolete/11.png,3,11,png,512,512,1.0,0.262144,square,conditionally_edible,Bitter Bolete,cab69bbc12d96289
Classes/conditionally_edible/bitter_bolete/5.png,3,5,png,512,512,1.0,0.262144,square,conditionally_edible,Bitter Bolete,9e63f1dac28782aa
Classes/conditionally_edible/Armillaria borealis/1405medium.jpg,3,1405medium,jpg,374,500,0.748,0.187,portrait,conditionally_edible,Armillaria Borealis,e4b8267f310a3c7a
Classes/conditionally_edible/Armillaria borealis/1363medium.jpeg,3,1363medium,jpeg,500,375,1.3333333333333333,0.1875,landscape,conditionally_edible,Armillaria Borealis,9e9730bc8b96cc31
Classes/conditionally_edible/Armillaria borealis/1178medium.jpg,3,1178medium,jpg,500,375,1.3333333333333333,0.1875,landscape,conditionally_edible,Armillaria Borealis,d8483f62b62d7712
Classes/conditionally_edible/Armillaria borealis/1251medium.jpeg,3,1251medium,jpeg,375,500,0.75,0.1875,portrait,conditionally_edible,Armillaria Borealis,c5df2e5a01b4595a
Classes/conditionally_edible/Armillaria borealis/1420medium.jpg,3,1420medium,jpg,400,500,0.8,0.2,portrait,conditionally_edible,Armillaria Borealis,9c9cc69c4339934f
Classes/conditionally_edible/Armillaria borealis/1345medium.jpg,3,1345medium,jpg,500,375,1.3333333333333333,0.1875,landscape,conditionally_edible,Armillaria Borealis,fe807e53d1078c99
Classes/conditionally_edible/ruby_bolete/7.png,3,7,png,512,512,1.0,0.262144,square,conditionally_edible,Ruby Bolete,ba82e33f2cd21273
Classes/conditionally_edible/ruby_bolete/2.png,3,2,png,512,512,1.0,0.262144,square,conditionally_edible,Ruby Bolete,d2949e6569690fe2
Classes/conditionally_edible/ruby_bolete/8.png,3,8,png,512,512,1.0,0.262144,square,conditionally_edible,Ruby Bolete,d6bd5e05e13905e8
Classes/conditionally_edible/ruby_bolete/1.png,3,1,png,512,512,1.0,0.262144,square,conditionally_edible,Ruby Bolete,f1a48e4a5636ab0f
Classes/conditionally_edible/ruby_bolete/11.png,3,11,png,512,512,1.0,0.262144,square,conditionally_edible,Ruby Bolete,99cc4d7231353736
Classes/conditionally_edible/ruby_bolete/5.png,3,5,png,512,512,1.0,0.262144,square,conditionally_edible,Ruby Bolete,a8d49f839c82d9ba
Classes/conditionally_edible/Tremella mesenterica/30028medium.jpg,3,30028medium,jpg,457,500,0.914,0.2285,portrait,conditionally_edible,Tremella Mesenterica,9a2067cd92f2d82f
Classes/conditionally_edible/Tremella mesenterica/30052medium.jpeg,3,30052medium,jpeg,375,500,0.75,0.1875,portrait,conditionally_edible,Tremella Mesenterica,d0f5ac61ce9ab660
Classes/conditionally_edible/Tremella mesenterica/30135medium.jpeg,3,30135medium,jpeg,375,500,0.75,0.1875,portrait,conditionally_edible,Tremella Mesenterica,f04158d2f7e425ad
Classes/conditionally_edible/Tremella mesenterica/30104medium.jpeg,3,30104medium,jpeg,500,230,2.1739130434782608,0.115,landscape,conditionally_edible,Tremella Mesenterica,cdeb37389c944472
Classes/conditionally_edible/Tremella mesenterica/30235medium.jpeg,3,30235medium,jpeg,500,415,1.2048192771084338,0.2075,landscape,conditionally_edible,Tremella Mesenterica,afd4d44a966d30a6
Classes/conditionally_edible/Tremella mesenterica/30088medium.jpg,3,30088medium,jpg,500,375,1.3333333333333333,0.1875,landscape,conditionally_edible,Tremella Mesenterica,86c6de34a5a9ab32
Classes/conditionally_edible/charcoal_burner/7.png,3,7,png,512,512,1.0,0.262144,square,conditionally_edible,Charcoal Burner,99eae6c9648a8e96
Classes/conditionally_edible/charcoal_burner/2.png,3,2,png,512,512,1.0,0.262144,square,conditionally_edible,Charcoal Burner,fd8696d8b0632365
Classes/conditionally_edible/charcoal_burner/8.png,3,8,png,512,512,1.0,0.262144,square,conditionally_edible,Charcoal Burner,8f907af02535f632
Classes/conditionally_edible/charcoal_burner/1.png,3,1,png,512,512,1.0,0.262144,square,conditionally_edible,Charcoal Burner,879e387e61652627
Classes/conditionally_edible/charcoal_burner/11.png,3,11,png,512,512,1.0,0.262144,square,conditionally_edible,Charcoal Burner,cafc3cc46113678e
Classes/conditionally_edible/charcoal_burner/5.png,3,5,png,512,512,1.0,0.262144,square,conditionally_edible,Charcoal Burner,df92303dc6978926
Classes/conditionally_edible/Artomyces pyxidatus/5696medium.jpg,3,5696medium,jpg,500,333,1.5015015015015014,0.1665,landscape,conditionally_edible,Artomyces Pyxidatus,825c3f6123a63767
Classes/conditionally_edible/Artomyces pyxidatus/5511medium.jpg,3,5511medium,jpg,500,375,1.3333333333333333,0.1875,landscape,conditionally_edible,Artomyces Pyxidatus,c707687a24b6dec1
Classes/conditionally_edible/Artomyces pyxidatus/5410medium.jpg,3,5410medium,jpg,375,500,0.75,0.1875,portrait,conditionally_edible,Artomyces Pyxidatus,90eb6c4c97876a72
Classes/conditionally_edible/Artomyces pyxidatus/5679medium.jpeg,3,5679medium,jpeg,500,375,1.3333333333333333,0.1875,landscape,conditionally_edible,Artomyces Pyxidatus,f38e4d30429f2799
Classes/conditionally_edible/Artomyces pyxidatus/5530medium.jpeg,3,5530medium,jpeg,375,500,0.75,0.1875,portrait,conditionally_edible,Artomyces Pyxidatus,c6df39608313cd5c
Classes/conditionally_edible/Artomyces pyxidatus/5539medium.jpeg,3,5539medium,jpeg,500,374,1.3368983957219251,0.187,landscape,conditionally_edible,Artomyces Pyxidatus,8bd22d6adac4b670
Classes/conditionally_edible/Laetiporus sulphureus/29760medium.jpeg,3,29760medium,jpeg,500,375,1.3333333333333333,0.1875,landscape,conditionally_edible,Laetiporus Sulphureus,d86436b3336993c9
Classes/conditionally_edible/Laetiporus sulphureus/29889medium.jpg,3,29889medium,jpg,500,375,1.3333333333333333,0.1875,landscape,conditionally_edible,Laetiporus Sulphureus,f3f30d0aaab29686
Classes/conditionally_edible/Laetiporus sulphureus/31104medium.jpeg,3,31104medium,jpeg,375,500,0.75,0.1875,portrait,conditionally_edible,Laetiporus Sulphureus,b7315780c2766d17
Classes/conditionally_edible/Laetiporus sulphureus/31189medium.jpg,3,31189medium,jpg,500,333,1.5015015015015014,0.1665,landscape,conditionally_edible,Laetiporus Sulphureus,cbdb3cc9614c2734
Classes/conditionally_edible/Laetiporus sulphureus/30477medium.jpeg,3,30477medium,jpeg,375,500,0.75,0.1875,portrait,conditionally_edible,Laetiporus Sulphureus,c20f2dd69637c334
Classes/conditionally_edible/Laetiporus sulphureus/31221medium.jpeg,3,31221medium,jpeg,500,448,1.1160714285714286,0.224,landscape,conditionally_edible,Laetiporus Sulphureus,dc7a326530338767
Classes/conditionally_edible/Cladonia rangiferina/5613medium.jpg,3,5613medium,jpg,500,375,1.3333333333333333,0.1875,landscape,conditionally_edible,Cladonia Rangiferina,905f293663c37f21
Classes/conditionally_edible/Cladonia rangiferina/5614medium.jpeg,3,5614medium,jpeg,333,500,0.666,0.1665,portrait,conditionally_edible,Cladonia Rangiferina,c18f3b9acb240bd6
Classes/conditionally_edible/Cladonia rangiferina/5549medium.jpg,3,5549medium,jpg,375,500,0.75,0.1875,portrait,conditionally_edible,Cladonia Rangiferina,84ec78e3b1699974
Classes/conditionally_edible/Cladonia rangiferina/5567medium.jpg,3,5567medium,jpg,375,500,0.75,0.1875,portrait,conditionally_edible,Cladonia Rangiferina,c655537b79606433
Classes/conditionally_edible/Cladonia rangiferina/5448medium.jpeg,3,5448medium,jpeg,281,500,0.562,0.1405,portrait,conditionally_edible,Cladonia Rangiferina,82c1cdfa29dc6566
Classes/conditionally_edible/Cladonia rangiferina/5565medium.jpg,3,5565medium,jpg,500,375,1.3333333333333333,0.1875,landscape,conditionally_edible,Cladonia Rangiferina,8d857ec3fb168035
Classes/conditionally_edible/scaly_wood_mushroom/7.png,3,7,png,512,512,1.0,0.262144,square,conditionally_edible,Scaly Wood Mushroom,88f6b3c8cd993478
Classes/conditionally_edible/scaly_wood_mushroom/2.png,3,2,png,512,512,1.0,0.262144,square,conditionally_edible,Scaly Wood Mushroom,f6c1693cbd10d2c3
Classes/conditionally_edible/scaly_wood_mushroom/8.png,3,8,png,512,512,1.0,0.262144,square,conditionally_edible,Scaly Wood Mushroom,cceef564a68c4156
Classes/conditionally_edible/scaly_wood_mushroom/1.png,3,1,png,512,512,1.0,0.262144,square,conditionally_edible,Scaly Wood Mushroom,889bb23d716726e4
Classes/conditionally_edible/scaly_wood_mushroom/11.png,3,11,png,512,512,1.0,0.262144,square,conditionally_edible,Scaly Wood Mushroom,c7b438cb318f261e
Classes/conditionally_edible/scaly_wood_mushroom/5.png,3,5,png,512,512,1.0,0.262144,square,conditionally_edible,Scaly Wood Mushroom,c1d43f9f707c6130
Classes/conditionally_edible/shaggy_scalycap/7.png,3,7,png,512,512,1.0,0.262144,square,conditionally_edible,Shaggy Scalycap,db341b7870e18796
Classes/conditionally_edible/shaggy_scalycap/2.png,3,2,png,512,512,1.0,0.262144,square,conditionally_edible,Shaggy Scalycap,97846b386c53c6ad
Classes/conditionally_edible/shaggy_scalycap/8.png,3,8,png,512,512,1.0,0.262144,square,conditionally_edible,Shaggy Scalycap,daff38f831010717
Classes/conditionally_edible/shaggy_scalycap/1.png,3,1,png,512,512,1.0,0.262144,square,conditionally_edible,Shaggy Scalycap,c6877959307c7274
Classes/conditionally_edible/shaggy_scalycap/11.png,3,11,png,512,512,1.0,0.262144,square,conditionally_edible,Shaggy Scalycap,cecd393971da3031
Classes/conditionally_edible/shaggy_scalycap/5.png,3,5,png,512,512,1.0,0.262144,square,conditionally_edible,Shaggy Scalycap,cc374e3c70e4c2ce
Classes/conditionally_edible/poison_pie/7.png,3,7,png,512,512,1.0,0.262144,square,conditionally_edible,Poison Pie,87863c39f2d9e486
Classes/conditionally_edible/poison_pie/2.png,3,2,png,512,512,1.0,0.262144,square,conditionally_edible,Poison Pie,e936d9e4c209e68b
Classes/conditionally_edible/poison_pie/8.png,3,8,png,512,512,1.0,0.262144,square,conditionally_edible,Poison Pie,c8cf7039349693cb
Classes/conditionally_edible/poison_pie/1.png,3,1,png,512,512,1.0,0.262144,square,conditionally_edible,Poison Pie,c0c77f6dd03027c3
Classes/conditionally_edible/poison_pie/11.png,3,11,png,512,512,1.0,0.262144,square,conditionally_edible,Poison Pie,95c86ab7e5069f48
Classes/conditionally_edible/poison_pie/5.png,3,5,png,512,512,1.0,0.262144,square,conditionally_edible,Poison Pie,9695786ac5cd893c
Classes/conditionally_edible/slender_parasol/7.png,3,7,png,512,512,1.0,0.262144,square,conditionally_edible,Slender Parasol,95b35ae568646936
Classes/conditionally_edible/slender_parasol/2.png,3,2,png,512,512,1.0,0.262144,square,conditionally_edible,Slender Parasol,f3b9684868797929
Classes/conditionally_edible/slender_parasol/8.png,3,8,png,512,512,1.0,0.262144,square,conditionally_edible,Slender Parasol,99e6e3f64e193184
Classes/conditionally_edible/slender_parasol/1.png,3,1,png,512,512,1.0,0.262144,square,conditionally_edible,Slender Parasol,cdcf3030d3c366cc
Classes/conditionally_edible/slender_parasol/11.png,3,11,png,512,512,1.0,0.262144,square,conditionally_edible,Slender Parasol,c2963f6938336666
Classes/conditionally_edible/slender_parasol/5.png,3,5,png,512,512,1.0,0.262144,square,conditionally_edible,Slender Parasol,d0336fcd3c693066
Classes/conditionally_edible/Peltigera aphthosa/20449medium.jpg,3,20449medium,jpg,375,500,0.75,0.1875,portrait,conditionally_edible,Peltigera Aphthosa,becb33df2680219a
Classes/conditionally_edible/Peltigera aphthosa/20512medium.jpeg,3,20512medium,jpeg,500,375,1.3333333333333333,0.1875,landscape,conditionally_edible,Peltigera Aphthosa,ccd9725729c40737
Classes/conditionally_edible/Peltigera aphthosa/20490medium.jpg,3,20490medium,jpg,375,500,0.75,0.1875,portrait,conditionally_edible,Peltigera Aphthosa,b369d6df3a08c898
Classes/conditionally_edible/Peltigera aphthosa/20341medium.jpeg,3,20341medium,jpeg,225,500,0.45,0.1125,portrait,conditionally_edible,Peltigera Aphthosa,91915be0ba6ecc95
Classes/conditionally_edible/Peltigera aphthosa/20357medium.jpeg,3,20357medium,jpeg,375,500,0.75,0.1875,portrait,conditionally_edible,Peltigera Aphthosa,eef2e6c5c2841d19
Classes/conditionally_edible/Peltigera aphthosa/20524medium.jpeg,3,20524medium,jpeg,500,375,1.3333333333333333,0.1875,landscape,conditionally_edible,Peltigera Aphthosa,91812d8718fb8ebd
Classes/conditionally_edible/sepia_bolete/7.png,3,7,png,512,512,1.0,0.262144,square,conditionally_edible,Sepia Bolete,d44e63b037702dbc
Classes/conditionally_edible/sepia_bolete/2.png,3,2,png,512,512,1.0,0.262144,square,conditionally_edible,Sepia Bolete,96b82dc36567c634
Classes/conditionally_edible/sepia_bolete/8.png,3,8,png,512,512,1.0,0.262144,square,conditionally_edible,Sepia Bolete,95b06e9793426cbc
Classes/conditionally_edible/sepia_bolete/1.png,3,1,png,512,512,1.0,0.262144,square,conditionally_edible,Sepia Bolete,f97a56022574f32a
Classes/conditionally_edible/sepia_bolete/11.png,3,11,png,512,512,1.0,0.262144,square,conditionally_edible,Sepia Bolete,87da6929c5e51396
Classes/conditionally_edible/sepia_bolete/5.png,3,5,png,512,512,1.0,0.262144,square,conditionally_edible,Sepia Bolete,996667901acfcd2c
Classes/conditionally_edible/crimson_waxcap/7.png,3,7,png,512,512,1.0,0.262144,square,conditionally_edible,Crimson Waxcap,f1f3693cb640c1a3
Classes/conditionally_edible/crimson_waxcap/2.png,3,2,png,512,512,1.0,0.262144,square,conditionally_edible,Crimson Waxcap,81cd7f3ae39170c4
Classes/conditionally_edible/crimson_waxcap/8.png,3,8,png,512,512,1.0,0.262144,square,conditionally_edible,Crimson Waxcap,f3ccb0a994c12bb5
Classes/conditionally_edible/crimson_waxcap/1.png,3,1,png,512,512,1.0,0.262144,square,conditionally_edible,Crimson Waxcap,f3b38e8994a4d863
Classes/conditionally_edible/crimson_waxcap/11.png,3,11,png,512,512,1.0,0.262144,square,conditionally_edible,Crimson Waxcap,c89f60668fd80de9
Classes/conditionally_edible/crimson_waxcap/5.png,3,5,png,512,512,1.0,0.262144,square,conditionally_edible,Crimson Waxcap,a5ca1bb5e00b1ef4
Classes/conditionally_edible/Sarcoscypha austriaca/26531medium.jpg,3,26531medium,jpg,500,332,1.5060240963855422,0.166,landscape,conditionally_edible,Sarcoscypha Austriaca,be2b9be8025ec40f
Classes/conditionally_edible/Sarcoscypha austriaca/26579medium.jpeg,3,26579medium,jpeg,500,375,1.3333333333333333,0.1875,landscape,conditionally_edible,Sarcoscypha Austriaca,8b0b2ce8ba5e4a5d
Classes/conditionally_edible/Sarcoscypha austriaca/26435medium.jpg,3,26435medium,jpg,375,500,0.75,0.1875,portrait,conditionally_edible,Sarcoscypha Austriaca,a3a9e2ace2ce7530
Classes/conditionally_edible/Sarcoscypha austriaca/26638medium.jpg,3,26638medium,jpg,500,375,1.3333333333333333,0.1875,landscape,conditionally_edible,Sarcoscypha Austriaca,d4d531f58a4da076
Classes/conditionally_edible/Sarcoscypha austriaca/26322medium.jpeg,3,26322medium,jpeg,375,500,0.75,0.1875,portrait,conditionally_edible,Sarcoscypha Austriaca,b0a7c88cd2b4593f
Classes/conditionally_edible/Sarcoscypha austriaca/26539medium.jpg,3,26539medium,jpg,500,375,1.3333333333333333,0.1875,landscape,conditionally_edible,Sarcoscypha Austriaca,eaaf5a62d40b1336
Classes/conditionally_edible/geranium_brittlegill/7.png,3,7,png,512,512,1.0,0.262144,square,conditionally_edible,Geranium Brittlegill,fc82067e6065a79e
Classes/conditionally_edible/geranium_brittlegill/2.png,3,2,png,512,512,1.0,0.262144,square,conditionally_edible,Geranium Brittlegill,99674ad96e612565
Classes/conditionally_edible/geranium_brittlegill/8.png,3,8,png,512,512,1.0,0.262144,square,conditionally_edible,Geranium Brittlegill,cb963169669147b3
Classes/conditionally_edible/geranium_brittlegill/1.png,3,1,png,512,512,1.0,0.262144,square,conditionally_edible,Geranium Brittlegill,9cd6372c34d8c3ca
Classes/conditionally_edible/geranium_brittlegill/11.png,3,11,png,512,512,1.0,0.262144,square,conditionally_edible,Geranium Brittlegill,943a1e3871757566
Classes/conditionally_edible/geranium_brittlegill/5.png,3,5,png,512,512,1.0,0.262144,square,conditionally_edible,Geranium Brittlegill,9966e6994b3a6263
Classes/conditionally_edible/Suillus grevillei/28193medium.jpeg,3,28193medium,jpeg,500,500,1.0,0.25,square,conditionally_edible,Suillus Grevillei,8eaa269f31949c9b
Classes/conditionally_edible/Suillus grevillei/28182medium.jpeg,3,28182medium,jpeg,500,333,1.5015015015015014,0.1665,landscape,conditionally_edible,Suillus Grevillei,b4ec97312982dd78
Classes/conditionally_edible/Suillus grevillei/28210medium.jpeg,3,28210medium,jpeg,500,375,1.3333333333333333,0.1875,landscape,conditionally_edible,Suillus Grevillei,b2ad6d929ae87312
Classes/conditionally_edible/Suillus grevillei/28144medium.jpeg,3,28144medium,jpeg,500,225,2.2222222222222223,0.1125,landscape,conditionally_edible,Suillus Grevillei,a5a1b19fd3434c4e
Classes/conditionally_edible/Suillus grevillei/28113medium.jpg,3,28113medium,jpg,375,500,0.75,0.1875,portrait,conditionally_edible,Suillus Grevillei,82d43fa4dc6b622b
Classes/conditionally_edible/Suillus grevillei/28146medium.jpeg,3,28146medium,jpeg,500,375,1.3333333333333333,0.1875,landscape,conditionally_edible,Suillus Grevillei,8a9d67e6cac9a262
Classes/conditionally_edible/snakeskin_grisette/7.png,3,7,png,512,512,1.0,0.262144,square,conditionally_edible,Snakeskin Grisette,cbd790901ee15b8e
Classes/conditionally_edible/snakeskin_grisette/3.png,3,3,png,512,512,1.0,0.262144,square,conditionally_edible,Snakeskin Grisette,9d6639c96c724678
Classes/conditionally_edible/snakeskin_grisette/8.png,3,8,png,512,512,1.0,0.262144,square,conditionally_edible,Snakeskin Grisette,99cc25cc76709b33
Classes/conditionally_edible/snakeskin_grisette/1.png,3,1,png,512,512,1.0,0.262144,square,conditionally_edible,Snakeskin Grisette,dbd90c64322672f3
Classes/conditionally_edible/snakeskin_grisette/11.png,3,11,png,512,512,1.0,0.262144,square,conditionally_edible,Snakeskin Grisette,8995326595d3337c
Classes/conditionally_edible/snakeskin_grisette/5.png,3,5,png,512,512,1.0,0.262144,square,conditionally_edible,Snakeskin Grisette,99b6ed1e364d2491
Classes/conditionally_edible/Hygrophoropsis aurantiaca/12431medium.jpg,3,12431medium,jpg,500,332,1.5060240963855422,0.166,landscape,conditionally_edible,Hygrophoropsis Aurantiaca,e40e9c681c9bcf71
Classes/conditionally_edible/Hygrophoropsis aurantiaca/12290medium.jpg,3,12290medium,jpg,281,500,0.562,0.1405,portrait,conditionally_edible,Hygrophoropsis Aurantiaca,b9c5236ac1933d69
Classes/conditionally_edible/Hygrophoropsis aurantiaca/12211medium.jpeg,3,12211medium,jpeg,331,500,0.662,0.1655,portrait,conditionally_edible,Hygrophoropsis Aurantiaca,a09997f26aa5cd51
Classes/conditionally_edible/Hygrophoropsis aurantiaca/12404medium.jpg,3,12404medium,jpg,500,375,1.3333333333333333,0.1875,landscape,conditionally_edible,Hygrophoropsis Aurantiaca,ce243896b3cc9e66
Classes/conditionally_edible/Hygrophoropsis aurantiaca/12294medium.jpg,3,12294medium,jpg,375,500,0.75,0.1875,portrait,conditionally_edible,Hygrophoropsis Aurantiaca,9ae7589c65ce3918
Classes/conditionally_edible/Hygrophoropsis aurantiaca/12279medium.jpeg,3,12279medium,jpeg,500,281,1.7793594306049825,0.1405,landscape,conditionally_edible,Hygrophoropsis Aurantiaca,93cc64b0997906ef
Classes/conditionally_edible/rooting_shank/1.png,3,1,png,512,512,1.0,0.262144,square,conditionally_edible,Rooting Shank,ccc6c2931b397566
Classes/conditionally_edible/rooting_shank/9.png,3,9,png,512,512,1.0,0.262144,square,conditionally_edible,Rooting Shank,9d4d2d9327353233
Classes/conditionally_edible/rooting_shank/6.png,3,6,png,512,512,1.0,0.262144,square,conditionally_edible,Rooting Shank,bb8f2bb0e16c6530
Classes/conditionally_edible/rooting_shank/8.png,3,8,png,512,512,1.0,0.262144,square,conditionally_edible,Rooting Shank,c7ce4c3c3838783d
Classes/conditionally_edible/rooting_shank/3.png,3,3,png,512,512,1.0,0.262144,square,conditionally_edible,Rooting Shank,cbda873d2e4d8131
Classes/conditionally_edible/rooting_shank/4.png,3,4,png,512,512,1.0,0.262144,square,conditionally_edible,Rooting Shank,ca8bbdb8cd606c85
Classes/conditionally_edible/the_goblet/7.png,3,7,png,512,512,1.0,0.262144,square,conditionally_edible,The Goblet,a9eed0f41417cac9
Classes/conditionally_edible/the_goblet/2.png,3,2,png,512,512,1.0,0.262144,square,conditionally_edible,The Goblet,a5c6b134e8c66735
Classes/conditionally_edible/the_goblet/8.png,3,8,png,512,512,1.0,0.262144,square,conditionally_edible,The Goblet,da9f1e206165b897
Classes/conditionally_edible/the_goblet/1.png,3,1,png,512,512,1.0,0.262144,square,conditionally_edible,The Goblet,a61a07480b9fdcfa
Classes/conditionally_edible/the_goblet/11.png,3,11,png,512,512,1.0,0.262144,square,conditionally_edible,The Goblet,c10e397478173bea
Classes/conditionally_edible/the_goblet/5.png,3,5,png,512,512,1.0,0.262144,square,conditionally_edible,The Goblet,e6a429c9dc9a9a9a
Classes/conditionally_edible/Coprinellus disseminatus/6881medium.jpeg,3,6881medium,jpeg,500,375,1.3333333333333333,0.1875,landscape,conditionally_edible,Coprinellus Disseminatus,9f58782566633f84
Classes/conditionally_edible/Coprinellus disseminatus/6918medium.jpeg,3,6918medium,jpeg,281,500,0.562,0.1405,portrait,conditionally_edible,Coprinellus Disseminatus,8765f0314bab2c97
Classes/conditionally_edible/Coprinellus disseminatus/7173medium.jpeg,3,7173medium,jpeg,281,500,0.562,0.1405,portrait,conditionally_edible,Coprinellus Disseminatus,cbb90ba35d81741b
Classes/conditionally_edible/Coprinellus disseminatus/6778medium.jpeg,3,6778medium,jpeg,406,500,0.812,0.203,portrait,conditionally_edible,Coprinellus Disseminatus,a59d68103e7937e4
Classes/conditionally_edible/Coprinellus disseminatus/6774medium.jpeg,3,6774medium,jpeg,500,375,1.3333333333333333,0.1875,landscape,conditionally_edible,Coprinellus Disseminatus,e794746d43478b0e
Classes/conditionally_edible/Coprinellus disseminatus/6926medium.jpeg,3,6926medium,jpeg,500,281,1.7793594306049825,0.1405,landscape,conditionally_edible,Coprinellus Disseminatus,91e5f1368975c239
Classes/conditionally_edible/shaggy_inkcap/7.png,3,7,png,512,512,1.0,0.262144,square,conditionally_edible,Shaggy Inkcap,8c9d6d33216527b6
Classes/conditionally_edible/shaggy_inkcap/2.png,3,2,png,512,512,1.0,0.262144,square,conditionally_edible,Shaggy Inkcap,99d9662d36667606
Classes/conditionally_edible/shaggy_inkcap/8.png,3,8,png,512,512,1.0,0.262144,square,conditionally_edible,Shaggy Inkcap,9dc9362c72276636
Classes/conditionally_edible/shaggy_inkcap/1.png,3,1,png,512,512,1.0,0.262144,square,conditionally_edible,Shaggy Inkcap,c6cc6d3332323d69
Classes/conditionally_edible/shaggy_inkcap/11.png,3,11,png,512,512,1.0,0.262144,square,conditionally_edible,Shaggy Inkcap,989b65696665662e
Classes/conditionally_edible/shaggy_inkcap/5.png,3,5,png,512,512,1.0,0.262144,square,conditionally_edible,Shaggy Inkcap,9bd2397340656ecc
Classes/conditionally_edible/shaggy_bracket/7.png,3,7,png,512,512,1.0,0.262144,square,conditionally_edible,Shaggy Bracket,ff85e00f7e6c4640
Classes/conditionally_edible/shaggy_bracket/2.png,3,2,png,512,512,1.0,0.262144,square,conditionally_edible,Shaggy Bracket,b19353694a75964b
Classes/conditionally_edible/shaggy_bracket/8.png,3,8,png,512,512,1.0,0.262144,square,conditionally_edible,Shaggy Bracket,b4137ec07331c63e
Classes/conditionally_edible/shaggy_bracket/1.png,3,1,png,512,512,1.0,0.262144,square,conditionally_edible,Shaggy Bracket,d0d06121333ffa79
Classes/conditionally_edible/shaggy_bracket/11.png,3,11,png,512,512,1.0,0.262144,square,conditionally_edible,Shaggy Bracket,f0328b91787cac5e
Classes/conditionally_edible/shaggy_bracket/5.png,3,5,png,512,512,1.0,0.262144,square,conditionally_edible,Shaggy Bracket,a5d2014b7b7eb8b0
Classes/conditionally_edible/tuberous_polypore/7.png,3,7,png,512,512,1.0,0.262144,square,conditionally_edible,Tuberous Polypore,f5ed15e7100b16e8
Classes/conditionally_edible/tuberous_polypore/2.png,3,2,png,512,512,1.0,0.262144,square,conditionally_edible,Tuberous Polypore,d5d56a5a202b713b
Classes/conditionally_edible/tuberous_polypore/8.png,3,8,png,512,512,1.0,0.262144,square,conditionally_edible,Tuberous Polypore,946b3ea16097ca9e
Classes/conditionally_edible/tuberous_polypore/1.png,3,1,png,512,512,1.0,0.262144,square,conditionally_edible,Tuberous Polypore,c0b8be7a13c61e3c
Classes/conditionally_edible/tuberous_polypore/11.png,3,11,png,512,512,1.0,0.262144,square,conditionally_edible,Tuberous Polypore,dc356226d94b2774
Classes/conditionally_edible/tuberous_polypore/5.png,3,5,png,512,512,1.0,0.262144,square,conditionally_edible,Tuberous Polypore,9eb1695b344f262c
Classes/conditionally_edible/Fomitopsis betulina/18312medium.jpg,3,18312medium,jpg,500,500,1.0,0.25,square,conditionally_edible,Fomitopsis Betulina,91d96a9dcc1b2b16
Classes/conditionally_edible/Fomitopsis betulina/17637medium.jpeg,3,17637medium,jpeg,375,500,0.75,0.1875,portrait,conditionally_edible,Fomitopsis Betulina,84272aeadb433eb1
Classes/conditionally_edible/Fomitopsis betulina/18029medium.jpg,3,18029medium,jpg,375,500,0.75,0.1875,portrait,conditionally_edible,Fomitopsis Betulina,898075e18d9b3f74
Classes/conditionally_edible/Fomitopsis betulina/17869medium.jpeg,3,17869medium,jpeg,500,375,1.3333333333333333,0.1875,landscape,conditionally_edible,Fomitopsis Betulina,83847c7d78c687f0
Classes/conditionally_edible/Fomitopsis betulina/17383medium.jpg,3,17383medium,jpg,500,333,1.5015015015015014,0.1665,landscape,conditionally_edible,Fomitopsis Betulina,b44befa7407f0891
Classes/conditionally_edible/Fomitopsis betulina/17948medium.jpg,3,17948medium,jpg,375,500,0.75,0.1875,portrait,conditionally_edible,Fomitopsis Betulina,abed70c63a616ca4
Classes/conditionally_edible/Pholiota squarrosa/22894medium.jpg,3,22894medium,jpg,375,500,0.75,0.1875,portrait,conditionally_edible,Pholiota Squarrosa,c5b6b3c94e4b3846
Classes/conditionally_edible/Pholiota squarrosa/23019medium.jpg,3,23019medium,jpg,375,500,0.75,0.1875,portrait,conditionally_edible,Pholiota Squarrosa,c73e3ac3c46b2e90
Classes/conditionally_edible/Pholiota squarrosa/23098medium.jpeg,3,23098medium,jpeg,375,500,0.75,0.1875,portrait,conditionally_edible,Pholiota Squarrosa,c9c46b2f3a3c948d
Classes/conditionally_edible/Pholiota squarrosa/22995medium.jpeg,3,22995medium,jpeg,500,375,1.3333333333333333,0.1875,landscape,conditionally_edible,Pholiota Squarrosa,f7753c18f0e063b0
Classes/conditionally_edible/Pholiota squarrosa/22930medium.jpeg,3,22930medium,jpeg,500,375,1.3333333333333333,0.1875,landscape,conditionally_edible,Pholiota Squarrosa,f9bc2432926469db
Classes/conditionally_edible/Pholiota squarrosa/22885medium.jpeg,3,22885medium,jpeg,500,375,1.3333333333333333,0.1875,landscape,conditionally_edible,Pholiota Squarrosa,c0f8cd84352fcef0
Classes/conditionally_edible/thimble_morel/7.png,3,7,png,512,512,1.0,0.262144,square,conditionally_edible,Thimble Morel,99c6f31df40ae40b
Classes/conditionally_edible/thimble_morel/2.png,3,2,png,512,512,1.0,0.262144,square,conditionally_edible,Thimble Morel,8cc2b26bc7c907b5
Classes/conditionally_edible/thimble_morel/8.png,3,8,png,512,512,1.0,0.262144,square,conditionally_edible,Thimble Morel,c8c4ba1b2f3c5659
Classes/conditionally_edible/thimble_morel/1.png,3,1,png,512,512,1.0,0.262144,square,conditionally_edible,Thimble Morel,a6dcd98af126cc29
Classes/conditionally_edible/thimble_morel/11.png,3,11,png,512,512,1.0,0.262144,square,conditionally_edible,Thimble Morel,b1a44b8dc66ea4ec
Classes/conditionally_edible/thimble_morel/5.png,3,5,png,512,512,1.0,0.262144,square,conditionally_edible,Thimble Morel,ac0dba298eb3a9aa
Classes/conditionally_edible/terracotta_hedgehog/7.png,3,7,png,512,512,1.0,0.262144,square,conditionally_edible,Terracotta Hedgehog,c19e3e718ce04767
Classes/conditionally_edible/terracotta_hedgehog/2.png,3,2,png,512,512,1.0,0.262144,square,conditionally_edible,Terracotta Hedgehog,c4e54f573a1ab099
Classes/conditionally_edible/terracotta_hedgehog/8.png,3,8,png,512,512,1.0,0.262144,square,conditionally_edible,Terracotta Hedgehog,9acc363361ccce27
Classes/conditionally_edible/terracotta_hedgehog/1.png,3,1,png,512,512,1.0,0.262144,square,conditionally_edible,Terracotta Hedgehog,99e39aec93ac8299
Classes/conditionally_edible/terracotta_hedgehog/11.png,3,11,png,512,512,1.0,0.262144,square,conditionally_edible,Terracotta Hedgehog,b2e26d6d3c363e08
Classes/conditionally_edible/terracotta_hedgehog/5.png,3,5,png,512,512,1.0,0.262144,square,conditionally_edible,Terracotta Hedgehog,b6e904df90b03b2d
Classes/conditionally_edible/earthballs/7.png,3,7,png,512,512,1.0,0.262144,square,conditionally_edible,Earthballs,9ed3486c059abbcc
Classes/conditionally_edible/earthballs/2.png,3,2,png,512,512,1.0,0.262144,square,conditionally_edible,Earthballs,87d67924f060d32f
Classes/conditionally_edible/earthballs/8.png,3,8,png,512,512,1.0,0.262144,square,conditionally_edible,Earthballs,da1322cf68d20bdd
Classes/conditionally_edible/earthballs/1.png,3,1,png,512,512,1.0,0.262144,square,conditionally_edible,Earthballs,87363493d7cd6834
Classes/conditionally_edible/earthballs/11.png,3,11,png,512,512,1.0,0.262144,square,conditionally_edible,Earthballs,cf9930c76678868b
Classes/conditionally_edible/earthballs/5.png,3,5,png,512,512,1.0,0.262144,square,conditionally_edible,Earthballs,868f6938b5b0aa67
Classes/conditionally_edible/stump_puffball/7.png,3,7,png,512,512,1.0,0.262144,square,conditionally_edible,Stump Puffball,9e9c3179c2634a6b
Classes/conditionally_edible/stump_puffball/2.png,3,2,png,512,512,1.0,0.262144,square,conditionally_edible,Stump Puffball,b3a43a2f66134fc8
Classes/conditionally_edible/stump_puffball/8.png,3,8,png,512,512,1.0,0.262144,square,conditionally_edible,Stump Puffball,c5b63a4b3b89ea0c
Classes/conditionally_edible/stump_puffball/1.png,3,1,png,512,512,1.0,0.262144,square,conditionally_edible,Stump Puffball,8d98716739a46679
Classes/conditionally_edible/stump_puffball/11.png,3,11,png,512,512,1.0,0.262144,square,conditionally_edible,Stump Puffball,958524e58d94b55f
Classes/conditionally_edible/stump_puffball/5.png,3,5,png,512,512,1.0,0.262144,square,conditionally_edible,Stump Puffball,93646c98dee36946
Classes/conditionally_edible/Morchella_esculenta/Morchella_esculenta67.png,3,Morchella_esculenta67,png,275,183,1.5027322404371584,0.050325,landscape,conditionally_edible,Morchella Esculenta,d18a0f64b6c4ea6d
Classes/conditionally_edible/Morchella_esculenta/Morchella_esculenta71.png,3,Morchella_esculenta71,png,259,194,1.3350515463917525,0.050246,landscape,conditionally_edible,Morchella Esculenta,c751e31f30637945
Classes/conditionally_edible/Morchella_esculenta/Morchella_esculenta27.png,3,Morchella_esculenta27,png,100,100,1.0,0.01,square,conditionally_edible,Morchella Esculenta,d225cf9a31e57423
Classes/conditionally_edible/Morchella_esculenta/Morchella_esculenta63.png,3,Morchella_esculenta63,png,177,284,0.6232394366197183,0.050268,portrait,conditionally_edible,Morchella Esculenta,d1662c9b2eed7260
Classes/conditionally_edible/Morchella_esculenta/Morchella_esculenta53.png,3,Morchella_esculenta53,png,100,100,1.0,0.01,square,conditionally_edible,Morchella Esculenta,c606e57b91c6e874
Classes/conditionally_edible/Morchella_esculenta/Morchella_esculenta69.png,3,Morchella_esculenta69,png,262,192,1.3645833333333333,0.050304,landscape,conditionally_edible,Morchella Esculenta,d6c16d966ae81c8b
Classes/conditionally_edible/Pseudevernia furfuracea/24926medium.jpeg,3,24926medium,jpeg,500,375,1.3333333333333333,0.1875,landscape,conditionally_edible,Pseudevernia Furfuracea,9cc0ff3e14da44b1
Classes/conditionally_edible/Pseudevernia furfuracea/25152medium.jpg,3,25152medium,jpg,375,500,0.75,0.1875,portrait,conditionally_edible,Pseudevernia Furfuracea,cb86094e367c96e6
Classes/conditionally_edible/Pseudevernia furfuracea/25185medium.jpg,3,25185medium,jpg,500,375,1.3333333333333333,0.1875,landscape,conditionally_edible,Pseudevernia Furfuracea,9fc56956e4ce2c84
Classes/conditionally_edible/Pseudevernia furfuracea/25171medium.jpg,3,25171medium,jpg,375,500,0.75,0.1875,portrait,conditionally_edible,Pseudevernia Furfuracea,8ce23a358b1db6e2
Classes/conditionally_edible/Pseudevernia furfuracea/24947medium.jpeg,3,24947medium,jpeg,375,500,0.75,0.1875,portrait,conditionally_edible,Pseudevernia Furfuracea,8bfb7611c6403cad
Classes/conditionally_edible/Pseudevernia furfuracea/25162medium.jpeg,3,25162medium,jpeg,375,500,0.75,0.1875,portrait,conditionally_edible,Pseudevernia Furfuracea,f6443ed3853ab283
Classes/conditionally_edible/deer_shield/7.png,3,7,png,512,512,1.0,0.262144,square,conditionally_edible,Deer Shield,c7605598da8a7a79
Classes/conditionally_edible/deer_shield/2.png,3,2,png,512,512,1.0,0.262144,square,conditionally_edible,Deer Shield,80c26f9f389cf272
Classes/conditionally_edible/deer_shield/8.png,3,8,png,512,512,1.0,0.262144,square,conditionally_edible,Deer Shield,96c73859432daf07
Classes/conditionally_edible/deer_shield/1.png,3,1,png,512,512,1.0,0.262144,square,conditionally_edible,Deer Shield,95347a8669fa7161
Classes/conditionally_edible/deer_shield/11.png,3,11,png,512,512,1.0,0.262144,square,conditionally_edible,Deer Shield,f89262692fc6c65c
Classes/conditionally_edible/deer_shield/5.png,3,5,png,512,512,1.0,0.262144,square,conditionally_edible,Deer Shield,9bcec6212c761b8d
Classes/conditionally_edible/Phlebia radiata/22246medium.jpeg,3,22246medium,jpeg,375,500,0.75,0.1875,portrait,conditionally_edible,Phlebia Radiata,e6475ce4633d82c6
Classes/conditionally_edible/Phlebia radiata/22226medium.jpg,3,22226medium,jpg,500,281,1.7793594306049825,0.1405,landscape,conditionally_edible,Phlebia Radiata,f494ed396b6f2600
Classes/conditionally_edible/Phlebia radiata/22238medium.jpg,3,22238medium,jpg,500,375,1.3333333333333333,0.1875,landscape,conditionally_edible,Phlebia Radiata,9bcd6821930ddd6c
Classes/conditionally_edible/Phlebia radiata/22124medium.jpeg,3,22124medium,jpeg,500,375,1.3333333333333333,0.1875,landscape,conditionally_edible,Phlebia Radiata,90eea951f48b75a2
Classes/conditionally_edible/Phlebia radiata/22243medium.jpg,3,22243medium,jpg,375,500,0.75,0.1875,portrait,conditionally_edible,Phlebia Radiata,dbbc650587d989b0
Classes/conditionally_edible/Phlebia radiata/22164medium.jpg,3,22164medium,jpg,500,375,1.3333333333333333,0.1875,landscape,conditionally_edible,Phlebia Radiata,96997ae36d4c8d18
Classes/conditionally_edible/sheathed_woodtuft/7.png,3,7,png,512,512,1.0,0.262144,square,conditionally_edible,Sheathed Woodtuft,c48e0ffb2fba6050
Classes/conditionally_edible/sheathed_woodtuft/2.png,3,2,png,512,512,1.0,0.262144,square,conditionally_edible,Sheathed Woodtuft,c6950b923de77449
Classes/conditionally_edible/sheathed_woodtuft/8.png,3,8,png,512,512,1.0,0.262144,square,conditionally_edible,Sheathed Woodtuft,c39b786367c44ec1
Classes/conditionally_edible/sheathed_woodtuft/1.png,3,1,png,512,512,1.0,0.262144,square,conditionally_edible,Sheathed Woodtuft,c39f381a52133eb5
Classes/conditionally_edible/sheathed_woodtuft/11.png,3,11,png,512,512,1.0,0.262144,square,conditionally_edible,Sheathed Woodtuft,f8396e4bd3072526
Classes/conditionally_edible/sheathed_woodtuft/5.png,3,5,png,512,512,1.0,0.262144,square,conditionally_edible,Sheathed Woodtuft,cb84a2f1ba41c8fe
Classes/conditionally_edible/splitgill/7.png,3,7,png,512,512,1.0,0.262144,square,conditionally_edible,Splitgill,949733b0976f48c9
Classes/conditionally_edible/splitgill/2.png,3,2,png,512,512,1.0,0.262144,square,conditionally_edible,Splitgill,9599683bb3a54e92
Classes/conditionally_edible/splitgill/8.png,3,8,png,512,512,1.0,0.262144,square,conditionally_edible,Splitgill,91973ad187cecc61
Classes/conditionally_edible/splitgill/1.png,3,1,png,512,512,1.0,0.262144,square,conditionally_edible,Splitgill,9b9928ccc7dc9439
Classes/conditionally_edible/splitgill/11.png,3,11,png,512,512,1.0,0.262144,square,conditionally_edible,Splitgill,81a72f4a9ef0f251
Classes/conditionally_edible/splitgill/5.png,3,5,png,512,512,1.0,0.262144,square,conditionally_edible,Splitgill,d15369c436ecd139
Classes/conditionally_edible/Leccinum aurantiacum/15900medium.jpg,3,15900medium,jpg,500,333,1.5015015015015014,0.1665,landscape,conditionally_edible,Leccinum Aurantiacum,d98925222fd29dce
Classes/conditionally_edible/Leccinum aurantiacum/15442medium.jpg,3,15442medium,jpg,500,333,1.5015015015015014,0.1665,landscape,conditionally_edible,Leccinum Aurantiacum,cef334ce61b38990
Classes/edible/Leccinum_aurantiacum/Leccinum_aurantiacum7.png,3,Leccinum_aurantiacum7,png,100,100,1.0,0.01,square,conditionally_edible,Leccinum Aurantiacum,db8ea3a8fc206996
Classes/conditionally_edible/Leccinum aurantiacum/15593medium.jpeg,3,15593medium,jpeg,281,500,0.562,0.1405,portrait,conditionally_edible,Leccinum Aurantiacum,d5d6bb786495902a
Classes/conditionally_edible/Leccinum aurantiacum/15436medium.jpeg,3,15436medium,jpeg,500,370,1.351351351351351,0.185,landscape,conditionally_edible,Leccinum Aurantiacum,c2812f75283775da
Classes/conditionally_edible/Leccinum aurantiacum/15469medium.jpeg,3,15469medium,jpeg,375,500,0.75,0.1875,portrait,conditionally_edible,Leccinum Aurantiacum,8e97e2ce8c6b9861
Classes/conditionally_edible/Cantharellus cibarius/3420medium.jpg,3,3420medium,jpg,500,375,1.3333333333333333,0.1875,landscape,conditionally_edible,Cantharellus Cibarius,cc13256c7d233373
Classes/conditionally_edible/Cantharellus cibarius/3188medium.jpeg,3,3188medium,jpeg,375,500,0.75,0.1875,portrait,conditionally_edible,Cantharellus Cibarius,9e4ad4270f9892b7
Classes/conditionally_edible/Cantharellus cibarius/3655medium.jpg,3,3655medium,jpg,375,500,0.75,0.1875,portrait,conditionally_edible,Cantharellus Cibarius,cbb7344688626cfc
Classes/conditionally_edible/Cantharellus cibarius/3867medium.jpeg,3,3867medium,jpeg,375,500,0.75,0.1875,portrait,conditionally_edible,Cantharellus Cibarius,d5346a7205de784d
Classes/conditionally_edible/Cantharellus cibarius/3917medium.jpeg,3,3917medium,jpeg,500,375,1.3333333333333333,0.1875,landscape,conditionally_edible,Cantharellus Cibarius,9399672db1915e92
Classes/conditionally_edible/Cantharellus cibarius/3789medium.jpg,3,3789medium,jpg,500,375,1.3333333333333333,0.1875,landscape,conditionally_edible,Cantharellus Cibarius,db66713866992467
Classes/conditionally_edible/Verpa bohemica/32185medium.jpg,3,32185medium,jpg,500,332,1.5060240963855422,0.166,landscape,conditionally_edible,Verpa Bohemica,eff7869c0838c1a3
Classes/conditionally_edible/Verpa_bohemica/Verpa_bohemica21.png,3,Verpa_bohemica21,png,183,275,0.6654545454545454,0.050325,portrait,conditionally_edible,Verpa Bohemica,828d69d63d0ade3c
Classes/conditionally_edible/Verpa bohemica/31886medium.jpeg,3,31886medium,jpeg,374,500,0.748,0.187,portrait,conditionally_edible,Verpa Bohemica,ccc192ea187fb325
Classes/conditionally_edible/Verpa_bohemica/Verpa_bohemica43.png,3,Verpa_bohemica43,png,225,225,1.0,0.050625,square,conditionally_edible,Verpa Bohemica,9c63974837ca6c9a
Classes/conditionally_edible/Verpa bohemica/32365medium.jpeg,3,32365medium,jpeg,375,500,0.75,0.1875,portrait,conditionally_edible,Verpa Bohemica,d0c23797d80ce27b
Classes/conditionally_edible/Verpa bohemica/32135medium.jpeg,3,32135medium,jpeg,500,281,1.7793594306049825,0.1405,landscape,conditionally_edible,Verpa Bohemica,f18ecccab0120ff6
Classes/conditionally_edible/the_miller/7.png,3,7,png,512,512,1.0,0.262144,square,conditionally_edible,The Miller,9a8b686cb7965c4a
Classes/conditionally_edible/the_miller/2.png,3,2,png,512,512,1.0,0.262144,square,conditionally_edible,The Miller,8dc772b0371292af
Classes/conditionally_edible/the_miller/8.png,3,8,png,512,512,1.0,0.262144,square,conditionally_edible,The Miller,cc9eb2306363696e
Classes/conditionally_edible/the_miller/1.png,3,1,png,512,512,1.0,0.262144,square,conditionally_edible,The Miller,919e6a70276926ed
Classes/conditionally_edible/the_miller/11.png,3,11,png,512,512,1.0,0.262144,square,conditionally_edible,The Miller,90c23f35691cb9b6
Classes/conditionally_edible/the_miller/5.png,3,5,png,512,512,1.0,0.262144,square,conditionally_edible,The Miller,95ce6af06137781a
Classes/conditionally_edible/Phaeophyscia orbicularis/21052medium.jpg,3,21052medium,jpg,500,334,1.497005988023952,0.167,landscape,conditionally_edible,Phaeophyscia Orbicularis,d0c00b6d667d653d
Classes/conditionally_edible/Phaeophyscia orbicularis/21077medium.jpeg,3,21077medium,jpeg,500,375,1.3333333333333333,0.1875,landscape,conditionally_edible,Phaeophyscia Orbicularis,9184904bb6afe78d
Classes/conditionally_edible/Phaeophyscia orbicularis/21060medium.jpeg,3,21060medium,jpeg,375,500,0.75,0.1875,portrait,conditionally_edible,Phaeophyscia Orbicularis,e9ba716d8c989568
Classes/conditionally_edible/Phaeophyscia orbicularis/20940medium.jpeg,3,20940medium,jpeg,375,500,0.75,0.1875,portrait,conditionally_edible,Phaeophyscia Orbicularis,abd0f581ca1b8cdc
Classes/conditionally_edible/Phaeophyscia orbicularis/21000medium.png,3,21000medium,png,338,338,1.0,0.114244,square,conditionally_edible,Phaeophyscia Orbicularis,9d7c797200d6619b
Classes/conditionally_edible/Phaeophyscia orbicularis/20942medium.jpg,3,20942medium,jpg,500,334,1.497005988023952,0.167,landscape,conditionally_edible,Phaeophyscia Orbicularis,9a1873286da72ef2
Classes/conditionally_edible/false_morel/7.png,3,7,png,512,512,1.0,0.262144,square,conditionally_edible,False Morel,f3d65c0da0c09eb9
Classes/conditionally_edible/false_morel/2.png,3,2,png,512,512,1.0,0.262144,square,conditionally_edible,False Morel,e5918e29af3a3742
Classes/conditionally_edible/false_morel/8.png,3,8,png,512,512,1.0,0.262144,square,conditionally_edible,False Morel,a1a5db1914493ebe
Classes/conditionally_edible/false_morel/1.png,3,1,png,512,512,1.0,0.262144,square,conditionally_edible,False Morel,ccb0f20923e698ef
Classes/conditionally_edible/false_morel/11.png,3,11,png,512,512,1.0,0.262144,square,conditionally_edible,False Morel,b4f3cc8da9621956
Classes/conditionally_edible/false_morel/5.png,3,5,png,512,512,1.0,0.262144,square,conditionally_edible,False Morel,afa6d86065ba5619
Classes/conditionally_edible/dusky_puffball/7.png,3,7,png,512,512,1.0,0.262144,square,conditionally_edible,Dusky Puffball,e495880c77d423fe
Classes/conditionally_edible/dusky_puffball/2.png,3,2,png,512,512,1.0,0.262144,square,conditionally_edible,Dusky Puffball,c3b4ea9d848aeb91
Classes/conditionally_edible/dusky_puffball/8.png,3,8,png,512,512,1.0,0.262144,square,conditionally_edible,Dusky Puffball,ccb731cc728a62cb
Classes/conditionally_edible/dusky_puffball/1.png,3,1,png,512,512,1.0,0.262144,square,conditionally_edible,Dusky Puffball,84b739172593d5a9
Classes/conditionally_edible/dusky_puffball/11.png,3,11,png,512,512,1.0,0.262144,square,conditionally_edible,Dusky Puffball,eede6161dbc0d640
Classes/conditionally_edible/dusky_puffball/5.png,3,5,png,512,512,1.0,0.262144,square,conditionally_edible,Dusky Puffball,d8a6c21d25f2278f
Classes/conditionally_edible/Inonotus obliquus/29337medium.jpeg,3,29337medium,jpeg,374,500,0.748,0.187,portrait,conditionally_edible,Inonotus Obliquus,bbefac9936248889
Classes/conditionally_edible/Inonotus obliquus/28860medium.jpeg,3,28860medium,jpeg,500,375,1.3333333333333333,0.1875,landscape,conditionally_edible,Inonotus Obliquus,a537dec17a1c3036
Classes/conditionally_edible/Inonotus obliquus/29360medium.jpeg,3,29360medium,jpeg,333,500,0.666,0.1665,portrait,conditionally_edible,Inonotus Obliquus,e24f9816c9793366
Classes/conditionally_edible/Inonotus obliquus/29150medium.jpg,3,29150medium,jpg,375,500,0.75,0.1875,portrait,conditionally_edible,Inonotus Obliquus,b07a0f833d6fc1b0
Classes/conditionally_edible/Inonotus obliquus/28755medium.jpeg,3,28755medium,jpeg,333,500,0.666,0.1665,portrait,conditionally_edible,Inonotus Obliquus,95899a6c64e7d859
Classes/conditionally_edible/Inonotus obliquus/28883medium.jpeg,3,28883medium,jpeg,374,500,0.748,0.187,portrait,conditionally_edible,Inonotus Obliquus,e4b8ce879a381d47
Classes/conditionally_edible/Paxillus involutus/19588medium.jpg,3,19588medium,jpg,375,500,0.75,0.1875,portrait,conditionally_edible,Paxillus Involutus,9e346dcb148ce87c
Classes/conditionally_edible/Paxillus involutus/20200medium.jpeg,3,20200medium,jpeg,375,500,0.75,0.1875,portrait,conditionally_edible,Paxillus Involutus,97c73eb821648756
Classes/conditionally_edible/Paxillus involutus/19928medium.jpg,3,19928medium,jpg,375,500,0.75,0.1875,portrait,conditionally_edible,Paxillus Involutus,87e5c1ee7c4343d0
Classes/conditionally_edible/Paxillus involutus/19560medium.jpg,3,19560medium,jpg,375,500,0.75,0.1875,portrait,conditionally_edible,Paxillus Involutus,c80879d7d03f4b27
Classes/conditionally_edible/Paxillus involutus/20183medium.jpeg,3,20183medium,jpeg,376,500,0.752,0.188,portrait,conditionally_edible,Paxillus Involutus,9ea7dd313800cfe8
Classes/conditionally_edible/Paxillus involutus/19970medium.jpg,3,19970medium,jpg,500,375,1.3333333333333333,0.1875,landscape,conditionally_edible,Paxillus Involutus,86e3782c438bbe36
Classes/conditionally_edible/Macrolepiota procera/17309medium.jpeg,3,17309medium,jpeg,375,500,0.75,0.1875,portrait,conditionally_edible,Macrolepiota Procera,cdc5223067c9cb8f
Classes/conditionally_edible/Macrolepiota procera/17496medium.jpeg,3,17496medium,jpeg,375,500,0.75,0.1875,portrait,conditionally_edible,Macrolepiota Procera,d0d2b03d69c9f271
Classes/conditionally_edible/Macrolepiota procera/17741medium.jpeg,3,17741medium,jpeg,500,281,1.7793594306049825,0.1405,landscape,conditionally_edible,Macrolepiota Procera,cf9e24b3cec4183a
Classes/conditionally_edible/Macrolepiota procera/17748medium.jpeg,3,17748medium,jpeg,375,500,0.75,0.1875,portrait,conditionally_edible,Macrolepiota Procera,9a9a6765259b98d4
Classes/conditionally_edible/Macrolepiota procera/17598medium.jpeg,3,17598medium,jpeg,281,500,0.562,0.1405,portrait,conditionally_edible,Macrolepiota Procera,92b32b7c95d3500f
Classes/conditionally_edible/Macrolepiota procera/17442medium.jpeg,3,17442medium,jpeg,375,500,0.75,0.1875,portrait,conditionally_edible,Macrolepiota Procera,d7a10e5f028cfc69
Classes/conditionally_edible/red_belted_bracket/1.png,3,1,png,512,512,1.0,0.262144,square,conditionally_edible,Red Belted Bracket,d0bc53d66a283a3d
Classes/conditionally_edible/red_belted_bracket/3.png,3,3,png,512,512,1.0,0.262144,square,conditionally_edible,Red Belted Bracket,85e83a9fc435b968
Classes/conditionally_edible/red_belted_bracket/8.png,3,8,png,512,512,1.0,0.262144,square,conditionally_edible,Red Belted Bracket,c4b57e9391671a98
Classes/conditionally_edible/red_belted_bracket/2.png,3,2,png,512,512,1.0,0.262144,square,conditionally_edible,Red Belted Bracket,9e876b8d30e1370e
Classes/conditionally_edible/red_belted_bracket/5.png,3,5,png,512,512,1.0,0.262144,square,conditionally_edible,Red Belted Bracket,e33c9fc6c0f88e06
Classes/conditionally_edible/red_belted_bracket/11.png,3,11,png,512,512,1.0,0.262144,square,conditionally_edible,Red Belted Bracket,948ba9ac3ad545c7
Classes/conditionally_edible/lilac_fibrecap/7.png,3,7,png,512,512,1.0,0.262144,square,conditionally_edible,Lilac Fibrecap,85607a1f9dcccad4
Classes/conditionally_edible/lilac_fibrecap/2.png,3,2,png,512,512,1.0,0.262144,square,conditionally_edible,Lilac Fibrecap,d3ec031b1c1cbab6
Classes/conditionally_edible/lilac_fibrecap/8.png,3,8,png,512,512,1.0,0.262144,square,conditionally_edible,Lilac Fibrecap,a6b4cb4b6905b8ba
Classes/conditionally_edible/lilac_fibrecap/1.png,3,1,png,512,512,1.0,0.262144,square,conditionally_edible,Lilac Fibrecap,9ece6ca92516ab2c
Classes/conditionally_edible/lilac_fibrecap/11.png,3,11,png,512,512,1.0,0.262144,square,conditionally_edible,Lilac Fibrecap,94906f6b52e87c1b
Classes/conditionally_edible/lilac_fibrecap/5.png,3,5,png,512,512,1.0,0.262144,square,conditionally_edible,Lilac Fibrecap,deda372169c6940e
Classes/conditionally_edible/dyers_mazegill/7.png,3,7,png,512,512,1.0,0.262144,square,conditionally_edible,Dyers Mazegill,f39aa628c0d4e5f8
Classes/conditionally_edible/dyers_mazegill/2.png,3,2,png,512,512,1.0,0.262144,square,conditionally_edible,Dyers Mazegill,d1d56c92c26af30d
Classes/conditionally_edible/dyers_mazegill/8.png,3,8,png,512,512,1.0,0.262144,square,conditionally_edible,Dyers Mazegill,94ec1b847e99e43a
Classes/conditionally_edible/dyers_mazegill/1.png,3,1,png,512,512,1.0,0.262144,square,conditionally_edible,Dyers Mazegill,b1cdd896ef283426
Classes/conditionally_edible/dyers_mazegill/11.png,3,11,png,512,512,1.0,0.262144,square,conditionally_edible,Dyers Mazegill,c2c00f5f381f793c
Classes/conditionally_edible/dyers_mazegill/5.png,3,5,png,512,512,1.0,0.262144,square,conditionally_edible,Dyers Mazegill,b29889931cff6370
Classes/conditionally_edible/fleecy_milkcap/7.png,3,7,png,512,512,1.0,0.262144,square,conditionally_edible,Fleecy Milkcap,83d43c0f65a4679b
Classes/conditionally_edible/fleecy_milkcap/2.png,3,2,png,512,512,1.0,0.262144,square,conditionally_edible,Fleecy Milkcap,d6c62019c6e3cfcc
Classes/conditionally_edible/fleecy_milkcap/8.png,3,8,png,512,512,1.0,0.262144,square,conditionally_edible,Fleecy Milkcap,dcd63b0961692567
Classes/conditionally_edible/fleecy_milkcap/1.png,3,1,png,512,512,1.0,0.262144,square,conditionally_edible,Fleecy Milkcap,c8d3971e6261ccb9
Classes/conditionally_edible/fleecy_milkcap/11.png,3,11,png,512,512,1.0,0.262144,square,conditionally_edible,Fleecy Milkcap,95c6783c27e1d4c5
Classes/conditionally_edible/fleecy_milkcap/5.png,3,5,png,512,512,1.0,0.262144,square,conditionally_edible,Fleecy Milkcap,d2933ece29b86478
Classes/conditionally_edible/Boletus edulis/6702medium.jpeg,3,6702medium,jpeg,375,500,0.75,0.1875,portrait,conditionally_edible,Boletus Edulis,dba4cfa82638a09f
Classes/conditionally_edible/Boletus edulis/7595medium.jpg,3,7595medium,jpg,500,334,1.497005988023952,0.167,landscape,conditionally_edible,Boletus Edulis,d247873ac3392bd4
Classes/conditionally_edible/Boletus edulis/6528medium.jpeg,3,6528medium,jpeg,375,500,0.75,0.1875,portrait,conditionally_edible,Boletus Edulis,84fadc88373792cc
Classes/conditionally_edible/Boletus edulis/6326medium.jpeg,3,6326medium,jpeg,375,500,0.75,0.1875,portrait,conditionally_edible,Boletus Edulis,94866f791c83437d
Classes/conditionally_edible/Boletus edulis/6227medium.jpeg,3,6227medium,jpeg,500,333,1.5015015015015014,0.1665,landscape,conditionally_edible,Boletus Edulis,c98c2439b366cecd
Classes/conditionally_edible/Boletus edulis/6413medium.jpeg,3,6413medium,jpeg,375,500,0.75,0.1875,portrait,conditionally_edible,Boletus Edulis,9967728c154baf15
Classes/conditionally_edible/mosaic_puffball/7.png,3,7,png,512,512,1.0,0.262144,square,conditionally_edible,Mosaic Puffball,c1523eb4d287da2d
Classes/conditionally_edible/mosaic_puffball/2.png,3,2,png,512,512,1.0,0.262144,square,conditionally_edible,Mosaic Puffball,c0c01cdb6979796d
Classes/conditionally_edible/mosaic_puffball/8.png,3,8,png,512,512,1.0,0.262144,square,conditionally_edible,Mosaic Puffball,d3d66b5a27393430
Classes/conditionally_edible/mosaic_puffball/1.png,3,1,png,512,512,1.0,0.262144,square,conditionally_edible,Mosaic Puffball,c7b0784b68e534b3
Classes/conditionally_edible/mosaic_puffball/11.png,3,11,png,512,512,1.0,0.262144,square,conditionally_edible,Mosaic Puffball,cb9c7c13d5e90326
Classes/conditionally_edible/mosaic_puffball/5.png,3,5,png,512,512,1.0,0.262144,square,conditionally_edible,Mosaic Puffball,95ca6a253534b87b
Classes/conditionally_edible/Calocera viscosa/2423medium.jpg,3,2423medium,jpg,375,500,0.75,0.1875,portrait,conditionally_edible,Calocera Viscosa,ad682c39e3c6331b
Classes/conditionally_edible/Calocera viscosa/2269medium.jpeg,3,2269medium,jpeg,500,375,1.3333333333333333,0.1875,landscape,conditionally_edible,Calocera Viscosa,87dc634e230cf933
Classes/conditionally_edible/Calocera viscosa/2490medium.jpeg,3,2490medium,jpeg,230,500,0.46,0.115,portrait,conditionally_edible,Calocera Viscosa,a0a09e1e4fe369cd
Classes/conditionally_edible/Calocera viscosa/2241medium.jpeg,3,2241medium,jpeg,500,375,1.3333333333333333,0.1875,landscape,conditionally_edible,Calocera Viscosa,9b3625497ce4918f
Classes/conditionally_edible/Calocera viscosa/2385medium.jpeg,3,2385medium,jpeg,500,333,1.5015015015015014,0.1665,landscape,conditionally_edible,Calocera Viscosa,8c70926d3d9e26ad
Classes/conditionally_edible/Calocera viscosa/2211medium.jpg,3,2211medium,jpg,500,344,1.4534883720930232,0.172,landscape,conditionally_edible,Calocera Viscosa,bb82d16df21b019b
Classes/conditionally_edible/Imleria badia/13076medium.jpg,3,13076medium,jpg,281,500,0.562,0.1405,portrait,conditionally_edible,Imleria Badia,ccc4323399e673a9
Classes/conditionally_edible/Imleria badia/13239medium.jpeg,3,13239medium,jpeg,375,500,0.75,0.1875,portrait,conditionally_edible,Imleria Badia,a4ca297ab58ab179
Classes/conditionally_edible/Imleria badia/13348medium.jpeg,3,13348medium,jpeg,375,500,0.75,0.1875,portrait,conditionally_edible,Imleria Badia,8bd2603e1b650fb5
Classes/conditionally_edible/Imleria badia/13175medium.jpeg,3,13175medium,jpeg,281,500,0.562,0.1405,portrait,conditionally_edible,Imleria Badia,b09c262679e3969d
Classes/conditionally_edible/Imleria badia/13244medium.jpeg,3,13244medium,jpeg,375,500,0.75,0.1875,portrait,conditionally_edible,Imleria Badia,d285d0860f513fed
Classes/conditionally_edible/Imleria badia/13310medium.jpeg,3,13310medium,jpeg,500,375,1.3333333333333333,0.1875,landscape,conditionally_edible,Imleria Badia,b68349fe6a00f4f2
Classes/conditionally_edible/medusa_mushroom/7.png,3,7,png,512,512,1.0,0.262144,square,conditionally_edible,Medusa Mushroom,9bf6549842af23ac
Classes/conditionally_edible/medusa_mushroom/2.png,3,2,png,512,512,1.0,0.262144,square,conditionally_edible,Medusa Mushroom,c7f8788739a2c8c3
Classes/conditionally_edible/medusa_mushroom/8.png,3,8,png,512,512,1.0,0.262144,square,conditionally_edible,Medusa Mushroom,986e334d6c3cb472
Classes/conditionally_edible/medusa_mushroom/1.png,3,1,png,512,512,1.0,0.262144,square,conditionally_edible,Medusa Mushroom,82b63fe4264b3d38
Classes/conditionally_edible/medusa_mushroom/11.png,3,11,png,512,512,1.0,0.262144,square,conditionally_edible,Medusa Mushroom,99a4207887b7f8ad
Classes/conditionally_edible/medusa_mushroom/5.png,3,5,png,512,512,1.0,0.262144,square,conditionally_edible,Medusa Mushroom,9ae5267cca2c25da
Classes/conditionally_edible/Boletus reticulatus/2104medium.jpeg,3,2104medium,jpeg,375,500,0.75,0.1875,portrait,conditionally_edible,Boletus Reticulatus,b3d82e63dcd42169
Classes/conditionally_edible/Boletus reticulatus/2144medium.jpeg,3,2144medium,jpeg,375,500,0.75,0.1875,portrait,conditionally_edible,Boletus Reticulatus,989665c77a387a64
Classes/conditionally_edible/Boletus reticulatus/2143medium.jpg,3,2143medium,jpg,500,375,1.3333333333333333,0.1875,landscape,conditionally_edible,Boletus Reticulatus,ecdec56aa1a116b4
Classes/conditionally_edible/Boletus reticulatus/2123medium.jpeg,3,2123medium,jpeg,375,500,0.75,0.1875,portrait,conditionally_edible,Boletus Reticulatus,8f9a613c70a49fcc
Classes/conditionally_edible/Boletus reticulatus/1986medium.jpg,3,1986medium,jpg,414,500,0.828,0.207,portrait,conditionally_edible,Boletus Reticulatus,8c996668d3dcd534
Classes/conditionally_edible/Boletus reticulatus/1941medium.jpg,3,1941medium,jpg,375,500,0.75,0.1875,portrait,conditionally_edible,Boletus Reticulatus,dd93231963fb4462
Classes/conditionally_edible/Graphis scripta/10526medium.jpeg,3,10526medium,jpeg,375,500,0.75,0.1875,portrait,conditionally_edible,Graphis Scripta,80d06b939c597ba7
Classes/conditionally_edible/Graphis scripta/10727medium.jpg,3,10727medium,jpg,500,375,1.3333333333333333,0.1875,landscape,conditionally_edible,Graphis Scripta,981c3f84caa1e9ee
Classes/conditionally_edible/Graphis scripta/10671medium.jpeg,3,10671medium,jpeg,500,375,1.3333333333333333,0.1875,landscape,conditionally_edible,Graphis Scripta,d1cd369ac993660e
Classes/conditionally_edible/Graphis scripta/10503medium.jpeg,3,10503medium,jpeg,500,375,1.3333333333333333,0.1875,landscape,conditionally_edible,Graphis Scripta,c1873aaf87c4f158
Classes/conditionally_edible/Graphis scripta/10712medium.jpg,3,10712medium,jpg,500,375,1.3333333333333333,0.1875,landscape,conditionally_edible,Graphis Scripta,b75936f4093ec429
Classes/conditionally_edible/Graphis scripta/10648medium.jpeg,3,10648medium,jpeg,500,333,1.5015015015015014,0.1665,landscape,conditionally_edible,Graphis Scripta,eccb72384d7710c6
Classes/conditionally_edible/fenugreek_milkcap/7.png,3,7,png,512,512,1.0,0.262144,square,conditionally_edible,Fenugreek Milkcap,950a3be16997cc9a
Classes/conditionally_edible/fenugreek_milkcap/2.png,3,2,png,512,512,1.0,0.262144,square,conditionally_edible,Fenugreek Milkcap,830e1f2a3d617575
Classes/conditionally_edible/fenugreek_milkcap/8.png,3,8,png,512,512,1.0,0.262144,square,conditionally_edible,Fenugreek Milkcap,c2c33e2e8fb1304f
Classes/conditionally_edible/fenugreek_milkcap/1.png,3,1,png,512,512,1.0,0.262144,square,conditionally_edible,Fenugreek Milkcap,e6a58c923d2d35e4
Classes/conditionally_edible/fenugreek_milkcap/11.png,3,11,png,512,512,1.0,0.262144,square,conditionally_edible,Fenugreek Milkcap,86b765cd38186a4f
Classes/conditionally_edible/fenugreek_milkcap/5.png,3,5,png,512,512,1.0,0.262144,square,conditionally_edible,Fenugreek Milkcap,c41b5e687a653965
Classes/conditionally_edible/Lepista nuda/16544medium.jpeg,3,16544medium,jpeg,376,500,0.752,0.188,portrait,conditionally_edible,Lepista Nuda,c9cd6fb2d08bd230
Classes/conditionally_edible/Lepista nuda/16387medium.jpeg,3,16387medium,jpeg,500,333,1.5015015015015014,0.1665,landscape,conditionally_edible,Lepista Nuda,9a9ccad567388e1a
Classes/conditionally_edible/Lepista nuda/16472medium.jpeg,3,16472medium,jpeg,375,500,0.75,0.1875,portrait,conditionally_edible,Lepista Nuda,9dd4b4b59e514a8c
Classes/conditionally_edible/Lepista nuda/16470medium.jpeg,3,16470medium,jpeg,500,281,1.7793594306049825,0.1405,landscape,conditionally_edible,Lepista Nuda,dce6b93bb0612e60
Classes/conditionally_edible/Lepista nuda/16604medium.jpg,3,16604medium,jpg,500,333,1.5015015015015014,0.1665,landscape,conditionally_edible,Lepista Nuda,efefc187808894d6
Classes/conditionally_edible/Lepista nuda/16428medium.jpeg,3,16428medium,jpeg,500,375,1.3333333333333333,0.1875,landscape,conditionally_edible,Lepista Nuda,c17ad5d209b3788d
Classes/conditionally_edible/Chondrostereum purpureum/4944medium.jpg,3,4944medium,jpg,500,375,1.3333333333333333,0.1875,landscape,conditionally_edible,Chondrostereum Purpureum,fd8b64e1da246b48
Classes/conditionally_edible/Chondrostereum purpureum/5024medium.jpg,3,5024medium,jpg,500,375,1.3333333333333333,0.1875,landscape,conditionally_edible,Chondrostereum Purpureum,f992e44c4bf72506
Classes/conditionally_edible/Chondrostereum purpureum/5069medium.jpeg,3,5069medium,jpeg,500,375,1.3333333333333333,0.1875,landscape,conditionally_edible,Chondrostereum Purpureum,98f95663206db54d
Classes/conditionally_edible/Chondrostereum purpureum/4971medium.jpeg,3,4971medium,jpeg,500,366,1.366120218579235,0.183,landscape,conditionally_edible,Chondrostereum Purpureum,db163ced422dd9a0
Classes/conditionally_edible/Chondrostereum purpureum/5029medium.jpeg,3,5029medium,jpeg,500,333,1.5015015015015014,0.1665,landscape,conditionally_edible,Chondrostereum Purpureum,90d25eb1a3676734
Classes/conditionally_edible/Chondrostereum purpureum/5122medium.jpeg,3,5122medium,jpeg,500,375,1.3333333333333333,0.1875,landscape,conditionally_edible,Chondrostereum Purpureum,a3e4b4f9a188b671
Classes/conditionally_edible/silverleaf_fungus/7.png,3,7,png,512,512,1.0,0.262144,square,conditionally_edible,Silverleaf Fungus,dad2231dc837978a
Classes/conditionally_edible/silverleaf_fungus/2.png,3,2,png,512,512,1.0,0.262144,square,conditionally_edible,Silverleaf Fungus,c74e6e9cd2682693
Classes/conditionally_edible/silverleaf_fungus/8.png,3,8,png,512,512,1.0,0.262144,square,conditionally_edible,Silverleaf Fungus,e6e6296a142d8a7d
Classes/conditionally_edible/silverleaf_fungus/1.png,3,1,png,512,512,1.0,0.262144,square,conditionally_edible,Silverleaf Fungus,d2f87b9b8888669c
Classes/conditionally_edible/silverleaf_fungus/11.png,3,11,png,512,512,1.0,0.262144,square,conditionally_edible,Silverleaf Fungus,824bcd56a67643ab
Classes/conditionally_edible/silverleaf_fungus/5.png,3,5,png,512,512,1.0,0.262144,square,conditionally_edible,Silverleaf Fungus,916d3b6676d03863
Classes/conditionally_edible/tripe_fungus/7.png,3,7,png,512,512,1.0,0.262144,square,conditionally_edible,Tripe Fungus,de967ec020e91cf4
Classes/conditionally_edible/tripe_fungus/2.png,3,2,png,512,512,1.0,0.262144,square,conditionally_edible,Tripe Fungus,dd91059f4a4e3c39
Classes/conditionally_edible/tripe_fungus/8.png,3,8,png,512,512,1.0,0.262144,square,conditionally_edible,Tripe Fungus,a453acd697a35c26
Classes/conditionally_edible/tripe_fungus/1.png,3,1,png,512,512,1.0,0.262144,square,conditionally_edible,Tripe Fungus,c5be3cc0e34c1fa1
Classes/conditionally_edible/tripe_fungus/11.png,3,11,png,512,512,1.0,0.262144,square,conditionally_edible,Tripe Fungus,c19976e6b345e819
Classes/conditionally_edible/tripe_fungus/5.png,3,5,png,512,512,1.0,0.262144,square,conditionally_edible,Tripe Fungus,fec0641b92f1998e
Classes/conditionally_edible/rooting_bolete/7.png,3,7,png,512,512,1.0,0.262144,square,conditionally_edible,Rooting Bolete,90756b6e3cb1e186
Classes/conditionally_edible/rooting_bolete/2.png,3,2,png,512,512,1.0,0.262144,square,conditionally_edible,Rooting Bolete,94b32b3de444666d
Classes/conditionally_edible/rooting_bolete/8.png,3,8,png,512,512,1.0,0.262144,square,conditionally_edible,Rooting Bolete,82923c7d21b8ddd3
Classes/conditionally_edible/rooting_bolete/1.png,3,1,png,512,512,1.0,0.262144,square,conditionally_edible,Rooting Bolete,d0b53eda3d216165
Classes/conditionally_edible/rooting_bolete/11.png,3,11,png,512,512,1.0,0.262144,square,conditionally_edible,Rooting Bolete,8e8f696c30336376
Classes/conditionally_edible/rooting_bolete/5.png,3,5,png,512,512,1.0,0.262144,square,conditionally_edible,Rooting Bolete,9893246c67366e3e
Classes/conditionally_edible/white_domecap/7.png,3,7,png,512,512,1.0,0.262144,square,conditionally_edible,White Domecap,92922de74c7966a6
Classes/conditionally_edible/white_domecap/2.png,3,2,png,512,512,1.0,0.262144,square,conditionally_edible,White Domecap,97877e623e6061b4
Classes/conditionally_edible/white_domecap/8.png,3,8,png,512,512,1.0,0.262144,square,conditionally_edible,White Domecap,87213ea5391b1db6
Classes/conditionally_edible/white_domecap/1.png,3,1,png,512,512,1.0,0.262144,square,conditionally_edible,White Domecap,9c2736d9f9242175
Classes/conditionally_edible/white_domecap/11.png,3,11,png,512,512,1.0,0.262144,square,conditionally_edible,White Domecap,9cb3302c2bdccda5
Classes/conditionally_edible/white_domecap/5.png,3,5,png,512,512,1.0,0.262144,square,conditionally_edible,White Domecap,c58f383837e2c1cb
Classes/conditionally_edible/curry_milkcap/7.png,3,7,png,512,512,1.0,0.262144,square,conditionally_edible,Curry Milkcap,f0b805cf943e9ac3
Classes/conditionally_edible/curry_milkcap/2.png,3,2,png,512,512,1.0,0.262144,square,conditionally_edible,Curry Milkcap,df38f0264499ce27
Classes/conditionally_edible/curry_milkcap/8.png,3,8,png,512,512,1.0,0.262144,square,conditionally_edible,Curry Milkcap,b49530ce5c92dc76
Classes/conditionally_edible/curry_milkcap/1.png,3,1,png,512,512,1.0,0.262144,square,conditionally_edible,Curry Milkcap,ced1396725e1a370
Classes/conditionally_edible/curry_milkcap/11.png,3,11,png,512,512,1.0,0.262144,square,conditionally_edible,Curry Milkcap,a69d699229d02f1f
Classes/conditionally_edible/curry_milkcap/5.png,3,5,png,512,512,1.0,0.262144,square,conditionally_edible,Curry Milkcap,c2872ede60f87570
Classes/conditionally_edible/Sarcosoma globosum/26898medium.jpeg,3,26898medium,jpeg,375,500,0.75,0.1875,portrait,conditionally_edible,Sarcosoma Globosum,e18f897d1e3221d9
Classes/conditionally_edible/Sarcosoma globosum/26862medium.jpg,3,26862medium,jpg,500,375,1.3333333333333333,0.1875,landscape,conditionally_edible,Sarcosoma Globosum,e5dbac31d9663190
Classes/conditionally_edible/Sarcosoma globosum/26897medium.jpg,3,26897medium,jpg,500,375,1.3333333333333333,0.1875,landscape,conditionally_edible,Sarcosoma Globosum,e038ca8fe8743733
Classes/conditionally_edible/Sarcosoma globosum/26686medium.jpeg,3,26686medium,jpeg,500,375,1.3333333333333333,0.1875,landscape,conditionally_edible,Sarcosoma Globosum,b5c21d2e0e2dcd4d
Classes/conditionally_edible/Sarcosoma globosum/26922medium.jpeg,3,26922medium,jpeg,375,500,0.75,0.1875,portrait,conditionally_edible,Sarcosoma Globosum,cbb0c47b2495ca9e
Classes/conditionally_edible/Sarcosoma globosum/26772medium.jpeg,3,26772medium,jpeg,500,333,1.5015015015015014,0.1665,landscape,conditionally_edible,Sarcosoma Globosum,a6e7d01ce9f0d11c
Classes/conditionally_edible/Pholiota aurivella/22472medium.jpg,3,22472medium,jpg,500,333,1.5015015015015014,0.1665,landscape,conditionally_edible,Pholiota Aurivella,b471cdb3d25612cc
Classes/conditionally_edible/Pholiota aurivella/22530medium.jpg,3,22530medium,jpg,500,333,1.5015015015015014,0.1665,landscape,conditionally_edible,Pholiota Aurivella,e2b5352bd2d2390d
Classes/conditionally_edible/Pholiota aurivella/22470medium.jpg,3,22470medium,jpg,500,333,1.5015015015015014,0.1665,landscape,conditionally_edible,Pholiota Aurivella,aa84075be867eacc
Classes/conditionally_edible/Pholiota aurivella/22443medium.jpeg,3,22443medium,jpeg,500,375,1.3333333333333333,0.1875,landscape,conditionally_edible,Pholiota Aurivella,b3ccb2a11d9d8752
Classes/conditionally_edible/Pholiota aurivella/22805medium.jpg,3,22805medium,jpg,333,500,0.666,0.1665,portrait,conditionally_edible,Pholiota Aurivella,cd46b37949f42a89
Classes/conditionally_edible/Pholiota aurivella/22597medium.jpeg,3,22597medium,jpeg,231,500,0.462,0.1155,portrait,conditionally_edible,Pholiota Aurivella,a68dc13bd9f21b14
Classes/conditionally_edible/amethyst_deceiver/7.png,3,7,png,512,512,1.0,0.262144,square,conditionally_edible,Amethyst Deceiver,bbccc49558d9d113
Classes/conditionally_edible/amethyst_deceiver/2.png,3,2,png,512,512,1.0,0.262144,square,conditionally_edible,Amethyst Deceiver,ebc2d6e999d8280b
Classes/conditionally_edible/amethyst_deceiver/8.png,3,8,png,512,512,1.0,0.262144,square,conditionally_edible,Amethyst Deceiver,e48fd97902f02e95
Classes/conditionally_edible/amethyst_deceiver/1.png,3,1,png,512,512,1.0,0.262144,square,conditionally_edible,Amethyst Deceiver,edc6a49cb560c966
Classes/conditionally_edible/amethyst_deceiver/11.png,3,11,png,512,512,1.0,0.262144,square,conditionally_edible,Amethyst Deceiver,88e19fccf3d8600f
Classes/conditionally_edible/amethyst_deceiver/5.png,3,5,png,512,512,1.0,0.262144,square,conditionally_edible,Amethyst Deceiver,f2f24089929ccdcf
Classes/conditionally_edible/Phellinus igniarius/21685medium.jpg,3,21685medium,jpg,500,375,1.3333333333333333,0.1875,landscape,conditionally_edible,Phellinus Igniarius,beb60b31a949cd94
Classes/conditionally_edible/Phellinus igniarius/21539medium.jpg,3,21539medium,jpg,500,375,1.3333333333333333,0.1875,landscape,conditionally_edible,Phellinus Igniarius,abfa40459d5685cb
Classes/conditionally_edible/Phellinus igniarius/21571medium.jpeg,3,21571medium,jpeg,375,500,0.75,0.1875,portrait,conditionally_edible,Phellinus Igniarius,825765cb923569cb
Classes/conditionally_edible/Phellinus igniarius/21478medium.jpeg,3,21478medium,jpeg,500,375,1.3333333333333333,0.1875,landscape,conditionally_edible,Phellinus Igniarius,edbd95b01852b345
Classes/conditionally_edible/Phellinus igniarius/21745medium.jpeg,3,21745medium,jpeg,500,448,1.1160714285714286,0.224,landscape,conditionally_edible,Phellinus Igniarius,df5c3037c61198cd
Classes/conditionally_edible/Phellinus igniarius/21577medium.jpeg,3,21577medium,jpeg,500,478,1.0460251046025104,0.239,landscape,conditionally_edible,Phellinus Igniarius,8f4d703693cb499c
Classes/conditionally_edible/rosy_bonnet/7.png,3,7,png,512,512,1.0,0.262144,square,conditionally_edible,Rosy Bonnet,94cb3e0b397d7130
Classes/conditionally_edible/rosy_bonnet/2.png,3,2,png,512,512,1.0,0.262144,square,conditionally_edible,Rosy Bonnet,c98f76832127c29f
Classes/conditionally_edible/rosy_bonnet/8.png,3,8,png,512,512,1.0,0.262144,square,conditionally_edible,Rosy Bonnet,80c26f7fa7a59498
Classes/conditionally_edible/rosy_bonnet/1.png,3,1,png,512,512,1.0,0.262144,square,conditionally_edible,Rosy Bonnet,98b20f79c339743c
Classes/conditionally_edible/rosy_bonnet/11.png,3,11,png,512,512,1.0,0.262144,square,conditionally_edible,Rosy Bonnet,c88ae76e0d2b2da5
Classes/conditionally_edible/rosy_bonnet/5.png,3,5,png,512,512,1.0,0.262144,square,conditionally_edible,Rosy Bonnet,8cdbcde8686474e2
Classes/conditionally_edible/Vulpicida pinastri/32891medium.jpg,3,32891medium,jpg,375,500,0.75,0.1875,portrait,conditionally_edible,Vulpicida Pinastri,a52af49c65b47178
Classes/conditionally_edible/Vulpicida pinastri/32732medium.jpeg,3,32732medium,jpeg,500,375,1.3333333333333333,0.1875,landscape,conditionally_edible,Vulpicida Pinastri,c4d617c98f9499d8
Classes/conditionally_edible/Vulpicida pinastri/33192medium.jpg,3,33192medium,jpg,420,500,0.84,0.21,portrait,conditionally_edible,Vulpicida Pinastri,cda421bdc9cee0b4
Classes/conditionally_edible/Vulpicida pinastri/32954medium.jpg,3,32954medium,jpg,375,500,0.75,0.1875,portrait,conditionally_edible,Vulpicida Pinastri,edcad16806d13e95
Classes/conditionally_edible/Vulpicida pinastri/32712medium.jpeg,3,32712medium,jpeg,374,500,0.748,0.187,portrait,conditionally_edible,Vulpicida Pinastri,cc93e7c307fcf001
Classes/conditionally_edible/Cladonia stellaris/5944medium.jpg,3,5944medium,jpg,394,500,0.788,0.197,portrait,conditionally_edible,Cladonia Stellaris,d7984a350fd6a139
Classes/conditionally_edible/Cladonia stellaris/5840medium.jpeg,3,5840medium,jpeg,281,500,0.562,0.1405,portrait,conditionally_edible,Cladonia Stellaris,82ac7f58ec8723f0
Classes/conditionally_edible/Cladonia stellaris/5708medium.jpg,3,5708medium,jpg,350,500,0.7,0.175,portrait,conditionally_edible,Cladonia Stellaris,8db42f363c8a6371
Classes/conditionally_edible/Cladonia stellaris/5997medium.jpeg,3,5997medium,jpeg,500,233,2.1459227467811157,0.1165,landscape,conditionally_edible,Cladonia Stellaris,b9c9cb50de680db1
Classes/conditionally_edible/Cladonia stellaris/6011medium.jpeg,3,6011medium,jpeg,500,375,1.3333333333333333,0.1875,landscape,conditionally_edible,Cladonia Stellaris,d5e733956096701e
Classes/conditionally_edible/Clitocybe nebularis/6373medium.jpeg,3,6373medium,jpeg,375,500,0.75,0.1875,portrait,conditionally_edible,Clitocybe Nebularis,9fb12e4f843851d6
Classes/poisonous/Clitocybe_nebularis/Clitocybe_nebularis18.png,3,Clitocybe_nebularis18,png,284,177,1.6045197740112995,0.050268,landscape,conditionally_edible,Clitocybe Nebularis,d4c17b38646727ca
Classes/conditionally_edible/Clitocybe nebularis/6125medium.jpg,3,6125medium,jpg,500,374,1.3368983957219251,0.187,landscape,conditionally_edible,Clitocybe Nebularis,98dbe46ce32294bc
Classes/conditionally_edible/Clitocybe nebularis/6234medium.jpg,3,6234medium,jpg,407,500,0.814,0.2035,portrait,conditionally_edible,Clitocybe Nebularis,845839bf6c638997
Classes/conditionally_edible/Clitocybe nebularis/6200medium.jpeg,3,6200medium,jpeg,281,500,0.562,0.1405,portrait,conditionally_edible,Clitocybe Nebularis,ec9606339ce67398
Classes/conditionally_edible/wood_mushroom/7.png,3,7,png,512,512,1.0,0.262144,square,conditionally_edible,Wood Mushroom,9fe46d9a84418f74
Classes/conditionally_edible/wood_mushroom/2.png,3,2,png,512,512,1.0,0.262144,square,conditionally_edible,Wood Mushroom,833cf8c6d379189a
Classes/conditionally_edible/wood_mushroom/8.png,3,8,png,512,512,1.0,0.262144,square,conditionally_edible,Wood Mushroom,87a97b156a72646c
Classes/conditionally_edible/wood_mushroom/1.png,3,1,png,512,512,1.0,0.262144,square,conditionally_edible,Wood Mushroom,85b73e4838e8c9b5
Classes/conditionally_edible/wood_mushroom/11.png,3,11,png,512,512,1.0,0.262144,square,conditionally_edible,Wood Mushroom,cd87d274349349c7
Classes/conditionally_edible/Trametes versicolor/29635medium.jpeg,3,29635medium,jpeg,281,500,0.562,0.1405,portrait,conditionally_edible,Trametes Versicolor,90c7747a3b1f1968
Classes/conditionally_edible/Trametes versicolor/29429medium.jpg,3,29429medium,jpg,500,345,1.4492753623188406,0.1725,landscape,conditionally_edible,Trametes Versicolor,8487179a3cbc5cb5
Classes/conditionally_edible/Trametes versicolor/29440medium.jpeg,3,29440medium,jpeg,500,333,1.5015015015015014,0.1665,landscape,conditionally_edible,Trametes Versicolor,cad666cb344273d2
Classes/conditionally_edible/Trametes versicolor/29563medium.jpeg,3,29563medium,jpeg,375,500,0.75,0.1875,portrait,conditionally_edible,Trametes Versicolor,c4e63a137a4b274d
Classes/conditionally_edible/Trametes versicolor/29244medium.jpg,3,29244medium,jpg,374,500,0.748,0.187,portrait,conditionally_edible,Trametes Versicolor,b48263d953f205f9
Classes/conditionally_edible/orange_bolete/7.png,3,7,png,512,512,1.0,0.262144,square,conditionally_edible,Orange Bolete,92da69ae2573e1a4
Classes/conditionally_edible/orange_bolete/2.png,3,2,png,512,512,1.0,0.262144,square,conditionally_edible,Orange Bolete,c7a93ee90d0f2964
Classes/conditionally_edible/orange_bolete/8.png,3,8,png,512,512,1.0,0.262144,square,conditionally_edible,Orange Bolete,ccf3736431252337
Classes/conditionally_edible/orange_bolete/1.png,3,1,png,512,512,1.0,0.262144,square,conditionally_edible,Orange Bolete,9d243699769ea2b4
Classes/conditionally_edible/orange_bolete/11.png,3,11,png,512,512,1.0,0.262144,square,conditionally_edible,Orange Bolete,9ec994d0612746f7
Classes/conditionally_edible/Rhytisma acerinum/25510medium.jpeg,3,25510medium,jpeg,500,375,1.3333333333333333,0.1875,landscape,conditionally_edible,Rhytisma Acerinum,a53a525d463a68f5
Classes/conditionally_edible/Rhytisma acerinum/25492medium.jpg,3,25492medium,jpg,375,500,0.75,0.1875,portrait,conditionally_edible,Rhytisma Acerinum,f487906eee8d0f44
Classes/conditionally_edible/Rhytisma acerinum/25733medium.jpeg,3,25733medium,jpeg,375,500,0.75,0.1875,portrait,conditionally_edible,Rhytisma Acerinum,d2f9383572ab3530
Classes/conditionally_edible/Rhytisma acerinum/25776medium.jpeg,3,25776medium,jpeg,500,281,1.7793594306049825,0.1405,landscape,conditionally_edible,Rhytisma Acerinum,811c3f7d6223e70d
Classes/conditionally_edible/Rhytisma acerinum/25579medium.jpeg,3,25579medium,jpeg,500,339,1.4749262536873156,0.1695,landscape,conditionally_edible,Rhytisma Acerinum,ff08a24fbbe11b80
Classes/conditionally_edible/Urnula craterium/31366medium.jpeg,3,31366medium,jpeg,500,449,1.11358574610245,0.2245,landscape,conditionally_edible,Urnula Craterium,b5d6c256405aed3c
Classes/conditionally_edible/Urnula craterium/31401medium.jpeg,3,31401medium,jpeg,500,333,1.5015015015015014,0.1665,landscape,conditionally_edible,Urnula Craterium,b334cbb1d9c870d8
Classes/conditionally_edible/Urnula craterium/31514medium.jpeg,3,31514medium,jpeg,500,500,1.0,0.25,square,conditionally_edible,Urnula Craterium,a086ce6e1e3be1e2
Classes/conditionally_edible/Urnula craterium/31501medium.jpg,3,31501medium,jpg,500,333,1.5015015015015014,0.1665,landscape,conditionally_edible,Urnula Craterium,eb60963965ae8c87
Classes/conditionally_edible/Urnula craterium/31597medium.jpeg,3,31597medium,jpeg,500,225,2.2222222222222223,0.1125,landscape,conditionally_edible,Urnula Craterium,f6dc8905afa632a2
Classes/conditionally_edible/semifree_morel/7.png,3,7,png,512,512,1.0,0.262144,square,conditionally_edible,Semifree Morel,9c26ed59a6e31e50
Classes/conditionally_edible/semifree_morel/2.png,3,2,png,512,512,1.0,0.262144,square,conditionally_edible,Semifree Morel,e7b618d9873c80d9
Classes/conditionally_edible/semifree_morel/8.png,3,8,png,512,512,1.0,0.262144,square,conditionally_edible,Semifree Morel,c72cb273c4f1415d
Classes/conditionally_edible/semifree_morel/1.png,3,1,png,512,512,1.0,0.262144,square,conditionally_edible,Semifree Morel,99e0a6c92e1d5cd6
Classes/conditionally_edible/semifree_morel/11.png,3,11,png,512,512,1.0,0.262144,square,conditionally_edible,Semifree Morel,bb34dada16090d2f
Classes/conditionally_edible/white_fibrecap/7.png,3,7,png,512,512,1.0,0.262144,square,conditionally_edible,White Fibrecap,deda6564275606d4
Classes/conditionally_edible/white_fibrecap/2.png,3,2,png,512,512,1.0,0.262144,square,conditionally_edible,White Fibrecap,d8cc23629fd9913c
Classes/conditionally_edible/white_fibrecap/8.png,3,8,png,512,512,1.0,0.262144,square,conditionally_edible,White Fibrecap,98136664f2ced953
Classes/conditionally_edible/white_fibrecap/1.png,3,1,png,512,512,1.0,0.262144,square,conditionally_edible,White Fibrecap,d93627715e87d04c
Classes/conditionally_edible/white_fibrecap/11.png,3,11,png,512,512,1.0,0.262144,square,conditionally_edible,White Fibrecap,99d9636636d8d988
Classes/conditionally_edible/magpie_inkcap/7.png,3,7,png,512,512,1.0,0.262144,square,conditionally_edible,Magpie Inkcap,9bab2648960674df
Classes/conditionally_edible/magpie_inkcap/2.png,3,2,png,512,512,1.0,0.262144,square,conditionally_edible,Magpie Inkcap,998c32532ef33d92
Classes/conditionally_edible/magpie_inkcap/8.png,3,8,png,512,512,1.0,0.262144,square,conditionally_edible,Magpie Inkcap,d798db212f267e10
Classes/conditionally_edible/magpie_inkcap/1.png,3,1,png,512,512,1.0,0.262144,square,conditionally_edible,Magpie Inkcap,b1d5dc0e2576c2e2
Classes/conditionally_edible/magpie_inkcap/11.png,3,11,png,512,512,1.0,0.262144,square,conditionally_edible,Magpie Inkcap,ca137cc532de630e
Classes/conditionally_edible/wood_blewit/7.png,3,7,png,512,512,1.0,0.262144,square,conditionally_edible,Wood Blewit,d53c231b668c570f
Classes/conditionally_edible/wood_blewit/2.png,3,2,png,512,512,1.0,0.262144,square,conditionally_edible,Wood Blewit,c3c2392ddee22335
Classes/conditionally_edible/wood_blewit/8.png,3,8,png,512,512,1.0,0.262144,square,conditionally_edible,Wood Blewit,c4c66f2b95d4ca49
Classes/conditionally_edible/wood_blewit/1.png,3,1,png,512,512,1.0,0.262144,square,conditionally_edible,Wood Blewit,d9662669d3ca29b8
Classes/conditionally_edible/wood_blewit/11.png,3,11,png,512,512,1.0,0.262144,square,conditionally_edible,Wood Blewit,91f16e0e95e1923e
Classes/conditionally_edible/fools_funnel/7.png,3,7,png,512,512,1.0,0.262144,square,conditionally_edible,Fools Funnel,87a36a4e359db298
Classes/conditionally_edible/fools_funnel/2.png,3,2,png,512,512,1.0,0.262144,square,conditionally_edible,Fools Funnel,d791386e4ec6b1b0
Classes/conditionally_edible/fools_funnel/8.png,3,8,png,512,512,1.0,0.262144,square,conditionally_edible,Fools Funnel,d9c4b27c6c29e0d9
Classes/conditionally_edible/fools_funnel/1.png,3,1,png,512,512,1.0,0.262144,square,conditionally_edible,Fools Funnel,90d97b736c66c4c2
Classes/conditionally_edible/fools_funnel/11.png,3,11,png,512,512,1.0,0.262144,square,conditionally_edible,Fools Funnel,c6c33b3b392ca4b4
Classes/conditionally_edible/pine_bolete/7.png,3,7,png,512,512,1.0,0.262144,square,conditionally_edible,Pine Bolete,cc6744c9266ccb3e
Classes/conditionally_edible/pine_bolete/2.png,3,2,png,512,512,1.0,0.262144,square,conditionally_edible,Pine Bolete,f2928fe0da6b618c
Classes/conditionally_edible/pine_bolete/8.png,3,8,png,512,512,1.0,0.262144,square,conditionally_edible,Pine Bolete,b487e79c0e499b46
Classes/conditionally_edible/pine_bolete/1.png,3,1,png,512,512,1.0,0.262144,square,conditionally_edible,Pine Bolete,a9d63096d9d1c96c
Classes/conditionally_edible/pine_bolete/11.png,3,11,png,512,512,1.0,0.262144,square,conditionally_edible,Pine Bolete,cda3b0cc6347ce38
Classes/poisonous/Amanita rubescens/818medium.jpeg,3,818medium,jpeg,281,500,0.562,0.1405,portrait,poisonous,Amanita Rubescens,9a8d355fb4b19321
Classes/poisonous/Amanita rubescens/1056medium.jpg,3,1056medium,jpg,500,375,1.3333333333333333,0.1875,landscape,poisonous,Amanita Rubescens,83e5307ed4b09da3
Classes/poisonous/Amanita rubescens/991medium.jpeg,3,991medium,jpeg,500,375,1.3333333333333333,0.1875,landscape,poisonous,Amanita Rubescens,e6923b68c43523fc
Classes/poisonous/Amanita rubescens/875medium.jpeg,3,875medium,jpeg,500,500,1.0,0.25,square,poisonous,Amanita Rubescens,95c86a72bc8d03f5
Classes/poisonous/Amanita rubescens/1060medium.jpeg,3,1060medium,jpeg,500,376,1.3297872340425532,0.188,landscape,poisonous,Amanita Rubescens,dd983263cfd520ac
Classes/poisonous/Amanita muscaria/3769medium.jpg,3,3769medium,jpg,500,375,1.3333333333333333,0.1875,landscape,poisonous,Amanita Muscaria,e7c26a6d63ec8194
Classes/poisonous/Amanita muscaria/3010medium.jpeg,3,3010medium,jpeg,281,500,0.562,0.1405,portrait,poisonous,Amanita Muscaria,9280e32c7cf6f0da
Classes/poisonous/Amanita muscaria/1261medium.jpeg,3,1261medium,jpeg,375,500,0.75,0.1875,portrait,poisonous,Amanita Muscaria,a8933b2cd3cf0c55
Classes/poisonous/Amanita muscaria/862medium.jpg,3,862medium,jpg,375,500,0.75,0.1875,portrait,poisonous,Amanita Muscaria,88fb7455cab1b82c
Classes/poisonous/Amanita muscaria/1646medium.jpeg,3,1646medium,jpeg,281,500,0.562,0.1405,portrait,poisonous,Amanita Muscaria,a8d6a76a377208cb
Classes/conditionally_edible/Coprinopsis_atramentaria/Coprinopsis_atramentaria56.png,3,Coprinopsis_atramentaria56,png,275,183,1.5027322404371584,0.050325,landscape,poisonous,Coprinopsis Atramentaria,99f24e8e7d313132
Classes/poisonous/Coprinopsis atramentaria/7854medium.jpg,3,7854medium,jpg,375,500,0.75,0.1875,portrait,poisonous,Coprinopsis Atramentaria,dceb27c6613ac08d
Classes/poisonous/Coprinopsis atramentaria/7677medium.jpg,3,7677medium,jpg,375,500,0.75,0.1875,portrait,poisonous,Coprinopsis Atramentaria,f29bc98c26b6c989
Classes/conditionally_edible/Coprinopsis_atramentaria/Coprinopsis_atramentaria25.png,3,Coprinopsis_atramentaria25,png,259,194,1.3350515463917525,0.050246,landscape,poisonous,Coprinopsis Atramentaria,85c83a36e99d966a
Classes/poisonous/Coprinopsis atramentaria/7852medium.jpeg,3,7852medium,jpeg,363,500,0.726,0.1815,portrait,poisonous,Coprinopsis Atramentaria,9cc83a22b4f74357
Classes/poisonous/Gyromitra esculenta/11060medium.jpeg,3,11060medium,jpeg,500,333,1.5015015015015014,0.1665,landscape,poisonous,Gyromitra Esculenta,a7c89ca3232ed8b9
Classes/poisonous/Gyromitra esculenta/11247medium.jpeg,3,11247medium,jpeg,500,333,1.5015015015015014,0.1665,landscape,poisonous,Gyromitra Esculenta,eb94de0a5d2c3307
Classes/conditionally_edible/Gyromitra_esculenta/Gyromitra_esculenta14.png,3,Gyromitra_esculenta14,png,100,100,1.0,0.01,square,poisonous,Gyromitra Esculenta,b96b3a3cc616b4c4
Classes/poisonous/Gyromitra esculenta/11022medium.jpeg,3,11022medium,jpeg,500,333,1.5015015015015014,0.1665,landscape,poisonous,Gyromitra Esculenta,fec0a1a385aeac8e
Classes/poisonous/Gyromitra esculenta/10827medium.jpeg,3,10827medium,jpeg,500,375,1.3333333333333333,0.1875,landscape,poisonous,Gyromitra Esculenta,f88744595f22939e
Classes/poisonous/Amanita_abrupta/Amanita_abrupta6.png,3,Amanita_abrupta6,png,168,300,0.56,0.0504,portrait,poisonous,Amanita Abrupta,ce9c33c37073c2c3
Classes/poisonous/Amanita_abrupta/Amanita_abrupta9.png,3,Amanita_abrupta9,png,276,183,1.5081967213114753,0.050508,landscape,poisonous,Amanita Abrupta,944b4b9433f4f46a
Classes/poisonous/Amanita_abrupta/Amanita_abrupta0.png,3,Amanita_abrupta0,png,100,100,1.0,0.01,square,poisonous,Amanita Abrupta,c8c1c30e1b2f4b9f
Classes/poisonous/Amanita_abrupta/Amanita_abrupta16.png,3,Amanita_abrupta16,png,194,259,0.749034749034749,0.050246,portrait,poisonous,Amanita Abrupta,9b6c657b84982f23
Classes/poisonous/Amanita_abrupta/Amanita_abrupta7.png,3,Amanita_abrupta7,png,194,259,0.749034749034749,0.050246,portrait,poisonous,Amanita Abrupta,d9c2162b6e793495
Classes/poisonous/scarlet_elfcup/7.png,3,7,png,512,512,1.0,0.262144,square,poisonous,Scarlet Elfcup,d8cc2e88382fe9c7
Classes/poisonous/scarlet_elfcup/2.png,3,2,png,512,512,1.0,0.262144,square,poisonous,Scarlet Elfcup,f343090c36b13ef3
Classes/poisonous/scarlet_elfcup/8.png,3,8,png,512,512,1.0,0.262144,square,poisonous,Scarlet Elfcup,94c96b4fa8abc392
Classes/poisonous/scarlet_elfcup/1.png,3,1,png,512,512,1.0,0.262144,square,poisonous,Scarlet Elfcup,9993366c4c99370f
Classes/poisonous/scarlet_elfcup/11.png,3,11,png,512,512,1.0,0.262144,square,poisonous,Scarlet Elfcup,d3923c6dc1c2563d
Classes/poisonous/Tricholoma_pardinum/Tricholoma_pardinum5.png,3,Tricholoma_pardinum5,png,100,100,1.0,0.01,square,poisonous,Tricholoma Pardinum,e6e1510e6f758d88
Classes/poisonous/Tricholoma_pardinum/Tricholoma_pardinum20.png,3,Tricholoma_pardinum20,png,263,192,1.3697916666666667,0.050496,landscape,poisonous,Tricholoma Pardinum,c4c75b5c64638cdc
Classes/poisonous/Tricholoma_pardinum/Tricholoma_pardinum26.png,3,Tricholoma_pardinum26,png,275,183,1.5027322404371584,0.050325,landscape,poisonous,Tricholoma Pardinum,852d6bb2f64d8523
Classes/poisonous/Tricholoma_pardinum/Tricholoma_pardinum3.png,3,Tricholoma_pardinum3,png,100,100,1.0,0.01,square,poisonous,Tricholoma Pardinum,c2ac4dc6379be624
Classes/poisonous/Tricholoma_pardinum/Tricholoma_pardinum12.png,3,Tricholoma_pardinum12,png,265,190,1.394736842105263,0.05035,landscape,poisonous,Tricholoma Pardinum,c0f76fda602d8334
Classes/poisonous/Helvella_dryophila/Helvella_dryophila18.png,3,Helvella_dryophila18,png,266,190,1.4,0.05054,landscape,poisonous,Helvella Dryophila,b0e68fc9271e4ba2
Classes/poisonous/Helvella_dryophila/Helvella_dryophila1.png,3,Helvella_dryophila1,png,100,100,1.0,0.01,square,poisonous,Helvella Dryophila,bd65c2d9231f51a4
Classes/poisonous/Helvella_dryophila/Helvella_dryophila2.png,3,Helvella_dryophila2,png,100,100,1.0,0.01,square,poisonous,Helvella Dryophila,e5294b9745419adb
Classes/poisonous/Helvella_dryophila/Helvella_dryophila9.png,3,Helvella_dryophila9,png,100,100,1.0,0.01,square,poisonous,Helvella Dryophila,9063df1fe1146b98
Classes/poisonous/Helvella_dryophila/Helvella_dryophila7.png,3,Helvella_dryophila7,png,100,100,1.0,0.01,square,poisonous,Helvella Dryophila,f8c7e49f0b64b218
Classes/poisonous/Cortinarius_cruentus/Cortinarius_cruentus26.png,3,Cortinarius_cruentus26,png,275,183,1.5027322404371584,0.050325,landscape,poisonous,Cortinarius Cruentus,ca5b94352ca99673
Classes/poisonous/Cortinarius_cruentus/Cortinarius_cruentus9.png,3,Cortinarius_cruentus9,png,275,183,1.5027322404371584,0.050325,landscape,poisonous,Cortinarius Cruentus,a6d29c496115be97
Classes/poisonous/Cortinarius_cruentus/Cortinarius_cruentus22.png,3,Cortinarius_cruentus22,png,183,275,0.6654545454545454,0.050325,portrait,poisonous,Cortinarius Cruentus,abdc96311ae6918d
Classes/poisonous/Cortinarius_cruentus/Cortinarius_cruentus32.png,3,Cortinarius_cruentus32,png,259,194,1.3350515463917525,0.050246,landscape,poisonous,Cortinarius Cruentus,e29468bb94ef211b
Classes/poisonous/Cortinarius_cruentus/Cortinarius_cruentus46.png,3,Cortinarius_cruentus46,png,261,193,1.3523316062176165,0.050373,landscape,poisonous,Cortinarius Cruentus,a88697f9e38dc04b
Classes/poisonous/Agaricus_xanthodermus/Agaricus_xanthodermus31.png,3,Agaricus_xanthodermus31,png,226,223,1.0134529147982063,0.050398,landscape,poisonous,Agaricus Xanthodermus,94d0e26d6d363595
Classes/poisonous/Agaricus_xanthodermus/Agaricus_xanthodermus24.png,3,Agaricus_xanthodermus24,png,259,194,1.3350515463917525,0.050246,landscape,poisonous,Agaricus Xanthodermus,870d74603de4317f
Classes/poisonous/Agaricus_xanthodermus/Agaricus_xanthodermus38.png,3,Agaricus_xanthodermus38,png,278,181,1.5359116022099448,0.050318,landscape,poisonous,Agaricus Xanthodermus,e1d20eb4630fb837
Classes/poisonous/Agaricus_xanthodermus/Agaricus_xanthodermus34.png,3,Agaricus_xanthodermus34,png,259,194,1.3350515463917525,0.050246,landscape,poisonous,Agaricus Xanthodermus,90ce1b696c303de7
Classes/poisonous/Agaricus_xanthodermus/Agaricus_xanthodermus7.png,3,Agaricus_xanthodermus7,png,100,100,1.0,0.01,square,poisonous,Agaricus Xanthodermus,85715893b396567a
Classes/poisonous/white_saddle/7.png,3,7,png,512,512,1.0,0.262144,square,poisonous,White Saddle,ccf2686db72461f0
Classes/poisonous/white_saddle/2.png,3,2,png,512,512,1.0,0.262144,square,poisonous,White Saddle,dcbe74e9224cd09c
Classes/poisonous/white_saddle/8.png,3,8,png,512,512,1.0,0.262144,square,poisonous,White Saddle,94ca6b3c6cbdc096
Classes/poisonous/white_saddle/1.png,3,1,png,512,512,1.0,0.262144,square,poisonous,White Saddle,e09a1fe1704fade0
Classes/poisonous/white_saddle/11.png,3,11,png,512,512,1.0,0.262144,square,poisonous,White Saddle,92b269cde61c8bd1
Classes/poisonous/Amanita_velatipes/Amanita_velatipes23.png,3,Amanita_velatipes23,png,259,194,1.3350515463917525,0.050246,landscape,poisonous,Amanita Velatipes,db8e6979363c6034
Classes/poisonous/Amanita_velatipes/Amanita_velatipes17.png,3,Amanita_velatipes17,png,234,215,1.088372093023256,0.05031,landscape,poisonous,Amanita Velatipes,c4f80f0f786cb4e2
Classes/poisonous/Amanita_velatipes/Amanita_velatipes28.png,3,Amanita_velatipes28,png,240,147,1.6326530612244898,0.03528,landscape,poisonous,Amanita Velatipes,97b9785615d26463
Classes/poisonous/Amanita_velatipes/Amanita_velatipes24.png,3,Amanita_velatipes24,png,259,194,1.3350515463917525,0.050246,landscape,poisonous,Amanita Velatipes,c83499fc50bd926d
Classes/poisonous/Amanita_velatipes/Amanita_velatipes15.png,3,Amanita_velatipes15,png,195,258,0.7558139534883721,0.05031,portrait,poisonous,Amanita Velatipes,838c3e913f63655a
Classes/poisonous/Amanita_pseudorubescens/Amanita_pseudorubescens6.png,3,Amanita_pseudorubescens6,png,100,100,1.0,0.01,square,poisonous,Amanita Pseudorubescens,c4b27b0c362fa94e
Classes/poisonous/Amanita_pseudorubescens/Amanita_pseudorubescens20.png,3,Amanita_pseudorubescens20,png,275,183,1.5027322404371584,0.050325,landscape,poisonous,Amanita Pseudorubescens,8dc37530342ec5db
Classes/poisonous/Amanita_pseudorubescens/Amanita_pseudorubescens16.png,3,Amanita_pseudorubescens16,png,259,194,1.3350515463917525,0.050246,landscape,poisonous,Amanita Pseudorubescens,b4c22f344a0dfb56
Classes/poisonous/Amanita_pseudorubescens/Amanita_pseudorubescens19.png,3,Amanita_pseudorubescens19,png,194,259,0.749034749034749,0.050246,portrait,poisonous,Amanita Pseudorubescens,c80776fc83c2ad36
Classes/poisonous/Amanita_pseudorubescens/Amanita_pseudorubescens0.png,3,Amanita_pseudorubescens0,png,100,100,1.0,0.01,square,poisonous,Amanita Pseudorubescens,8de67360a3cb8e29
Classes/poisonous/king_alfreds_cakes/7.png,3,7,png,512,512,1.0,0.262144,square,poisonous,King Alfreds Cakes,ac9ce1639394a9ec
Classes/poisonous/king_alfreds_cakes/2.png,3,2,png,512,512,1.0,0.262144,square,poisonous,King Alfreds Cakes,8e58b1c693b48be6
Classes/poisonous/king_alfreds_cakes/8.png,3,8,png,512,512,1.0,0.262144,square,poisonous,King Alfreds Cakes,b5d5912d197479a2
Classes/poisonous/king_alfreds_cakes/1.png,3,1,png,512,512,1.0,0.262144,square,poisonous,King Alfreds Cakes,a51b0261d8e79c9f
Classes/poisonous/king_alfreds_cakes/11.png,3,11,png,512,512,1.0,0.262144,square,poisonous,King Alfreds Cakes,f2d34c4f166b2c94
Classes/poisonous/Amanita_gracilior/Amanita_gracilior0.png,3,Amanita_gracilior0,png,100,100,1.0,0.01,square,poisonous,Amanita Gracilior,f2b61cd9f624c146
Classes/poisonous/Amanita_gracilior/Amanita_gracilior22.png,3,Amanita_gracilior22,png,259,194,1.3350515463917525,0.050246,landscape,poisonous,Amanita Gracilior,e29b206d9693396d
Classes/poisonous/Amanita_gracilior/Amanita_gracilior2.png,3,Amanita_gracilior2,png,100,100,1.0,0.01,square,poisonous,Amanita Gracilior,ccd0336f4f0c5c9c
Classes/poisonous/Amanita_gracilior/Amanita_gracilior4.png,3,Amanita_gracilior4,png,100,100,1.0,0.01,square,poisonous,Amanita Gracilior,84b7b8696d495e54
Classes/poisonous/Amanita_gracilior/Amanita_gracilior34.png,3,Amanita_gracilior34,png,260,194,1.3402061855670102,0.05044,landscape,poisonous,Amanita Gracilior,9ccb4294fc26267e
Classes/poisonous/Helvella_crispa/Helvella_crispa25.png,3,Helvella_crispa25,png,273,184,1.483695652173913,0.050232,landscape,poisonous,Helvella Crispa,c5b42e5a72c97ad0
Classes/poisonous/Helvella_crispa/Helvella_crispa4.png,3,Helvella_crispa4,png,100,100,1.0,0.01,square,poisonous,Helvella Crispa,cc9af1cf3c25230b
Classes/poisonous/Helvella_crispa/Helvella_crispa2.png,3,Helvella_crispa2,png,100,100,1.0,0.01,square,poisonous,Helvella Crispa,9cefda5864936492
Classes/poisonous/Helvella_crispa/Helvella_crispa23.png,3,Helvella_crispa23,png,269,188,1.430851063829787,0.050572,landscape,poisonous,Helvella Crispa,c3e17096b81a2fb6
Classes/poisonous/Helvella_crispa/Helvella_crispa11.png,3,Helvella_crispa11,png,100,100,1.0,0.01,square,poisonous,Helvella Crispa,ccb3829f2d383ae8
Classes/poisonous/Amanita_ceciliae/Amanita_ceciliae12.png,3,Amanita_ceciliae12,png,220,165,1.3333333333333333,0.0363,landscape,poisonous,Amanita Ceciliae,8d46620db751dae5
Classes/poisonous/Amanita_ceciliae/Amanita_ceciliae15.png,3,Amanita_ceciliae15,png,150,225,0.6666666666666666,0.03375,portrait,poisonous,Amanita Ceciliae,99e4e69b6b862790
Classes/poisonous/Amanita_ceciliae/Amanita_ceciliae13.png,3,Amanita_ceciliae13,png,250,202,1.2376237623762376,0.0505,landscape,poisonous,Amanita Ceciliae,d7d85a4b7c596821
Classes/poisonous/Amanita_ceciliae/Amanita_ceciliae19.png,3,Amanita_ceciliae19,png,259,194,1.3350515463917525,0.050246,landscape,poisonous,Amanita Ceciliae,db02705b7478e6d8
Classes/poisonous/Amanita_ceciliae/Amanita_ceciliae0.png,3,Amanita_ceciliae0,png,100,100,1.0,0.01,square,poisonous,Amanita Ceciliae,cc9679997633ac11
Classes/poisonous/Amanita_nehuta/Amanita_nehuta13.png,3,Amanita_nehuta13,png,263,191,1.3769633507853405,0.050233,landscape,poisonous,Amanita Nehuta,c7960a69723eb4c5
Classes/poisonous/Amanita_nehuta/Amanita_nehuta20.png,3,Amanita_nehuta20,png,263,191,1.3769633507853405,0.050233,landscape,poisonous,Amanita Nehuta,9dda272df261012f
Classes/poisonous/Amanita_nehuta/Amanita_nehuta17.png,3,Amanita_nehuta17,png,234,216,1.0833333333333333,0.050544,landscape,poisonous,Amanita Nehuta,c0c26a7f3f92f430
Classes/poisonous/Amanita_nehuta/Amanita_nehuta27.png,3,Amanita_nehuta27,png,263,191,1.3769633507853405,0.050233,landscape,poisonous,Amanita Nehuta,c4e43231e8d9eea6
Classes/poisonous/Amanita_nehuta/Amanita_nehuta22.png,3,Amanita_nehuta22,png,193,261,0.7394636015325671,0.050373,portrait,poisonous,Amanita Nehuta,d984263b692eb3b4
Classes/poisonous/white_false_death_cap/7.png,3,7,png,512,512,1.0,0.262144,square,poisonous,White False Death Cap,cc9a363d39613276
Classes/poisonous/white_false_death_cap/2.png,3,2,png,512,512,1.0,0.262144,square,poisonous,White False Death Cap,88ce773164e3c29b
Classes/poisonous/white_false_death_cap/8.png,3,8,png,512,512,1.0,0.262144,square,poisonous,White False Death Cap,d9c68f35346d61d0
Classes/poisonous/white_false_death_cap/1.png,3,1,png,512,512,1.0,0.262144,square,poisonous,White False Death Cap,988961f9617786ae
Classes/poisonous/white_false_death_cap/11.png,3,11,png,512,512,1.0,0.262144,square,poisonous,White False Death Cap,99c65a79743324a7
Classes/poisonous/Agaricus_moelleri/Agaricus_moelleri6.png,3,Agaricus_moelleri6,png,100,100,1.0,0.01,square,poisonous,Agaricus Moelleri,e89d1d637214637a
Classes/poisonous/Agaricus_moelleri/Agaricus_moelleri32.png,3,Agaricus_moelleri32,png,262,192,1.3645833333333333,0.050304,landscape,poisonous,Agaricus Moelleri,868779383393c74e
Classes/poisonous/Agaricus_moelleri/Agaricus_moelleri45.png,3,Agaricus_moelleri45,png,275,183,1.5027322404371584,0.050325,landscape,poisonous,Agaricus Moelleri,979c096f6864b723
Classes/poisonous/Agaricus_moelleri/Agaricus_moelleri30.png,3,Agaricus_moelleri30,png,275,183,1.5027322404371584,0.050325,landscape,poisonous,Agaricus Moelleri,9ee169b626996631
Classes/poisonous/Agaricus_moelleri/Agaricus_moelleri51.png,3,Agaricus_moelleri51,png,250,202,1.2376237623762376,0.0505,landscape,poisonous,Agaricus Moelleri,ce8c3171cfcee124
Classes/poisonous/Rubroboletus_lupinus/Rubroboletus_lupinus19.png,3,Rubroboletus_lupinus19,png,260,193,1.3471502590673574,0.05018,landscape,poisonous,Rubroboletus Lupinus,8e1a734d3c3231bd
Classes/poisonous/Rubroboletus_lupinus/Rubroboletus_lupinus4.png,3,Rubroboletus_lupinus4,png,100,100,1.0,0.01,square,poisonous,Rubroboletus Lupinus,fccb9e1568322c5c
Classes/poisonous/Rubroboletus_lupinus/Rubroboletus_lupinus7.png,3,Rubroboletus_lupinus7,png,100,100,1.0,0.01,square,poisonous,Rubroboletus Lupinus,e1c79a3de14f8458
Classes/poisonous/Rubroboletus_lupinus/Rubroboletus_lupinus18.png,3,Rubroboletus_lupinus18,png,259,194,1.3350515463917525,0.050246,landscape,poisonous,Rubroboletus Lupinus,ddc86f247725d230
Classes/poisonous/Rubroboletus_lupinus/Rubroboletus_lupinus10.png,3,Rubroboletus_lupinus10,png,100,100,1.0,0.01,square,poisonous,Rubroboletus Lupinus,f4a70a2c0d61cb7b
Classes/poisonous/Cortinarius_smithii/Cortinarius_smithii35.png,3,Cortinarius_smithii35,png,100,100,1.0,0.01,square,poisonous,Cortinarius Smithii,feb1d6015b2e0b54
Classes/poisonous/Cortinarius_smithii/Cortinarius_smithii5.png,3,Cortinarius_smithii5,png,100,100,1.0,0.01,square,poisonous,Cortinarius Smithii,8128bfc773c67198
Classes/poisonous/Cortinarius_smithii/Cortinarius_smithii7.png,3,Cortinarius_smithii7,png,100,100,1.0,0.01,square,poisonous,Cortinarius Smithii,c1c33c975b3c4ec8
Classes/poisonous/Cortinarius_smithii/Cortinarius_smithii22.png,3,Cortinarius_smithii22,png,183,275,0.6654545454545454,0.050325,portrait,poisonous,Cortinarius Smithii,c63a2939b0c6f783
Classes/poisonous/Cortinarius_smithii/Cortinarius_smithii30.png,3,Cortinarius_smithii30,png,258,195,1.323076923076923,0.05031,landscape,poisonous,Cortinarius Smithii,f29ddb2e010cb726
Classes/poisonous/Cortinarius_cinnamomeoluteus/Cortinarius_cinnamomeoluteus31.png,3,Cortinarius_cinnamomeoluteus31,png,259,194,1.3350515463917525,0.050246,landscape,poisonous,Cortinarius Cinnamomeoluteus,89c3363c6f9e9c12
Classes/poisonous/Cortinarius_cinnamomeoluteus/Cortinarius_cinnamomeoluteus28.png,3,Cortinarius_cinnamomeoluteus28,png,275,183,1.5027322404371584,0.050325,landscape,poisonous,Cortinarius Cinnamomeoluteus,d95ab5faf143042a
Classes/poisonous/Cortinarius_cinnamomeoluteus/Cortinarius_cinnamomeoluteus9.png,3,Cortinarius_cinnamomeoluteus9,png,100,100,1.0,0.01,square,poisonous,Cortinarius Cinnamomeoluteus,fe1e8027f5a1940f
Classes/poisonous/Cortinarius_cinnamomeoluteus/Cortinarius_cinnamomeoluteus43.png,3,Cortinarius_cinnamomeoluteus43,png,290,174,1.6666666666666667,0.05046,landscape,poisonous,Cortinarius Cinnamomeoluteus,b0d79d8df412d303
Classes/poisonous/Cortinarius_cinnamomeoluteus/Cortinarius_cinnamomeoluteus13.png,3,Cortinarius_cinnamomeoluteus13,png,100,100,1.0,0.01,square,poisonous,Cortinarius Cinnamomeoluteus,c4249a8fba1b391f
Classes/poisonous/Armillaria_mellea/Armillaria_mellea44.png,3,Armillaria_mellea44,png,275,183,1.5027322404371584,0.050325,landscape,poisonous,Armillaria Mellea,d2c4396f64689697
Classes/poisonous/Armillaria_mellea/Armillaria_mellea5.png,3,Armillaria_mellea5,png,100,100,1.0,0.01,square,poisonous,Armillaria Mellea,bbf7643458d8524a
Classes/poisonous/Armillaria_mellea/Armillaria_mellea13.png,3,Armillaria_mellea13,png,100,100,1.0,0.01,square,poisonous,Armillaria Mellea,839844e63b4c36df
Classes/poisonous/Armillaria_mellea/Armillaria_mellea37.png,3,Armillaria_mellea37,png,259,194,1.3350515463917525,0.050246,landscape,poisonous,Armillaria Mellea,97ca68b5114da676
Classes/poisonous/Armillaria_mellea/Armillaria_mellea28.png,3,Armillaria_mellea28,png,100,100,1.0,0.01,square,poisonous,Armillaria Mellea,dc8d03507e5b3c2e
Classes/poisonous/Omphalotus_nidiformis/Omphalotus_nidiformis9.png,3,Omphalotus_nidiformis9,png,100,100,1.0,0.01,square,poisonous,Omphalotus Nidiformis,95d179380b623e5e
Classes/poisonous/Omphalotus_nidiformis/Omphalotus_nidiformis29.png,3,Omphalotus_nidiformis29,png,277,182,1.521978021978022,0.050414,landscape,poisonous,Omphalotus Nidiformis,f4342fce1b70cc0b
Classes/poisonous/Omphalotus_nidiformis/Omphalotus_nidiformis27.png,3,Omphalotus_nidiformis27,png,290,174,1.6666666666666667,0.05046,landscape,poisonous,Omphalotus Nidiformis,d7c12e1ec0c61ef8
Classes/poisonous/Omphalotus_nidiformis/Omphalotus_nidiformis1.png,3,Omphalotus_nidiformis1,png,100,100,1.0,0.01,square,poisonous,Omphalotus Nidiformis,d2c92930bf1f83ca
Classes/poisonous/Omphalotus_nidiformis/Omphalotus_nidiformis3.png,3,Omphalotus_nidiformis3,png,100,100,1.0,0.01,square,poisonous,Omphalotus Nidiformis,c0133fecc1d39d26
Classes/poisonous/Rubroboletus_satanas/Rubroboletus_satanas0.png,3,Rubroboletus_satanas0,png,278,182,1.5274725274725274,0.050596,landscape,poisonous,Rubroboletus Satanas,c6453e3e1dc8c479
Classes/poisonous/Rubroboletus_satanas/Rubroboletus_satanas11.png,3,Rubroboletus_satanas11,png,225,225,1.0,0.050625,square,poisonous,Rubroboletus Satanas,91b147706ab39d17
Classes/poisonous/Rubroboletus_satanas/Rubroboletus_satanas5.png,3,Rubroboletus_satanas5,png,225,225,1.0,0.050625,square,poisonous,Rubroboletus Satanas,c9863e3960c79a3e
Classes/poisonous/Rubroboletus_satanas/Rubroboletus_satanas12.png,3,Rubroboletus_satanas12,png,265,190,1.394736842105263,0.05035,landscape,poisonous,Rubroboletus Satanas,d31c8c7be625921e
Classes/poisonous/Rubroboletus_satanas/Rubroboletus_satanas14.png,3,Rubroboletus_satanas14,png,262,192,1.3645833333333333,0.050304,landscape,poisonous,Rubroboletus Satanas,f4913bf8c89366c8
Classes/poisonous/oak_polypore/1.png,3,1,png,512,512,1.0,0.262144,square,poisonous,Oak Polypore,8495788f33709f63
Classes/poisonous/oak_polypore/9.png,3,9,png,512,512,1.0,0.262144,square,poisonous,Oak Polypore,9a3365ce2d66c68c
Classes/poisonous/oak_polypore/6.png,3,6,png,512,512,1.0,0.262144,square,poisonous,Oak Polypore,8aa96996835adf45
Classes/poisonous/oak_polypore/8.png,3,8,png,512,512,1.0,0.262144,square,poisonous,Oak Polypore,bee5951a4b2cb4c2
Classes/poisonous/oak_polypore/3.png,3,3,png,512,512,1.0,0.262144,square,poisonous,Oak Polypore,f8cf2f3292cb0994
Classes/poisonous/Russula_olivacea/Russula_olivacea0.png,3,Russula_olivacea0,png,100,100,1.0,0.01,square,poisonous,Russula Olivacea,d36f2dd0714b6449
Classes/poisonous/Russula_olivacea/Russula_olivacea6.png,3,Russula_olivacea6,png,100,100,1.0,0.01,square,poisonous,Russula Olivacea,f1ce0e757883093e
Classes/poisonous/Russula_olivacea/Russula_olivacea9.png,3,Russula_olivacea9,png,100,100,1.0,0.01,square,poisonous,Russula Olivacea,f08909e63f788e53
Classes/poisonous/Russula_olivacea/Russula_olivacea15.png,3,Russula_olivacea15,png,259,194,1.3350515463917525,0.050246,landscape,poisonous,Russula Olivacea,919b6e64a15d9297
Classes/poisonous/Russula_olivacea/Russula_olivacea1.png,3,Russula_olivacea1,png,100,100,1.0,0.01,square,poisonous,Russula Olivacea,b1d48f90773e0867
Classes/poisonous/Amanita_heterochroma/Amanita_heterochroma21.png,3,Amanita_heterochroma21,png,275,183,1.5027322404371584,0.050325,landscape,poisonous,Amanita Heterochroma,9833666c33d69999
Classes/poisonous/Amanita_heterochroma/Amanita_heterochroma2.png,3,Amanita_heterochroma2,png,100,100,1.0,0.01,square,poisonous,Amanita Heterochroma,c3266c4b2fd92d98
Classes/poisonous/Amanita_heterochroma/Amanita_heterochroma18.png,3,Amanita_heterochroma18,png,249,203,1.2266009852216748,0.050547,landscape,poisonous,Amanita Heterochroma,c7584a873cc63f0b
Classes/poisonous/Amanita_heterochroma/Amanita_heterochroma28.png,3,Amanita_heterochroma28,png,297,170,1.7470588235294118,0.05049,landscape,poisonous,Amanita Heterochroma,81947a6ad9ad6b07
Classes/poisonous/Amanita_heterochroma/Amanita_heterochroma9.png,3,Amanita_heterochroma9,png,259,194,1.3350515463917525,0.050246,landscape,poisonous,Amanita Heterochroma,8bb47c72f46c7248
Classes/poisonous/destroying_angel/6.png,3,6,png,512,512,1.0,0.262144,square,poisonous,Destroying Angel,999bce2d65257126
Classes/poisonous/destroying_angel/3.png,3,3,png,512,512,1.0,0.262144,square,poisonous,Destroying Angel,9e87636c343299cd
Classes/poisonous/destroying_angel/8.png,3,8,png,512,512,1.0,0.262144,square,poisonous,Destroying Angel,8db35a20793534bb
Classes/poisonous/destroying_angel/1.png,3,1,png,512,512,1.0,0.262144,square,poisonous,Destroying Angel,8d9a96b337606565
Classes/poisonous/destroying_angel/10.png,3,10,png,512,512,1.0,0.262144,square,poisonous,Destroying Angel,8a7629e557684657
Classes/poisonous/Amanita pantherina/299medium.jpeg,3,299medium,jpeg,500,375,1.3333333333333333,0.1875,landscape,poisonous,Amanita Pantherina,e7a09217e46c8dd9
Classes/poisonous/Amanita pantherina/362medium.jpeg,3,362medium,jpeg,500,231,2.1645021645021645,0.1155,landscape,poisonous,Amanita Pantherina,b91a3ef5a6347640
Classes/poisonous/Amanita pantherina/613medium.jpg,3,613medium,jpg,375,500,0.75,0.1875,portrait,poisonous,Amanita Pantherina,cab134cbd16cc533
Classes/poisonous/Amanita pantherina/461medium.jpg,3,461medium,jpg,375,500,0.75,0.1875,portrait,poisonous,Amanita Pantherina,c983348dda7429db
Classes/poisonous/Amanita pantherina/367medium.jpeg,3,367medium,jpeg,375,500,0.75,0.1875,portrait,poisonous,Amanita Pantherina,9a84310b9f50f96f
Classes/poisonous/Rubroboletus_legaliae/Rubroboletus_legaliae31.png,3,Rubroboletus_legaliae31,png,226,223,1.0134529147982063,0.050398,landscape,poisonous,Rubroboletus Legaliae,cac0763f6b35b430
Classes/poisonous/Rubroboletus_legaliae/Rubroboletus_legaliae5.png,3,Rubroboletus_legaliae5,png,100,100,1.0,0.01,square,poisonous,Rubroboletus Legaliae,e461715b1ae13c76
Classes/poisonous/Rubroboletus_legaliae/Rubroboletus_legaliae30.png,3,Rubroboletus_legaliae30,png,269,188,1.430851063829787,0.050572,landscape,poisonous,Rubroboletus Legaliae,81947e1b2f3c722d
Classes/poisonous/Rubroboletus_legaliae/Rubroboletus_legaliae2.png,3,Rubroboletus_legaliae2,png,100,100,1.0,0.01,square,poisonous,Rubroboletus Legaliae,e1cd081337e41f5d
Classes/poisonous/Rubroboletus_legaliae/Rubroboletus_legaliae8.png,3,Rubroboletus_legaliae8,png,100,100,1.0,0.01,square,poisonous,Rubroboletus Legaliae,d812e3211d7e3b69
Classes/poisonous/old_man_of_the_woods/6.png,3,6,png,512,512,1.0,0.262144,square,poisonous,Old Man Of The Woods,87d3522f39bf3110
Classes/poisonous/old_man_of_the_woods/3.png,3,3,png,512,512,1.0,0.262144,square,poisonous,Old Man Of The Woods,ce55308a229e87fd
Classes/poisonous/old_man_of_the_woods/8.png,3,8,png,512,512,1.0,0.262144,square,poisonous,Old Man Of The Woods,8eb2cf35c1c8bcc2
Classes/poisonous/old_man_of_the_woods/1.png,3,1,png,512,512,1.0,0.262144,square,poisonous,Old Man Of The Woods,f98695d5d60b5819
Classes/poisonous/old_man_of_the_woods/10.png,3,10,png,512,512,1.0,0.262144,square,poisonous,Old Man Of The Woods,9d267aa461d605f6
Classes/poisonous/Amanita_cokeri/Amanita_cokeri7.png,3,Amanita_cokeri7,png,266,189,1.4074074074074074,0.050274,landscape,poisonous,Amanita Cokeri,851c368f6163477d
Classes/poisonous/Amanita_cokeri/Amanita_cokeri14.png,3,Amanita_cokeri14,png,190,266,0.7142857142857143,0.05054,portrait,poisonous,Amanita Cokeri,9dd7661a69696425
Classes/poisonous/Amanita_cokeri/Amanita_cokeri8.png,3,Amanita_cokeri8,png,259,194,1.3350515463917525,0.050246,landscape,poisonous,Amanita Cokeri,dec6616969713097
Classes/poisonous/Amanita_cokeri/Amanita_cokeri6.png,3,Amanita_cokeri6,png,166,250,0.664,0.0415,portrait,poisonous,Amanita Cokeri,91930f8c2da7e963
Classes/poisonous/Amanita_cokeri/Amanita_cokeri2.png,3,Amanita_cokeri2,png,220,165,1.3333333333333333,0.0363,landscape,poisonous,Amanita Cokeri,d9a60b1e3f783928
Classes/poisonous/Choiromyces_venosus/Choiromyces_venosus1.png,3,Choiromyces_venosus1,png,100,100,1.0,0.01,square,poisonous,Choiromyces Venosus,c7d6d81ca6231cec
Classes/poisonous/Choiromyces_venosus/Choiromyces_venosus28.png,3,Choiromyces_venosus28,png,259,194,1.3350515463917525,0.050246,landscape,poisonous,Choiromyces Venosus,bab58d1cc4c3d10f
Classes/poisonous/Choiromyces_venosus/Choiromyces_venosus6.png,3,Choiromyces_venosus6,png,100,100,1.0,0.01,square,poisonous,Choiromyces Venosus,b6c849b2ac64fc59
Classes/poisonous/Choiromyces_venosus/Choiromyces_venosus15.png,3,Choiromyces_venosus15,png,259,194,1.3350515463917525,0.050246,landscape,poisonous,Choiromyces Venosus,d2375a492d1cc379
Classes/poisonous/Choiromyces_venosus/Choiromyces_venosus26.png,3,Choiromyces_venosus26,png,267,189,1.4126984126984128,0.050463,landscape,poisonous,Choiromyces Venosus,c0a63efbc594921e
Classes/poisonous/Echinoderma_asperum/Echinoderma_asperum8.png,3,Echinoderma_asperum8,png,100,100,1.0,0.01,square,poisonous,Echinoderma Asperum,b83e07804453fdf3
Classes/poisonous/Echinoderma_asperum/Echinoderma_asperum7.png,3,Echinoderma_asperum7,png,100,100,1.0,0.01,square,poisonous,Echinoderma Asperum,d1f4071324ee7b68
Classes/poisonous/Echinoderma_asperum/Echinoderma_asperum13.png,3,Echinoderma_asperum13,png,100,100,1.0,0.01,square,poisonous,Echinoderma Asperum,c897176869f895b1
Classes/poisonous/Echinoderma_asperum/Echinoderma_asperum12.png,3,Echinoderma_asperum12,png,100,100,1.0,0.01,square,poisonous,Echinoderma Asperum,c9ca369936355b58
Classes/poisonous/Echinoderma_asperum/Echinoderma_asperum26.png,3,Echinoderma_asperum26,png,250,202,1.2376237623762376,0.0505,landscape,poisonous,Echinoderma Asperum,f1836ae0971c3e36
Classes/poisonous/Helvella_lacunosa/Helvella_lacunosa23.png,3,Helvella_lacunosa23,png,272,186,1.4623655913978495,0.050592,landscape,poisonous,Helvella Lacunosa,98cba6b5b41c1b4e
Classes/poisonous/Helvella_lacunosa/Helvella_lacunosa5.png,3,Helvella_lacunosa5,png,100,100,1.0,0.01,square,poisonous,Helvella Lacunosa,8f16a065ef1ed170
Classes/poisonous/Helvella_lacunosa/Helvella_lacunosa27.png,3,Helvella_lacunosa27,png,259,194,1.3350515463917525,0.050246,landscape,poisonous,Helvella Lacunosa,fdb902c76906af44
Classes/poisonous/Helvella_lacunosa/Helvella_lacunosa3.png,3,Helvella_lacunosa3,png,100,100,1.0,0.01,square,poisonous,Helvella Lacunosa,9dd6e6292f8c9342
Classes/poisonous/Helvella_lacunosa/Helvella_lacunosa9.png,3,Helvella_lacunosa9,png,100,100,1.0,0.01,square,poisonous,Helvella Lacunosa,e5b19a4ecb38ccc2
Classes/poisonous/Psilocybe_semilanceata/Psilocybe_semilanceata26.png,3,Psilocybe_semilanceata26,png,100,100,1.0,0.01,square,poisonous,Psilocybe Semilanceata,b4b06b4b3136ce5c
Classes/poisonous/Psilocybe_semilanceata/Psilocybe_semilanceata28.png,3,Psilocybe_semilanceata28,png,100,100,1.0,0.01,square,poisonous,Psilocybe Semilanceata,e32b7cc7266062e3
Classes/poisonous/Psilocybe_semilanceata/Psilocybe_semilanceata1.png,3,Psilocybe_semilanceata1,png,100,100,1.0,0.01,square,poisonous,Psilocybe Semilanceata,ae8e917e909195b5
Classes/poisonous/Psilocybe_semilanceata/Psilocybe_semilanceata27.png,3,Psilocybe_semilanceata27,png,100,100,1.0,0.01,square,poisonous,Psilocybe Semilanceata,f4a7cbc92c34c68a
Classes/poisonous/Psilocybe_semilanceata/Psilocybe_semilanceata0.png,3,Psilocybe_semilanceata0,png,100,100,1.0,0.01,square,poisonous,Psilocybe Semilanceata,f8b9839b96386362
Classes/poisonous/Cortinarius_bolaris/Cortinarius_bolaris14.png,3,Cortinarius_bolaris14,png,257,196,1.3112244897959184,0.050372,landscape,poisonous,Cortinarius Bolaris,d1d6693c72cb9434
Classes/poisonous/Cortinarius_bolaris/Cortinarius_bolaris20.png,3,Cortinarius_bolaris20,png,259,194,1.3350515463917525,0.050246,landscape,poisonous,Cortinarius Bolaris,be609fe159d0268d
Classes/poisonous/Cortinarius_bolaris/Cortinarius_bolaris10.png,3,Cortinarius_bolaris10,png,100,100,1.0,0.01,square,poisonous,Cortinarius Bolaris,f03f095c66c38f98
Classes/poisonous/Cortinarius_bolaris/Cortinarius_bolaris7.png,3,Cortinarius_bolaris7,png,100,100,1.0,0.01,square,poisonous,Cortinarius Bolaris,91941c3b7aea63e1
Classes/poisonous/Cortinarius_bolaris/Cortinarius_bolaris25.png,3,Cortinarius_bolaris25,png,259,194,1.3350515463917525,0.050246,landscape,poisonous,Cortinarius Bolaris,9d2e234bacdca623
Classes/poisonous/Hypholoma_radicosum/Hypholoma_radicosum30.png,3,Hypholoma_radicosum30,png,259,194,1.3350515463917525,0.050246,landscape,poisonous,Hypholoma Radicosum,931d759bee62114c
Classes/poisonous/Hypholoma_radicosum/Hypholoma_radicosum3.png,3,Hypholoma_radicosum3,png,100,100,1.0,0.01,square,poisonous,Hypholoma Radicosum,a59a7a69b717c940
Classes/poisonous/Hypholoma_radicosum/Hypholoma_radicosum19.png,3,Hypholoma_radicosum19,png,183,275,0.6654545454545454,0.050325,portrait,poisonous,Hypholoma Radicosum,8c84f97b383987c6
Classes/poisonous/Hypholoma_radicosum/Hypholoma_radicosum12.png,3,Hypholoma_radicosum12,png,259,194,1.3350515463917525,0.050246,landscape,poisonous,Hypholoma Radicosum,d6d1286dc548dbcc
Classes/poisonous/Hypholoma_radicosum/Hypholoma_radicosum14.png,3,Hypholoma_radicosum14,png,235,214,1.0981308411214954,0.05029,landscape,poisonous,Hypholoma Radicosum,970a6c35c2d3c33d
Classes/poisonous/Tricholoma_filamentosum/Tricholoma_filamentosum3.png,3,Tricholoma_filamentosum3,png,100,100,1.0,0.01,square,poisonous,Tricholoma Filamentosum,8ecf20974f22955e
Classes/poisonous/Tricholoma_filamentosum/Tricholoma_filamentosum20.png,3,Tricholoma_filamentosum20,png,275,183,1.5027322404371584,0.050325,landscape,poisonous,Tricholoma Filamentosum,9cbf30818d6c8cb7
Classes/poisonous/Tricholoma_filamentosum/Tricholoma_filamentosum18.png,3,Tricholoma_filamentosum18,png,275,184,1.4945652173913044,0.0506,landscape,poisonous,Tricholoma Filamentosum,c48e3f78c18f38b4
Classes/poisonous/Tricholoma_filamentosum/Tricholoma_filamentosum10.png,3,Tricholoma_filamentosum10,png,100,100,1.0,0.01,square,poisonous,Tricholoma Filamentosum,e5cb42a739dc6903
Classes/poisonous/Tricholoma_filamentosum/Tricholoma_filamentosum7.png,3,Tricholoma_filamentosum7,png,100,100,1.0,0.01,square,poisonous,Tricholoma Filamentosum,c1d27f243a7bd414
Classes/poisonous/Clitocybe_cerussata/Clitocybe_cerussata26.png,3,Clitocybe_cerussata26,png,275,183,1.5027322404371584,0.050325,landscape,poisonous,Clitocybe Cerussata,854e68b1e11637e7
Classes/poisonous/Clitocybe_cerussata/Clitocybe_cerussata17.png,3,Clitocybe_cerussata17,png,275,183,1.5027322404371584,0.050325,landscape,poisonous,Clitocybe Cerussata,805613a16b7b4cfe
Classes/poisonous/Clitocybe_cerussata/Clitocybe_cerussata27.png,3,Clitocybe_cerussata27,png,225,225,1.0,0.050625,square,poisonous,Clitocybe Cerussata,96927863a7acda98
Classes/poisonous/Clitocybe_cerussata/Clitocybe_cerussata11.png,3,Clitocybe_cerussata11,png,243,208,1.1682692307692308,0.050544,landscape,poisonous,Clitocybe Cerussata,97e16e58a18796d4
Classes/poisonous/Clitocybe_cerussata/Clitocybe_cerussata22.png,3,Clitocybe_cerussata22,png,259,194,1.3350515463917525,0.050246,landscape,poisonous,Clitocybe Cerussata,d50d78e2fe0681e9
Classes/poisonous/Amanita_xanthocephala/Amanita_xanthocephala19.png,3,Amanita_xanthocephala19,png,180,280,0.6428571428571429,0.0504,portrait,poisonous,Amanita Xanthocephala,bc1fb632b80bd644
Classes/poisonous/Amanita_xanthocephala/Amanita_xanthocephala5.png,3,Amanita_xanthocephala5,png,271,186,1.456989247311828,0.050406,landscape,poisonous,Amanita Xanthocephala,91c99a1d6bf9e0d0
Classes/poisonous/Amanita_xanthocephala/Amanita_xanthocephala0.png,3,Amanita_xanthocephala0,png,204,248,0.8225806451612904,0.050592,portrait,poisonous,Amanita Xanthocephala,c6817b2e39976478
Classes/poisonous/Amanita_xanthocephala/Amanita_xanthocephala18.png,3,Amanita_xanthocephala18,png,215,234,0.9188034188034188,0.05031,portrait,poisonous,Amanita Xanthocephala,cc33230d63b7712d
Classes/poisonous/Amanita_xanthocephala/Amanita_xanthocephala2.png,3,Amanita_xanthocephala2,png,191,250,0.764,0.04775,portrait,poisonous,Amanita Xanthocephala,86e3791c2b166bb4
Classes/poisonous/grey_spotted_amanita/7.png,3,7,png,512,512,1.0,0.262144,square,poisonous,Grey Spotted Amanita,da869e0c3199755d
Classes/poisonous/grey_spotted_amanita/2.png,3,2,png,512,512,1.0,0.262144,square,poisonous,Grey Spotted Amanita,cff33a8d31c6602a
Classes/poisonous/grey_spotted_amanita/8.png,3,8,png,512,512,1.0,0.262144,square,poisonous,Grey Spotted Amanita,97cb68692535a267
Classes/poisonous/grey_spotted_amanita/1.png,3,1,png,512,512,1.0,0.262144,square,poisonous,Grey Spotted Amanita,ca3fb0438b86fe90
Classes/poisonous/grey_spotted_amanita/11.png,3,11,png,512,512,1.0,0.262144,square,poisonous,Grey Spotted Amanita,93e93e1771562592
Classes/poisonous/jelly_tooth/7.png,3,7,png,512,512,1.0,0.262144,square,poisonous,Jelly Tooth,9c93636d3766606a
Classes/poisonous/jelly_tooth/2.png,3,2,png,512,512,1.0,0.262144,square,poisonous,Jelly Tooth,dec76a4a652d3251
Classes/poisonous/jelly_tooth/8.png,3,8,png,512,512,1.0,0.262144,square,poisonous,Jelly Tooth,f4f43cbd190b4d42
Classes/poisonous/jelly_tooth/1.png,3,1,png,512,512,1.0,0.262144,square,poisonous,Jelly Tooth,88d064ad234ebf76
Classes/poisonous/jelly_tooth/11.png,3,11,png,512,512,1.0,0.262144,square,poisonous,Jelly Tooth,a6833f9c623cd1f0
Classes/poisonous/Agaricus_californicus/Agaricus_californicus8.png,3,Agaricus_californicus8,png,100,100,1.0,0.01,square,poisonous,Agaricus Californicus,cc8e73f03232735a
Classes/poisonous/Agaricus_californicus/Agaricus_californicus24.png,3,Agaricus_californicus24,png,245,206,1.1893203883495145,0.05047,landscape,poisonous,Agaricus Californicus,dd58acda622725a5
Classes/poisonous/Agaricus_californicus/Agaricus_californicus18.png,3,Agaricus_californicus18,png,259,194,1.3350515463917525,0.050246,landscape,poisonous,Agaricus Californicus,acf1929f80d39a8d
Classes/poisonous/Agaricus_californicus/Agaricus_californicus9.png,3,Agaricus_californicus9,png,100,100,1.0,0.01,square,poisonous,Agaricus Californicus,a19d5a639d9ca32c
Classes/poisonous/Agaricus_californicus/Agaricus_californicus40.png,3,Agaricus_californicus40,png,255,198,1.2878787878787878,0.05049,landscape,poisonous,Agaricus Californicus,a59c7b679898a534
Classes/poisonous/stinking_dapperling/7.png,3,7,png,512,512,1.0,0.262144,square,poisonous,Stinking Dapperling,868d783d25723673
Classes/poisonous/stinking_dapperling/2.png,3,2,png,512,512,1.0,0.262144,square,poisonous,Stinking Dapperling,87986e63393ccc53
Classes/poisonous/stinking_dapperling/8.png,3,8,png,512,512,1.0,0.262144,square,poisonous,Stinking Dapperling,85525b8ce4ed955a
Classes/poisonous/stinking_dapperling/3.png,3,3,png,512,512,1.0,0.262144,square,poisonous,Stinking Dapperling,d9dde62460939b45
Classes/poisonous/stinking_dapperling/11.png,3,11,png,512,512,1.0,0.262144,square,poisonous,Stinking Dapperling,899c2e6172a38bcf
Classes/poisonous/jelly_ears/7.png,3,7,png,512,512,1.0,0.262144,square,poisonous,Jelly Ears,e5aeb7e3490f8098
Classes/poisonous/jelly_ears/2.png,3,2,png,512,512,1.0,0.262144,square,poisonous,Jelly Ears,ecc64bd4788d88c7
Classes/poisonous/jelly_ears/8.png,3,8,png,512,512,1.0,0.262144,square,poisonous,Jelly Ears,e4f994fd844f0711
Classes/poisonous/jelly_ears/1.png,3,1,png,512,512,1.0,0.262144,square,poisonous,Jelly Ears,e7fc869c73869224
Classes/poisonous/jelly_ears/11.png,3,11,png,512,512,1.0,0.262144,square,poisonous,Jelly Ears,fad2701fd43cc285
Classes/poisonous/Calycina citrina/3056medium.jpeg,3,3056medium,jpeg,375,500,0.75,0.1875,portrait,poisonous,Calycina Citrina,e998a59694ba350f
Classes/poisonous/Calycina citrina/2784medium.jpg,3,2784medium,jpg,375,500,0.75,0.1875,portrait,poisonous,Calycina Citrina,959c42f64e745732
Classes/poisonous/Calycina citrina/2910medium.jpeg,3,2910medium,jpeg,500,375,1.3333333333333333,0.1875,landscape,poisonous,Calycina Citrina,91de6da7508ec1f0
Classes/poisonous/Calycina citrina/3135medium.jpg,3,3135medium,jpg,375,500,0.75,0.1875,portrait,poisonous,Calycina Citrina,bdbc6641dd85a330
Classes/poisonous/Calycina citrina/2705medium.jpg,3,2705medium,jpg,500,374,1.3368983957219251,0.187,landscape,poisonous,Calycina Citrina,9b64279bcc21b2ce
Classes/poisonous/Amanita_hongoi/Amanita_hongoi17.png,3,Amanita_hongoi17,png,194,259,0.749034749034749,0.050246,portrait,poisonous,Amanita Hongoi,cdd28e6b3c09b790
Classes/poisonous/Amanita_hongoi/Amanita_hongoi20.png,3,Amanita_hongoi20,png,275,183,1.5027322404371584,0.050325,landscape,poisonous,Amanita Hongoi,da6a2a35323b1d1d
Classes/poisonous/Amanita_hongoi/Amanita_hongoi8.png,3,Amanita_hongoi8,png,100,100,1.0,0.01,square,poisonous,Amanita Hongoi,cc716370e3e2e7c0
Classes/poisonous/Amanita_hongoi/Amanita_hongoi1.png,3,Amanita_hongoi1,png,100,100,1.0,0.01,square,poisonous,Amanita Hongoi,d9c2637942c3b4bc
Classes/poisonous/Amanita_hongoi/Amanita_hongoi31.png,3,Amanita_hongoi31,png,183,275,0.6654545454545454,0.050325,portrait,poisonous,Amanita Hongoi,949176383fb785c1
Classes/poisonous/black_morel/7.png,3,7,png,512,512,1.0,0.262144,square,poisonous,Black Morel,efdf946097061552
Classes/poisonous/black_morel/2.png,3,2,png,512,512,1.0,0.262144,square,poisonous,Black Morel,a08f982fa4377473
Classes/poisonous/black_morel/8.png,3,8,png,512,512,1.0,0.262144,square,poisonous,Black Morel,d505532d7164cde6
Classes/poisonous/black_morel/1.png,3,1,png,512,512,1.0,0.262144,square,poisonous,Black Morel,9a1ecac3aad521b5
Classes/poisonous/black_morel/11.png,3,11,png,512,512,1.0,0.262144,square,poisonous,Black Morel,efa18151f08a97ec
Classes/poisonous/peppery_bolete/7.png,3,7,png,512,512,1.0,0.262144,square,poisonous,Peppery Bolete,8da6b65b2d9c461c
Classes/poisonous/peppery_bolete/2.png,3,2,png,512,512,1.0,0.262144,square,poisonous,Peppery Bolete,d09c432978e12ff9
Classes/poisonous/peppery_bolete/8.png,3,8,png,512,512,1.0,0.262144,square,poisonous,Peppery Bolete,d394dbd80b6d2163
Classes/poisonous/peppery_bolete/1.png,3,1,png,512,512,1.0,0.262144,square,poisonous,Peppery Bolete,8cb1b2ced9d2e898
Classes/poisonous/peppery_bolete/11.png,3,11,png,512,512,1.0,0.262144,square,poisonous,Peppery Bolete,81563e6d097b74b8
Classes/poisonous/parasol/7.png,3,7,png,512,512,1.0,0.262144,square,poisonous,Parasol,99995ba0ad335635
Classes/poisonous/parasol/2.png,3,2,png,512,512,1.0,0.262144,square,poisonous,Parasol,dc8ee1a7d3c34306
Classes/poisonous/parasol/8.png,3,8,png,512,512,1.0,0.262144,square,poisonous,Parasol,f2999cad65e08a66
Classes/poisonous/parasol/1.png,3,1,png,512,512,1.0,0.262144,square,poisonous,Parasol,976d180a6b6f6325
Classes/poisonous/parasol/11.png,3,11,png,512,512,1.0,0.262144,square,poisonous,Parasol,92d23d2fc9b46c4c
Classes/poisonous/Amanita_albocreata/Amanita_albocreata18.png,3,Amanita_albocreata18,png,275,183,1.5027322404371584,0.050325,landscape,poisonous,Amanita Albocreata,b40b7a97a5680fc3
Classes/poisonous/Amanita_albocreata/Amanita_albocreata15.png,3,Amanita_albocreata15,png,183,275,0.6654545454545454,0.050325,portrait,poisonous,Amanita Albocreata,cce1e3d66c6e3806
Classes/poisonous/Amanita_albocreata/Amanita_albocreata10.png,3,Amanita_albocreata10,png,183,275,0.6654545454545454,0.050325,portrait,poisonous,Amanita Albocreata,99966661636f3496
Classes/poisonous/Amanita_albocreata/Amanita_albocreata19.png,3,Amanita_albocreata19,png,275,183,1.5027322404371584,0.050325,landscape,poisonous,Amanita Albocreata,c99e88c426676775
Classes/poisonous/Amanita_albocreata/Amanita_albocreata0.png,3,Amanita_albocreata0,png,179,282,0.6347517730496454,0.050478,portrait,poisonous,Amanita Albocreata,cc93e32e392e33c4
Classes/poisonous/ochre_brittlegill/7.png,3,7,png,512,512,1.0,0.262144,square,poisonous,Ochre Brittlegill,cca3c9813f6873b4
Classes/poisonous/ochre_brittlegill/2.png,3,2,png,512,512,1.0,0.262144,square,poisonous,Ochre Brittlegill,c9661bea3be13431
Classes/poisonous/ochre_brittlegill/8.png,3,8,png,512,512,1.0,0.262144,square,poisonous,Ochre Brittlegill,cc97797831949687
Classes/poisonous/ochre_brittlegill/1.png,3,1,png,512,512,1.0,0.262144,square,poisonous,Ochre Brittlegill,9a86656936cc65d3
Classes/poisonous/ochre_brittlegill/11.png,3,11,png,512,512,1.0,0.262144,square,poisonous,Ochre Brittlegill,8ce6f25b498d2f28
Classes/poisonous/Amanita_porphyria/Amanita_porphyria2.png,3,Amanita_porphyria2,png,259,195,1.328205128205128,0.050505,landscape,poisonous,Amanita Porphyria,d4963b6be02165c7
Classes/poisonous/Amanita_porphyria/Amanita_porphyria5.png,3,Amanita_porphyria5,png,270,186,1.4516129032258065,0.05022,landscape,poisonous,Amanita Porphyria,f4f04a0b8b2cdcb5
Classes/poisonous/Amanita_porphyria/Amanita_porphyria14.png,3,Amanita_porphyria14,png,194,259,0.749034749034749,0.050246,portrait,poisonous,Amanita Porphyria,9bad203366c6596d
Classes/poisonous/Amanita_porphyria/Amanita_porphyria3.png,3,Amanita_porphyria3,png,276,182,1.5164835164835164,0.050232,landscape,poisonous,Amanita Porphyria,f1e35a322cc5162f
Classes/poisonous/Amanita_porphyria/Amanita_porphyria6.png,3,Amanita_porphyria6,png,275,183,1.5027322404371584,0.050325,landscape,poisonous,Amanita Porphyria,d4bc0e5379d8a1a9
Classes/deadly/Entoloma_sinuatum/Entoloma_sinuatum3.png,3,Entoloma_sinuatum3,png,100,100,1.0,0.01,square,poisonous,Entoloma Sinuatum,a970b6e7c1d84f11
Classes/poisonous/Entoloma_sinuatum/Entoloma_sinuatum7.png,3,Entoloma_sinuatum7,png,100,100,1.0,0.01,square,poisonous,Entoloma Sinuatum,abb1ca6a646ed04e
Classes/poisonous/Entoloma_sinuatum/Entoloma_sinuatum25.png,3,Entoloma_sinuatum25,png,300,168,1.7857142857142858,0.0504,landscape,poisonous,Entoloma Sinuatum,dad92d3f16b04c19
Classes/poisonous/Entoloma_sinuatum/Entoloma_sinuatum30.png,3,Entoloma_sinuatum30,png,259,194,1.3350515463917525,0.050246,landscape,poisonous,Entoloma Sinuatum,d1b83f6a6cc103e9
Classes/poisonous/Entoloma_sinuatum/Entoloma_sinuatum5.png,3,Entoloma_sinuatum5,png,100,100,1.0,0.01,square,poisonous,Entoloma Sinuatum,dca3267de2c2c919
Classes/poisonous/Amanita_roseotincta/Amanita_roseotincta19.png,3,Amanita_roseotincta19,png,261,193,1.3523316062176165,0.050373,landscape,poisonous,Amanita Roseotincta,891ccec33972653b
Classes/poisonous/Amanita_roseotincta/Amanita_roseotincta13.png,3,Amanita_roseotincta13,png,188,250,0.752,0.047,portrait,poisonous,Amanita Roseotincta,98a72f0a2925bf69
Classes/poisonous/Amanita_roseotincta/Amanita_roseotincta25.png,3,Amanita_roseotincta25,png,183,275,0.6654545454545454,0.050325,portrait,poisonous,Amanita Roseotincta,99663239c69bc639
Classes/poisonous/Amanita_roseotincta/Amanita_roseotincta15.png,3,Amanita_roseotincta15,png,183,275,0.6654545454545454,0.050325,portrait,poisonous,Amanita Roseotincta,cce3c3ec3b303998
Classes/poisonous/Amanita_roseotincta/Amanita_roseotincta21.png,3,Amanita_roseotincta21,png,268,188,1.425531914893617,0.050384,landscape,poisonous,Amanita Roseotincta,81ce696c3c99a6e3
Classes/poisonous/Cortinarius_rubicundulus/Cortinarius_rubicundulus26.png,3,Cortinarius_rubicundulus26,png,259,194,1.3350515463917525,0.050246,landscape,poisonous,Cortinarius Rubicundulus,ccebcb34314a3599
Classes/poisonous/Cortinarius_rubicundulus/Cortinarius_rubicundulus21.png,3,Cortinarius_rubicundulus21,png,260,194,1.3402061855670102,0.05044,landscape,poisonous,Cortinarius Rubicundulus,c59d1f627806b13b
Classes/poisonous/Cortinarius_rubicundulus/Cortinarius_rubicundulus20.png,3,Cortinarius_rubicundulus20,png,276,183,1.5081967213114753,0.050508,landscape,poisonous,Cortinarius Rubicundulus,d3183e65e89e3332
Classes/poisonous/Cortinarius_rubicundulus/Cortinarius_rubicundulus46.png,3,Cortinarius_rubicundulus46,png,275,183,1.5027322404371584,0.050325,landscape,poisonous,Cortinarius Rubicundulus,8b527669ced6a12c
Classes/poisonous/Cortinarius_rubicundulus/Cortinarius_rubicundulus19.png,3,Cortinarius_rubicundulus19,png,275,183,1.5027322404371584,0.050325,landscape,poisonous,Cortinarius Rubicundulus,8acb685c67d63899
Classes/poisonous/giant_puffball/7.png,3,7,png,512,512,1.0,0.262144,square,poisonous,Giant Puffball,c40f3ff8b1c8c097
Classes/poisonous/giant_puffball/2.png,3,2,png,512,512,1.0,0.262144,square,poisonous,Giant Puffball,d5c22a1f2d3d6178
Classes/poisonous/giant_puffball/8.png,3,8,png,512,512,1.0,0.262144,square,poisonous,Giant Puffball,81c34bcd6aece4e2
Classes/poisonous/giant_puffball/1.png,3,1,png,512,512,1.0,0.262144,square,poisonous,Giant Puffball,9a6633996c8c3979
Classes/poisonous/giant_puffball/11.png,3,11,png,512,512,1.0,0.262144,square,poisonous,Giant Puffball,c2c42f0f6c9c367c
Classes/poisonous/Marasmius_collinus/Marasmius_collinus23.png,3,Marasmius_collinus23,png,259,194,1.3350515463917525,0.050246,landscape,poisonous,Marasmius Collinus,ad8072359acbb5c9
Classes/poisonous/Marasmius_collinus/Marasmius_collinus15.png,3,Marasmius_collinus15,png,259,194,1.3350515463917525,0.050246,landscape,poisonous,Marasmius Collinus,85db2ab8e5a5cac4
Classes/poisonous/Marasmius_collinus/Marasmius_collinus27.png,3,Marasmius_collinus27,png,259,194,1.3350515463917525,0.050246,landscape,poisonous,Marasmius Collinus,d2e43f1b69c48f03
Classes/poisonous/Marasmius_collinus/Marasmius_collinus24.png,3,Marasmius_collinus24,png,259,194,1.3350515463917525,0.050246,landscape,poisonous,Marasmius Collinus,dbbc66a3984dd212
Classes/poisonous/Marasmius_collinus/Marasmius_collinus10.png,3,Marasmius_collinus10,png,100,100,1.0,0.01,square,poisonous,Marasmius Collinus,95cc7b4326f0c9a3
Classes/poisonous/the_sickener/7.png,3,7,png,512,512,1.0,0.262144,square,poisonous,The Sickener,c4bc7948d8a30b7e
Classes/poisonous/the_sickener/2.png,3,2,png,512,512,1.0,0.262144,square,poisonous,The Sickener,99da613e9133a4d9
Classes/poisonous/the_sickener/8.png,3,8,png,512,512,1.0,0.262144,square,poisonous,The Sickener,d085e2781e1fad2d
Classes/poisonous/the_sickener/1.png,3,1,png,512,512,1.0,0.262144,square,poisonous,The Sickener,8cf33e5c72847169
Classes/poisonous/the_sickener/11.png,3,11,png,512,512,1.0,0.262144,square,poisonous,The Sickener,84171a7e79796561
Classes/poisonous/Lepiota_cristata/Lepiota_cristata19.png,3,Lepiota_cristata19,png,200,150,1.3333333333333333,0.03,landscape,poisonous,Lepiota Cristata,979c4b886dda72c1
Classes/poisonous/Lepiota_cristata/Lepiota_cristata15.png,3,Lepiota_cristata15,png,252,200,1.26,0.0504,landscape,poisonous,Lepiota Cristata,8593682ec6c595bd
Classes/poisonous/Lepiota_cristata/Lepiota_cristata3.png,3,Lepiota_cristata3,png,100,100,1.0,0.01,square,poisonous,Lepiota Cristata,94f17e1afa2a90e8
Classes/poisonous/Lepiota_cristata/Lepiota_cristata2.png,3,Lepiota_cristata2,png,100,100,1.0,0.01,square,poisonous,Lepiota Cristata,ab184ea72760e59b
Classes/poisonous/Lepiota_cristata/Lepiota_cristata32.png,3,Lepiota_cristata32,png,259,194,1.3350515463917525,0.050246,landscape,poisonous,Lepiota Cristata,cc4553f2898ff4a2
Classes/poisonous/Amanita_pseudoregalis/Amanita_pseudoregalis19.png,3,Amanita_pseudoregalis19,png,272,185,1.4702702702702704,0.05032,landscape,poisonous,Amanita Pseudoregalis,c1d0360d2ceb7b5c
Classes/poisonous/Amanita_pseudoregalis/Amanita_pseudoregalis4.png,3,Amanita_pseudoregalis4,png,100,100,1.0,0.01,square,poisonous,Amanita Pseudoregalis,d4cc15332abed598
Classes/poisonous/Amanita_pseudoregalis/Amanita_pseudoregalis8.png,3,Amanita_pseudoregalis8,png,100,100,1.0,0.01,square,poisonous,Amanita Pseudoregalis,dcd72c69299496e1
Classes/poisonous/Amanita_pseudoregalis/Amanita_pseudoregalis2.png,3,Amanita_pseudoregalis2,png,100,100,1.0,0.01,square,poisonous,Amanita Pseudoregalis,bce7d9a6759a8280
Classes/poisonous/Amanita_pseudoregalis/Amanita_pseudoregalis22.png,3,Amanita_pseudoregalis22,png,259,194,1.3350515463917525,0.050246,landscape,poisonous,Amanita Pseudoregalis,90da6e3969e2e127
Classes/poisonous/blushing_wood_mushroom/7.png,3,7,png,512,512,1.0,0.262144,square,poisonous,Blushing Wood Mushroom,93c93c3368e56726
Classes/poisonous/blushing_wood_mushroom/2.png,3,2,png,512,512,1.0,0.262144,square,poisonous,Blushing Wood Mushroom,e0c6696b3b1c1d3a
Classes/poisonous/blushing_wood_mushroom/8.png,3,8,png,512,512,1.0,0.262144,square,poisonous,Blushing Wood Mushroom,9795387b6161474e
Classes/poisonous/blushing_wood_mushroom/1.png,3,1,png,512,512,1.0,0.262144,square,poisonous,Blushing Wood Mushroom,dcb220cde07873a7
Classes/poisonous/blushing_wood_mushroom/11.png,3,11,png,512,512,1.0,0.262144,square,poisonous,Blushing Wood Mushroom,d9c6333830f56693
Classes/poisonous/Hebeloma_sinapizans/Hebeloma_sinapizans26.png,3,Hebeloma_sinapizans26,png,262,192,1.3645833333333333,0.050304,landscape,poisonous,Hebeloma Sinapizans,95876a595bd71a28
Classes/poisonous/Hebeloma_sinapizans/Hebeloma_sinapizans7.png,3,Hebeloma_sinapizans7,png,100,100,1.0,0.01,square,poisonous,Hebeloma Sinapizans,b3985313bae982f2
Classes/poisonous/Hebeloma_sinapizans/Hebeloma_sinapizans22.png,3,Hebeloma_sinapizans22,png,259,194,1.3350515463917525,0.050246,landscape,poisonous,Hebeloma Sinapizans,81b15e5e3237c6c3
Classes/poisonous/Hebeloma_sinapizans/Hebeloma_sinapizans34.png,3,Hebeloma_sinapizans34,png,275,183,1.5027322404371584,0.050325,landscape,poisonous,Hebeloma Sinapizans,91d42f2bb035676c
Classes/poisonous/Hebeloma_sinapizans/Hebeloma_sinapizans2.png,3,Hebeloma_sinapizans2,png,100,100,1.0,0.01,square,poisonous,Hebeloma Sinapizans,e41ee4748d6ddc44
Classes/poisonous/Conocybe_subovalis/Conocybe_subovalis9.png,3,Conocybe_subovalis9,png,100,100,1.0,0.01,square,poisonous,Conocybe Subovalis,9badd2c2c1569897
Classes/poisonous/Conocybe_subovalis/Conocybe_subovalis30.png,3,Conocybe_subovalis30,png,251,201,1.2487562189054726,0.050451,landscape,poisonous,Conocybe Subovalis,8ef219665d5c6139
Classes/poisonous/Conocybe_subovalis/Conocybe_subovalis14.png,3,Conocybe_subovalis14,png,220,201,1.0945273631840795,0.04422,landscape,poisonous,Conocybe Subovalis,a7d0346a1fbd24d2
Classes/poisonous/Conocybe_subovalis/Conocybe_subovalis26.png,3,Conocybe_subovalis26,png,279,180,1.55,0.05022,landscape,poisonous,Conocybe Subovalis,c4893f73725cc09d
Classes/poisonous/Conocybe_subovalis/Conocybe_subovalis23.png,3,Conocybe_subovalis23,png,259,194,1.3350515463917525,0.050246,landscape,poisonous,Conocybe Subovalis,992b55534bcdb4c8
Classes/poisonous/blackening_brittlegill/7.png,3,7,png,512,512,1.0,0.262144,square,poisonous,Blackening Brittlegill,9448e3654dc8b76b
Classes/poisonous/blackening_brittlegill/2.png,3,2,png,512,512,1.0,0.262144,square,poisonous,Blackening Brittlegill,e483953778c4d0dd
Classes/poisonous/blackening_brittlegill/8.png,3,8,png,512,512,1.0,0.262144,square,poisonous,Blackening Brittlegill,e39a1ee0ac27e61c
Classes/poisonous/blackening_brittlegill/1.png,3,1,png,512,512,1.0,0.262144,square,poisonous,Blackening Brittlegill,aa8449d3996bd25e
Classes/poisonous/blackening_brittlegill/11.png,3,11,png,512,512,1.0,0.262144,square,poisonous,Blackening Brittlegill,e6c09ccac3b29739
Classes/poisonous/Agaricus_hondensis/Agaricus_hondensis30.png,3,Agaricus_hondensis30,png,275,183,1.5027322404371584,0.050325,landscape,poisonous,Agaricus Hondensis,954f6c782bb187c1
Classes/poisonous/Agaricus_hondensis/Agaricus_hondensis16.png,3,Agaricus_hondensis16,png,276,183,1.5081967213114753,0.050508,landscape,poisonous,Agaricus Hondensis,d4952df1703434cf
Classes/poisonous/Agaricus_hondensis/Agaricus_hondensis48.png,3,Agaricus_hondensis48,png,194,259,0.749034749034749,0.050246,portrait,poisonous,Agaricus Hondensis,cce6e2879d3166c8
Classes/poisonous/Agaricus_hondensis/Agaricus_hondensis17.png,3,Agaricus_hondensis17,png,255,197,1.2944162436548223,0.050235,landscape,poisonous,Agaricus Hondensis,c69c3c634b6b6338
Classes/poisonous/Agaricus_hondensis/Agaricus_hondensis25.png,3,Agaricus_hondensis25,png,275,183,1.5027322404371584,0.050325,landscape,poisonous,Agaricus Hondensis,de80343d8273699f
Classes/poisonous/hairy_curtain_crust/7.png,3,7,png,512,512,1.0,0.262144,square,poisonous,Hairy Curtain Crust,aa9538e8e3179cc9
Classes/poisonous/hairy_curtain_crust/2.png,3,2,png,512,512,1.0,0.262144,square,poisonous,Hairy Curtain Crust,f2cd092533dc59a6
Classes/poisonous/hairy_curtain_crust/8.png,3,8,png,512,512,1.0,0.262144,square,poisonous,Hairy Curtain Crust,a18439ae0f3136f7
Classes/poisonous/hairy_curtain_crust/1.png,3,1,png,512,512,1.0,0.262144,square,poisonous,Hairy Curtain Crust,f808635f1e8087fd
Classes/poisonous/hairy_curtain_crust/11.png,3,11,png,512,512,1.0,0.262144,square,poisonous,Hairy Curtain Crust,bccd89614cbe2ae2
Classes/poisonous/penny_bun/7.png,3,7,png,512,512,1.0,0.262144,square,poisonous,Penny Bun,f9d050cf8d980f4d
Classes/poisonous/penny_bun/2.png,3,2,png,512,512,1.0,0.262144,square,poisonous,Penny Bun,9a77241b61673696
Classes/poisonous/penny_bun/8.png,3,8,png,512,512,1.0,0.262144,square,poisonous,Penny Bun,d2293de07b676464
Classes/poisonous/penny_bun/1.png,3,1,png,512,512,1.0,0.262144,square,poisonous,Penny Bun,eea1095237097a5f
Classes/poisonous/penny_bun/11.png,3,11,png,512,512,1.0,0.262144,square,poisonous,Penny Bun,cfb928633cdde024
Classes/poisonous/blackening_waxcap/7.png,3,7,png,512,512,1.0,0.262144,square,poisonous,Blackening Waxcap,d3c71b1a71a06337
Classes/poisonous/blackening_waxcap/2.png,3,2,png,512,512,1.0,0.262144,square,poisonous,Blackening Waxcap,e295227b96393dc1
Classes/poisonous/blackening_waxcap/8.png,3,8,png,512,512,1.0,0.262144,square,poisonous,Blackening Waxcap,bb897d629527b0c2
Classes/poisonous/blackening_waxcap/1.png,3,1,png,512,512,1.0,0.262144,square,poisonous,Blackening Waxcap,cdb64b6034b7b0a6
Classes/poisonous/blackening_waxcap/11.png,3,11,png,512,512,1.0,0.262144,square,poisonous,Blackening Waxcap,b99ccf870a48b8b3
Classes/poisonous/Ramaria_pallida/Ramaria_pallida11.png,3,Ramaria_pallida11,png,100,100,1.0,0.01,square,poisonous,Ramaria Pallida,e6bb50ec1249783e
Classes/poisonous/Ramaria_pallida/Ramaria_pallida19.png,3,Ramaria_pallida19,png,275,183,1.5027322404371584,0.050325,landscape,poisonous,Ramaria Pallida,9a866b3827edc466
Classes/poisonous/Ramaria_pallida/Ramaria_pallida0.png,3,Ramaria_pallida0,png,100,100,1.0,0.01,square,poisonous,Ramaria Pallida,83fa49449f59cd83
Classes/poisonous/Ramaria_pallida/Ramaria_pallida14.png,3,Ramaria_pallida14,png,100,100,1.0,0.01,square,poisonous,Ramaria Pallida,868713c278da9737
Classes/poisonous/Ramaria_pallida/Ramaria_pallida26.png,3,Ramaria_pallida26,png,275,183,1.5027322404371584,0.050325,landscape,poisonous,Ramaria Pallida,ce18354023677fbc
Classes/poisonous/Chlorophyllum_molybdites/Chlorophyllum_molybdites20.png,3,Chlorophyllum_molybdites20,png,276,183,1.5081967213114753,0.050508,landscape,poisonous,Chlorophyllum Molybdites,84ce6eb93432b173
Classes/poisonous/Chlorophyllum_molybdites/Chlorophyllum_molybdites24.png,3,Chlorophyllum_molybdites24,png,259,194,1.3350515463917525,0.050246,landscape,poisonous,Chlorophyllum Molybdites,8cca1f3c2c65c3d3
Classes/poisonous/Chlorophyllum_molybdites/Chlorophyllum_molybdites36.png,3,Chlorophyllum_molybdites36,png,260,194,1.3402061855670102,0.05044,landscape,poisonous,Chlorophyllum Molybdites,95ce5a8e7a3c08dc
Classes/poisonous/Chlorophyllum_molybdites/Chlorophyllum_molybdites3.png,3,Chlorophyllum_molybdites3,png,100,100,1.0,0.01,square,poisonous,Chlorophyllum Molybdites,d0c16f3f1e90c94b
Classes/poisonous/Chlorophyllum_molybdites/Chlorophyllum_molybdites19.png,3,Chlorophyllum_molybdites19,png,272,185,1.4702702702702704,0.05032,landscape,poisonous,Chlorophyllum Molybdites,c1a74f4e30a1f83e
Classes/poisonous/trooping_funnel/7.png,3,7,png,512,512,1.0,0.262144,square,poisonous,Trooping Funnel,a98ed6232539785e
Classes/poisonous/trooping_funnel/2.png,3,2,png,512,512,1.0,0.262144,square,poisonous,Trooping Funnel,c0956f4a3065e3ee
Classes/poisonous/trooping_funnel/8.png,3,8,png,512,512,1.0,0.262144,square,poisonous,Trooping Funnel,ccc7333434792b33
Classes/poisonous/trooping_funnel/1.png,3,1,png,512,512,1.0,0.262144,square,poisonous,Trooping Funnel,d9c7a681b43ce436
Classes/poisonous/trooping_funnel/11.png,3,11,png,512,512,1.0,0.262144,square,poisonous,Trooping Funnel,93c3252c3cdac3e3
Classes/poisonous/liberty_cap/7.png,3,7,png,512,512,1.0,0.262144,square,poisonous,Liberty Cap,9ede69616187ca2a
Classes/poisonous/liberty_cap/2.png,3,2,png,512,512,1.0,0.262144,square,poisonous,Liberty Cap,fdf9fdb0f0202224
Classes/poisonous/liberty_cap/8.png,3,8,png,512,512,1.0,0.262144,square,poisonous,Liberty Cap,86954c89d79293fc
Classes/poisonous/liberty_cap/1.png,3,1,png,512,512,1.0,0.262144,square,poisonous,Liberty Cap,c7d1788ea67489c9
Classes/poisonous/liberty_cap/11.png,3,11,png,512,512,1.0,0.262144,square,poisonous,Liberty Cap,e18fd8e40fc1b718
Classes/poisonous/hedgehog_fungus/7.png,3,7,png,512,512,1.0,0.262144,square,poisonous,Hedgehog Fungus,91f64b7a69a14327
Classes/poisonous/hedgehog_fungus/2.png,3,2,png,512,512,1.0,0.262144,square,poisonous,Hedgehog Fungus,dbce303961c69e1c
Classes/poisonous/hedgehog_fungus/8.png,3,8,png,512,512,1.0,0.262144,square,poisonous,Hedgehog Fungus,99cd6960343b3a3e
Classes/poisonous/hedgehog_fungus/1.png,3,1,png,512,512,1.0,0.262144,square,poisonous,Hedgehog Fungus,959b7a2d2566c2e2
Classes/poisonous/hedgehog_fungus/11.png,3,11,png,512,512,1.0,0.262144,square,poisonous,Hedgehog Fungus,d28d2dc0348d673f
Classes/poisonous/Amanita_pseudoporphyria/Amanita_pseudoporphyria1.png,3,Amanita_pseudoporphyria1,png,100,100,1.0,0.01,square,poisonous,Amanita Pseudoporphyria,a6266699999999d9
Classes/poisonous/Amanita_pseudoporphyria/Amanita_pseudoporphyria12.png,3,Amanita_pseudoporphyria12,png,275,183,1.5027322404371584,0.050325,landscape,poisonous,Amanita Pseudoporphyria,e9ed654b4b547142
Classes/poisonous/Amanita_pseudoporphyria/Amanita_pseudoporphyria22.png,3,Amanita_pseudoporphyria22,png,234,216,1.0833333333333333,0.050544,landscape,poisonous,Amanita Pseudoporphyria,d888c2e1b9d66c1f
Classes/poisonous/Amanita_pseudoporphyria/Amanita_pseudoporphyria15.png,3,Amanita_pseudoporphyria15,png,194,259,0.749034749034749,0.050246,portrait,poisonous,Amanita Pseudoporphyria,ccd3d1080e2f3d3d
Classes/poisonous/Amanita_pseudoporphyria/Amanita_pseudoporphyria20.png,3,Amanita_pseudoporphyria20,png,211,239,0.8828451882845189,0.050429,portrait,poisonous,Amanita Pseudoporphyria,f4d586da1b3c03d8
Classes/poisonous/Gyromitra gigas/25195medium.jpeg,3,25195medium,jpeg,375,500,0.75,0.1875,portrait,poisonous,Gyromitra Gigas,f3d0316af0e50f83
Classes/poisonous/Gyromitra gigas/25330medium.jpg,3,25330medium,jpg,500,375,1.3333333333333333,0.1875,landscape,poisonous,Gyromitra Gigas,a9b6696e7c422d83
Classes/poisonous/Gyromitra gigas/24968medium.jpeg,3,24968medium,jpeg,500,331,1.5105740181268883,0.1655,landscape,poisonous,Gyromitra Gigas,dd7c6660c6b50c4d
Classes/poisonous/Gyromitra gigas/25283medium.jpg,3,25283medium,jpg,500,375,1.3333333333333333,0.1875,landscape,poisonous,Gyromitra Gigas,ddc47864233b5f30
Classes/poisonous/Gyromitra gigas/25147medium.jpeg,3,25147medium,jpeg,375,500,0.75,0.1875,portrait,poisonous,Gyromitra Gigas,ce4f7d61602a1735
Classes/poisonous/Scleroderma_citrinum/Scleroderma_citrinum10.png,3,Scleroderma_citrinum10,png,100,100,1.0,0.01,square,poisonous,Scleroderma Citrinum,84871e7f79783941
Classes/poisonous/Scleroderma_citrinum/Scleroderma_citrinum30.png,3,Scleroderma_citrinum30,png,259,194,1.3350515463917525,0.050246,landscape,poisonous,Scleroderma Citrinum,9e9f7564c58312cc
Classes/poisonous/Scleroderma_citrinum/Scleroderma_citrinum2.png,3,Scleroderma_citrinum2,png,100,100,1.0,0.01,square,poisonous,Scleroderma Citrinum,dc8e4749727c348e
Classes/poisonous/Scleroderma_citrinum/Scleroderma_citrinum16.png,3,Scleroderma_citrinum16,png,259,194,1.3350515463917525,0.050246,landscape,poisonous,Scleroderma Citrinum,c2c31d3cfccac0e3
Classes/poisonous/Scleroderma_citrinum/Scleroderma_citrinum26.png,3,Scleroderma_citrinum26,png,264,191,1.382198952879581,0.050424,landscape,poisonous,Scleroderma Citrinum,96963c6961781b9d
Classes/poisonous/orange_peel_fungus/6.png,3,6,png,512,512,1.0,0.262144,square,poisonous,Orange Peel Fungus,dc3a05f3a4d8991b
Classes/poisonous/orange_peel_fungus/3.png,3,3,png,512,512,1.0,0.262144,square,poisonous,Orange Peel Fungus,84867b63f887b631
Classes/poisonous/orange_peel_fungus/8.png,3,8,png,512,512,1.0,0.262144,square,poisonous,Orange Peel Fungus,cf8965fa60cb9c24
Classes/poisonous/orange_peel_fungus/1.png,3,1,png,512,512,1.0,0.262144,square,poisonous,Orange Peel Fungus,d9db3c833322668e
Classes/poisonous/orange_peel_fungus/10.png,3,10,png,512,512,1.0,0.262144,square,poisonous,Orange Peel Fungus,c4953fa6384e392d
Classes/poisonous/Echinoderma_calcicola/Echinoderma_calcicola21.png,3,Echinoderma_calcicola21,png,216,233,0.927038626609442,0.050328,portrait,poisonous,Echinoderma Calcicola,88e6731d9c8fe254
Classes/poisonous/Echinoderma_calcicola/Echinoderma_calcicola27.png,3,Echinoderma_calcicola27,png,200,200,1.0,0.04,square,poisonous,Echinoderma Calcicola,985c67b3f6639c04
Classes/poisonous/Echinoderma_calcicola/Echinoderma_calcicola28.png,3,Echinoderma_calcicola28,png,200,127,1.5748031496062993,0.0254,landscape,poisonous,Echinoderma Calcicola,d4371cca674cd94a
Classes/poisonous/Echinoderma_calcicola/Echinoderma_calcicola25.png,3,Echinoderma_calcicola25,png,183,275,0.6654545454545454,0.050325,portrait,poisonous,Echinoderma Calcicola,c4533b2ee4b1d44e
Classes/poisonous/Echinoderma_calcicola/Echinoderma_calcicola20.png,3,Echinoderma_calcicola20,png,259,194,1.3350515463917525,0.050246,landscape,poisonous,Echinoderma Calcicola,b5d60a6f213dd0ca
Classes/poisonous/Inocybe_lacera/Inocybe_lacera13.png,3,Inocybe_lacera13,png,100,100,1.0,0.01,square,poisonous,Inocybe Lacera,ad8b4b43b808e8fe
Classes/poisonous/Inocybe_lacera/Inocybe_lacera18.png,3,Inocybe_lacera18,png,220,146,1.5068493150684932,0.03212,landscape,poisonous,Inocybe Lacera,c3c63c99b22c996e
Classes/poisonous/Inocybe_lacera/Inocybe_lacera28.png,3,Inocybe_lacera28,png,259,194,1.3350515463917525,0.050246,landscape,poisonous,Inocybe Lacera,ea0f564ce300bb3b
Classes/poisonous/Inocybe_lacera/Inocybe_lacera32.png,3,Inocybe_lacera32,png,276,183,1.5081967213114753,0.050508,landscape,poisonous,Inocybe Lacera,e5d53b2e8230f585
Classes/poisonous/Inocybe_lacera/Inocybe_lacera19.png,3,Inocybe_lacera19,png,275,183,1.5027322404371584,0.050325,landscape,poisonous,Inocybe Lacera,939f46c11974c7aa
Classes/poisonous/Tricholoma_sulphureum/Tricholoma_sulphureum8.png,3,Tricholoma_sulphureum8,png,271,186,1.456989247311828,0.050406,landscape,poisonous,Tricholoma Sulphureum,d2d02c6be019b767
Classes/poisonous/Tricholoma_sulphureum/Tricholoma_sulphureum2.png,3,Tricholoma_sulphureum2,png,266,189,1.4074074074074074,0.050274,landscape,poisonous,Tricholoma Sulphureum,dc93232c3e3cc9e1
Classes/poisonous/Tricholoma_sulphureum/Tricholoma_sulphureum12.png,3,Tricholoma_sulphureum12,png,259,194,1.3350515463917525,0.050246,landscape,poisonous,Tricholoma Sulphureum,92916d6e27917c74
Classes/poisonous/Tricholoma_sulphureum/Tricholoma_sulphureum9.png,3,Tricholoma_sulphureum9,png,275,183,1.5027322404371584,0.050325,landscape,poisonous,Tricholoma Sulphureum,890c77733c89db31
Classes/poisonous/Tricholoma_sulphureum/Tricholoma_sulphureum16.png,3,Tricholoma_sulphureum16,png,259,194,1.3350515463917525,0.050246,landscape,poisonous,Tricholoma Sulphureum,8dd26d36d46938c3
Classes/poisonous/Inocybe_rimosa/Inocybe_rimosa22.png,3,Inocybe_rimosa22,png,247,204,1.21078431372549,0.050388,landscape,poisonous,Inocybe Rimosa,d0c621f178c737a3
Classes/poisonous/Inocybe_rimosa/Inocybe_rimosa14.png,3,Inocybe_rimosa14,png,266,190,1.4,0.05054,landscape,poisonous,Inocybe Rimosa,b4604e3fcb906b8d
Classes/poisonous/Inocybe_rimosa/Inocybe_rimosa30.png,3,Inocybe_rimosa30,png,188,268,0.7014925373134329,0.050384,portrait,poisonous,Inocybe Rimosa,91cd7eb466931cc4
Classes/poisonous/Inocybe_rimosa/Inocybe_rimosa5.png,3,Inocybe_rimosa5,png,100,100,1.0,0.01,square,poisonous,Inocybe Rimosa,d58b68c697107be2
Classes/poisonous/Inocybe_rimosa/Inocybe_rimosa7.png,3,Inocybe_rimosa7,png,100,100,1.0,0.01,square,poisonous,Inocybe Rimosa,d9d3e06e35b192e0
Classes/poisonous/Cortinarius_phoeniceus/Cortinarius_phoeniceus20.png,3,Cortinarius_phoeniceus20,png,259,194,1.3350515463917525,0.050246,landscape,poisonous,Cortinarius Phoeniceus,ccb4dd4389ac3764
Classes/poisonous/Cortinarius_phoeniceus/Cortinarius_phoeniceus6.png,3,Cortinarius_phoeniceus6,png,100,100,1.0,0.01,square,poisonous,Cortinarius Phoeniceus,f0691792ed144ba7
Classes/poisonous/Cortinarius_phoeniceus/Cortinarius_phoeniceus18.png,3,Cortinarius_phoeniceus18,png,262,192,1.3645833333333333,0.050304,landscape,poisonous,Cortinarius Phoeniceus,d41346361bda22f7
Classes/poisonous/Cortinarius_phoeniceus/Cortinarius_phoeniceus48.png,3,Cortinarius_phoeniceus48,png,262,193,1.3575129533678756,0.050566,landscape,poisonous,Cortinarius Phoeniceus,d9c861356e9f1ce0
Classes/poisonous/Cortinarius_phoeniceus/Cortinarius_phoeniceus17.png,3,Cortinarius_phoeniceus17,png,275,183,1.5027322404371584,0.050325,landscape,poisonous,Cortinarius Phoeniceus,c7c51666695b1327
Classes/poisonous/Turbinellus_kauffmanii/Turbinellus_kauffmanii8.png,3,Turbinellus_kauffmanii8,png,100,100,1.0,0.01,square,poisonous,Turbinellus Kauffmanii,8e80304fdb934dbd
Classes/poisonous/Turbinellus_kauffmanii/Turbinellus_kauffmanii26.png,3,Turbinellus_kauffmanii26,png,211,238,0.8865546218487395,0.050218,portrait,poisonous,Turbinellus Kauffmanii,ebc3f03d953690c2
Classes/poisonous/Turbinellus_kauffmanii/Turbinellus_kauffmanii14.png,3,Turbinellus_kauffmanii14,png,225,225,1.0,0.050625,square,poisonous,Turbinellus Kauffmanii,941b3bc46bb464cb
Classes/poisonous/Turbinellus_kauffmanii/Turbinellus_kauffmanii24.png,3,Turbinellus_kauffmanii24,png,275,183,1.5027322404371584,0.050325,landscape,poisonous,Turbinellus Kauffmanii,8bc66d985e33962c
Classes/poisonous/Turbinellus_kauffmanii/Turbinellus_kauffmanii12.png,3,Turbinellus_kauffmanii12,png,275,183,1.5027322404371584,0.050325,landscape,poisonous,Turbinellus Kauffmanii,c5c10e4f783d33b2
Classes/poisonous/yellow_false_truffle/7.png,3,7,png,512,512,1.0,0.262144,square,poisonous,Yellow False Truffle,fbfd71238e099481
Classes/poisonous/yellow_false_truffle/2.png,3,2,png,512,512,1.0,0.262144,square,poisonous,Yellow False Truffle,86f37bccb132c8e0
Classes/poisonous/yellow_false_truffle/8.png,3,8,png,512,512,1.0,0.262144,square,poisonous,Yellow False Truffle,90fc671761e0d91e
Classes/poisonous/yellow_false_truffle/1.png,3,1,png,512,512,1.0,0.262144,square,poisonous,Yellow False Truffle,83883e35b07acbcd
Classes/poisonous/yellow_false_truffle/11.png,3,11,png,512,512,1.0,0.262144,square,poisonous,Yellow False Truffle,9b8a6da4b70692d6
Classes/poisonous/Hapalopilus_nidulans/Hapalopilus_nidulans10.png,3,Hapalopilus_nidulans10,png,100,100,1.0,0.01,square,poisonous,Hapalopilus Nidulans,97c66cb996246972
Classes/poisonous/Hapalopilus_nidulans/Hapalopilus_nidulans4.png,3,Hapalopilus_nidulans4,png,100,100,1.0,0.01,square,poisonous,Hapalopilus Nidulans,d38b0ee4e49b8966
Classes/poisonous/Hapalopilus_nidulans/Hapalopilus_nidulans15.png,3,Hapalopilus_nidulans15,png,300,168,1.7857142857142858,0.0504,landscape,poisonous,Hapalopilus Nidulans,f7dc40b761812b87
Classes/poisonous/Hapalopilus_nidulans/Hapalopilus_nidulans7.png,3,Hapalopilus_nidulans7,png,276,183,1.5081967213114753,0.050508,landscape,poisonous,Hapalopilus Nidulans,80af3f9560c370cf
Classes/poisonous/Hapalopilus_nidulans/Hapalopilus_nidulans18.png,3,Hapalopilus_nidulans18,png,259,194,1.3350515463917525,0.050246,landscape,poisonous,Hapalopilus Nidulans,8bac3d2076933d8d
Classes/poisonous/Amanita_cothurnata/Amanita_cothurnata25.png,3,Amanita_cothurnata25,png,259,194,1.3350515463917525,0.050246,landscape,poisonous,Amanita Cothurnata,81d562e25ea85d5e
Classes/poisonous/Amanita_cothurnata/Amanita_cothurnata1.png,3,Amanita_cothurnata1,png,100,100,1.0,0.01,square,poisonous,Amanita Cothurnata,d9862c79b8f65131
Classes/poisonous/Amanita_cothurnata/Amanita_cothurnata20.png,3,Amanita_cothurnata20,png,196,250,0.784,0.049,portrait,poisonous,Amanita Cothurnata,c38d24e77f70181e
Classes/poisonous/Amanita_cothurnata/Amanita_cothurnata12.png,3,Amanita_cothurnata12,png,100,100,1.0,0.01,square,poisonous,Amanita Cothurnata,e9da36644a3742b6
Classes/poisonous/Amanita_cothurnata/Amanita_cothurnata18.png,3,Amanita_cothurnata18,png,194,259,0.749034749034749,0.050246,portrait,poisonous,Amanita Cothurnata,d2c9696f38366760
Classes/poisonous/bruising_webcap/7.png,3,7,png,512,512,1.0,0.262144,square,poisonous,Bruising Webcap,cc9393dc31396365
Classes/poisonous/bruising_webcap/2.png,3,2,png,512,512,1.0,0.262144,square,poisonous,Bruising Webcap,dbe68be96d2424b0
Classes/poisonous/bruising_webcap/8.png,3,8,png,512,512,1.0,0.262144,square,poisonous,Bruising Webcap,d8f070cc6d7c8b19
Classes/poisonous/bruising_webcap/1.png,3,1,png,512,512,1.0,0.262144,square,poisonous,Bruising Webcap,8e827078d3f246d7
Classes/poisonous/bruising_webcap/11.png,3,11,png,512,512,1.0,0.262144,square,poisonous,Bruising Webcap,d9b76648346611cf
Classes/poisonous/Tricholoma_equestre/Tricholoma_equestre27.png,3,Tricholoma_equestre27,png,300,168,1.7857142857142858,0.0504,landscape,poisonous,Tricholoma Equestre,c22c3ec167539d3c
Classes/poisonous/Tricholoma_equestre/Tricholoma_equestre13.png,3,Tricholoma_equestre13,png,259,194,1.3350515463917525,0.050246,landscape,poisonous,Tricholoma Equestre,946363d9ad1f1a25
Classes/poisonous/Tricholoma_equestre/Tricholoma_equestre30.png,3,Tricholoma_equestre30,png,262,192,1.3645833333333333,0.050304,landscape,poisonous,Tricholoma Equestre,d39035472f989c67
Classes/poisonous/Tricholoma_equestre/Tricholoma_equestre22.png,3,Tricholoma_equestre22,png,259,194,1.3350515463917525,0.050246,landscape,poisonous,Tricholoma Equestre,c7c62d3bf4997006
Classes/poisonous/Tricholoma_equestre/Tricholoma_equestre15.png,3,Tricholoma_equestre15,png,265,190,1.394736842105263,0.05035,landscape,poisonous,Tricholoma Equestre,f5c02a2d99dce4a3
Classes/poisonous/Amanita citrina/204medium.jpg,3,204medium,jpg,375,500,0.75,0.1875,portrait,poisonous,Amanita Citrina,cdac3332e68ccf30
Classes/poisonous/Amanita citrina/162medium.jpg,3,162medium,jpg,437,500,0.874,0.2185,portrait,poisonous,Amanita Citrina,d9c3743d34c2c995
Classes/poisonous/Amanita citrina/49medium.jpg,3,49medium,jpg,500,281,1.7793594306049825,0.1405,landscape,poisonous,Amanita Citrina,f3c69c314618c76e
Classes/poisonous/Amanita citrina/135medium.jpg,3,135medium,jpg,500,375,1.3333333333333333,0.1875,landscape,poisonous,Amanita Citrina,c3857230896e33fb
Classes/poisonous/Amanita citrina/138medium.jpg,3,138medium,jpg,500,375,1.3333333333333333,0.1875,landscape,poisonous,Amanita Citrina,d8caa4f5828e9f19
Classes/poisonous/yellow_stainer/7.png,3,7,png,512,512,1.0,0.262144,square,poisonous,Yellow Stainer,94a92a3c9f52d2d5
Classes/poisonous/yellow_stainer/2.png,3,2,png,512,512,1.0,0.262144,square,poisonous,Yellow Stainer,926c67926c99dd64
Classes/poisonous/yellow_stainer/8.png,3,8,png,512,512,1.0,0.262144,square,poisonous,Yellow Stainer,94942b6ae1652f9e
Classes/poisonous/yellow_stainer/1.png,3,1,png,512,512,1.0,0.262144,square,poisonous,Yellow Stainer,c5704a1b3de5664e
Classes/poisonous/yellow_stainer/11.png,3,11,png,512,512,1.0,0.262144,square,poisonous,Yellow Stainer,cd8f333c33173170
Classes/poisonous/Panaeolus_cinctulus/Panaeolus_cinctulus1.png,3,Panaeolus_cinctulus1,png,100,100,1.0,0.01,square,poisonous,Panaeolus Cinctulus,ba55d66268236e1d
Classes/poisonous/Panaeolus_cinctulus/Panaeolus_cinctulus33.png,3,Panaeolus_cinctulus33,png,194,259,0.749034749034749,0.050246,portrait,poisonous,Panaeolus Cinctulus,ccd398a3279c32cd
Classes/poisonous/Panaeolus_cinctulus/Panaeolus_cinctulus43.png,3,Panaeolus_cinctulus43,png,264,191,1.382198952879581,0.050424,landscape,poisonous,Panaeolus Cinctulus,c3569d6d3ce0c193
Classes/poisonous/Panaeolus_cinctulus/Panaeolus_cinctulus36.png,3,Panaeolus_cinctulus36,png,259,194,1.3350515463917525,0.050246,landscape,poisonous,Panaeolus Cinctulus,94e32cf88ba5353a
Classes/poisonous/Panaeolus_cinctulus/Panaeolus_cinctulus3.png,3,Panaeolus_cinctulus3,png,100,100,1.0,0.01,square,poisonous,Panaeolus Cinctulus,c100067f69b79e6d
Classes/poisonous/Turbinellus_floccosus/Turbinellus_floccosus18.png,3,Turbinellus_floccosus18,png,275,183,1.5027322404371584,0.050325,landscape,poisonous,Turbinellus Floccosus,9bcb3630e3e9d02a
Classes/poisonous/Turbinellus_floccosus/Turbinellus_floccosus2.png,3,Turbinellus_floccosus2,png,100,100,1.0,0.01,square,poisonous,Turbinellus Floccosus,dbcc4814f67ab0b1
Classes/poisonous/Turbinellus_floccosus/Turbinellus_floccosus24.png,3,Turbinellus_floccosus24,png,248,203,1.2216748768472907,0.050344,landscape,poisonous,Turbinellus Floccosus,ccc663393936b9c1
Classes/poisonous/Turbinellus_floccosus/Turbinellus_floccosus14.png,3,Turbinellus_floccosus14,png,225,225,1.0,0.050625,square,poisonous,Turbinellus Floccosus,cc8e7343b2f9580d
Classes/poisonous/Turbinellus_floccosus/Turbinellus_floccosus20.png,3,Turbinellus_floccosus20,png,259,194,1.3350515463917525,0.050246,landscape,poisonous,Turbinellus Floccosus,dec9611e37b47038
Classes/poisonous/bovine_bolete/7.png,3,7,png,512,512,1.0,0.262144,square,poisonous,Bovine Bolete,c69031c86f3f80fd
Classes/poisonous/bovine_bolete/2.png,3,2,png,512,512,1.0,0.262144,square,poisonous,Bovine Bolete,c61a1863ef3fc498
Classes/poisonous/bovine_bolete/8.png,3,8,png,512,512,1.0,0.262144,square,poisonous,Bovine Bolete,c9b61f883a697067
Classes/poisonous/bovine_bolete/1.png,3,1,png,512,512,1.0,0.262144,square,poisonous,Bovine Bolete,c8ef69293d709287
Classes/poisonous/bovine_bolete/11.png,3,11,png,512,512,1.0,0.262144,square,poisonous,Bovine Bolete,c4c45b593634f4f2
Classes/poisonous/Entoloma_albidum/Entoloma_albidum15.png,3,Entoloma_albidum15,png,200,150,1.3333333333333333,0.03,landscape,poisonous,Entoloma Albidum,c9ce3ce06645c733
Classes/poisonous/Entoloma_albidum/Entoloma_albidum7.png,3,Entoloma_albidum7,png,100,100,1.0,0.01,square,poisonous,Entoloma Albidum,da9a6d2521b294be
Classes/poisonous/Entoloma_albidum/Entoloma_albidum10.png,3,Entoloma_albidum10,png,100,100,1.0,0.01,square,poisonous,Entoloma Albidum,9b9b9c5115696c4e
Classes/poisonous/Entoloma_albidum/Entoloma_albidum23.png,3,Entoloma_albidum23,png,175,288,0.6076388888888888,0.0504,portrait,poisonous,Entoloma Albidum,9b9a2c24670eda97
Classes/poisonous/Entoloma_albidum/Entoloma_albidum25.png,3,Entoloma_albidum25,png,204,247,0.8259109311740891,0.050388,portrait,poisonous,Entoloma Albidum,c191b71c1c636e6e
Classes/poisonous/oak_mazegill/7.png,3,7,png,512,512,1.0,0.262144,square,poisonous,Oak Mazegill,95c17b2fc395850d
Classes/poisonous/oak_mazegill/2.png,3,2,png,512,512,1.0,0.262144,square,poisonous,Oak Mazegill,cc31e23e30e30777
Classes/poisonous/oak_mazegill/8.png,3,8,png,512,512,1.0,0.262144,square,poisonous,Oak Mazegill,ca16ad7074839bc7
Classes/poisonous/oak_mazegill/1.png,3,1,png,512,512,1.0,0.262144,square,poisonous,Oak Mazegill,ed88df11697a6145
Classes/poisonous/oak_mazegill/11.png,3,11,png,512,512,1.0,0.262144,square,poisonous,Oak Mazegill,abb5d4009c0e7e79
Classes/poisonous/larch_bolete/7.png,3,7,png,512,512,1.0,0.262144,square,poisonous,Larch Bolete,eecb995c70256c64
Classes/poisonous/larch_bolete/2.png,3,2,png,512,512,1.0,0.262144,square,poisonous,Larch Bolete,9e5be9730c323133
Classes/poisonous/larch_bolete/8.png,3,8,png,512,512,1.0,0.262144,square,poisonous,Larch Bolete,e5d233b4d819e68c
Classes/poisonous/larch_bolete/1.png,3,1,png,512,512,1.0,0.262144,square,poisonous,Larch Bolete,f996de83716c6045
Classes/poisonous/larch_bolete/11.png,3,11,png,512,512,1.0,0.262144,square,poisonous,Larch Bolete,e7c3686c68131b9e
Classes/poisonous/panthercap/7.png,3,7,png,512,512,1.0,0.262144,square,poisonous,Panthercap,9aee693465728783
Classes/poisonous/panthercap/2.png,3,2,png,512,512,1.0,0.262144,square,poisonous,Panthercap,cda1f18372dde824
Classes/poisonous/panthercap/8.png,3,8,png,512,512,1.0,0.262144,square,poisonous,Panthercap,9b992d26e664374c
Classes/poisonous/panthercap/1.png,3,1,png,512,512,1.0,0.262144,square,poisonous,Panthercap,c983962d6e74a6d1
Classes/poisonous/panthercap/11.png,3,11,png,512,512,1.0,0.262144,square,poisonous,Panthercap,ccf3278c72ca21ad
Classes/poisonous/Mycena_rosea/Mycena_rosea16.png,3,Mycena_rosea16,png,277,182,1.521978021978022,0.050414,landscape,poisonous,Mycena Rosea,f00d0ef2b11d0ff1
Classes/poisonous/Mycena_rosea/Mycena_rosea20.png,3,Mycena_rosea20,png,259,194,1.3350515463917525,0.050246,landscape,poisonous,Mycena Rosea,dcf39e9b1a1a1838
Classes/poisonous/Mycena_rosea/Mycena_rosea7.png,3,Mycena_rosea7,png,191,263,0.7262357414448669,0.050233,portrait,poisonous,Mycena Rosea,cdf03c1c616c633e
Classes/poisonous/Mycena_rosea/Mycena_rosea24.png,3,Mycena_rosea24,png,183,275,0.6654545454545454,0.050325,portrait,poisonous,Mycena Rosea,9429e762a09f8bf8
Classes/poisonous/Mycena_rosea/Mycena_rosea11.png,3,Mycena_rosea11,png,257,196,1.3112244897959184,0.050372,landscape,poisonous,Mycena Rosea,8e9185cc7f6a2d38
Classes/poisonous/Amanita_gioiosa/Amanita_gioiosa16.png,3,Amanita_gioiosa16,png,240,160,1.5,0.0384,landscape,poisonous,Amanita Gioiosa,ca907cecc23c9f91
Classes/poisonous/Amanita_gioiosa/Amanita_gioiosa3.png,3,Amanita_gioiosa3,png,100,100,1.0,0.01,square,poisonous,Amanita Gioiosa,8a9d0f503ce74b96
Classes/poisonous/Amanita_gioiosa/Amanita_gioiosa23.png,3,Amanita_gioiosa23,png,255,198,1.2878787878787878,0.05049,landscape,poisonous,Amanita Gioiosa,98945b47f3b94e22
Classes/poisonous/Amanita_gioiosa/Amanita_gioiosa8.png,3,Amanita_gioiosa8,png,263,191,1.3769633507853405,0.050233,landscape,poisonous,Amanita Gioiosa,84ac1f4369f195d6
Classes/poisonous/Amanita_gioiosa/Amanita_gioiosa15.png,3,Amanita_gioiosa15,png,259,194,1.3350515463917525,0.050246,landscape,poisonous,Amanita Gioiosa,c6c3293f6aac5839
Classes/poisonous/lurid_bolete/7.png,3,7,png,512,512,1.0,0.262144,square,poisonous,Lurid Bolete,b7ab6b250c183a67
Classes/poisonous/lurid_bolete/2.png,3,2,png,512,512,1.0,0.262144,square,poisonous,Lurid Bolete,a8c51f1a62e1875f
Classes/poisonous/lurid_bolete/8.png,3,8,png,512,512,1.0,0.262144,square,poisonous,Lurid Bolete,faf0bca080afb594
Classes/poisonous/lurid_bolete/1.png,3,1,png,512,512,1.0,0.262144,square,poisonous,Lurid Bolete,9be597d8480b2d65
Classes/poisonous/lurid_bolete/11.png,3,11,png,512,512,1.0,0.262144,square,poisonous,Lurid Bolete,cc33c6de98297d30
Classes/poisonous/Cortinarius_malicorius/Cortinarius_malicorius3.png,3,Cortinarius_malicorius3,png,100,100,1.0,0.01,square,poisonous,Cortinarius Malicorius,97d2e0e9bda24383
Classes/poisonous/Cortinarius_malicorius/Cortinarius_malicorius16.png,3,Cortinarius_malicorius16,png,259,194,1.3350515463917525,0.050246,landscape,poisonous,Cortinarius Malicorius,8111bcd3e6ccf274
Classes/poisonous/Cortinarius_malicorius/Cortinarius_malicorius37.png,3,Cortinarius_malicorius37,png,100,100,1.0,0.01,square,poisonous,Cortinarius Malicorius,c6913f76626823a7
Classes/poisonous/Cortinarius_malicorius/Cortinarius_malicorius29.png,3,Cortinarius_malicorius29,png,183,275,0.6654545454545454,0.050325,portrait,poisonous,Cortinarius Malicorius,d1276368f8d286c7
Classes/poisonous/Cortinarius_malicorius/Cortinarius_malicorius22.png,3,Cortinarius_malicorius22,png,262,192,1.3645833333333333,0.050304,landscape,poisonous,Cortinarius Malicorius,fac46cba13c720ba
Classes/poisonous/deadly_fibrecap/8.png,3,8,png,512,512,1.0,0.262144,square,poisonous,Deadly Fibrecap,ce83313c3cd6cec1
Classes/poisonous/deadly_fibrecap/9.png,3,9,png,512,512,1.0,0.262144,square,poisonous,Deadly Fibrecap,cf8f303c86d3d906
Classes/poisonous/deadly_fibrecap/13.png,3,13,png,512,512,1.0,0.262144,square,poisonous,Deadly Fibrecap,988f662d5d323333
Classes/poisonous/deadly_fibrecap/1.png,3,1,png,512,512,1.0,0.262144,square,poisonous,Deadly Fibrecap,99996565e6c69a19
Classes/poisonous/deadly_fibrecap/3.png,3,3,png,512,512,1.0,0.262144,square,poisonous,Deadly Fibrecap,c4921fe5610eceb3
Classes/poisonous/bitter_beech_bolete/7.png,3,7,png,512,512,1.0,0.262144,square,poisonous,Bitter Beech Bolete,92856d126e6ae9cd
Classes/poisonous/bitter_beech_bolete/2.png,3,2,png,512,512,1.0,0.262144,square,poisonous,Bitter Beech Bolete,b6d0892f277d8585
Classes/poisonous/bitter_beech_bolete/8.png,3,8,png,512,512,1.0,0.262144,square,poisonous,Bitter Beech Bolete,d3923c6d60f43333
Classes/poisonous/bitter_beech_bolete/1.png,3,1,png,512,512,1.0,0.262144,square,poisonous,Bitter Beech Bolete,b69b4d84c05a8ef5
Classes/poisonous/bitter_beech_bolete/11.png,3,11,png,512,512,1.0,0.262144,square,poisonous,Bitter Beech Bolete,ecf833b363c96184
Classes/poisonous/Rubroboletus_pulcherrimus/Rubroboletus_pulcherrimus6.png,3,Rubroboletus_pulcherrimus6,png,201,250,0.804,0.05025,portrait,poisonous,Rubroboletus Pulcherrimus,895ae5257e702d72
Classes/poisonous/Rubroboletus_pulcherrimus/Rubroboletus_pulcherrimus9.png,3,Rubroboletus_pulcherrimus9,png,259,194,1.3350515463917525,0.050246,landscape,poisonous,Rubroboletus Pulcherrimus,fe3ec1c7dca08286
Classes/poisonous/Rubroboletus_pulcherrimus/Rubroboletus_pulcherrimus17.png,3,Rubroboletus_pulcherrimus17,png,259,194,1.3350515463917525,0.050246,landscape,poisonous,Rubroboletus Pulcherrimus,9bb63860886377ba
Classes/poisonous/Rubroboletus_pulcherrimus/Rubroboletus_pulcherrimus25.png,3,Rubroboletus_pulcherrimus25,png,268,188,1.425531914893617,0.050384,landscape,poisonous,Rubroboletus Pulcherrimus,c3cd5866273e3a38
Classes/poisonous/Rubroboletus_pulcherrimus/Rubroboletus_pulcherrimus4.png,3,Rubroboletus_pulcherrimus4,png,100,100,1.0,0.01,square,poisonous,Rubroboletus Pulcherrimus,90963f796a1d8d64
Classes/poisonous/Hypholoma_marginatum/Hypholoma_marginatum6.png,3,Hypholoma_marginatum6,png,100,100,1.0,0.01,square,poisonous,Hypholoma Marginatum,b8790d1ed2fb6150
Classes/poisonous/Hypholoma_marginatum/Hypholoma_marginatum17.png,3,Hypholoma_marginatum17,png,259,194,1.3350515463917525,0.050246,landscape,poisonous,Hypholoma Marginatum,81676e1d3570f295
Classes/poisonous/Hypholoma_marginatum/Hypholoma_marginatum12.png,3,Hypholoma_marginatum12,png,253,199,1.271356783919598,0.050347,landscape,poisonous,Hypholoma Marginatum,cf9e869e9c626461
Classes/poisonous/Hypholoma_marginatum/Hypholoma_marginatum29.png,3,Hypholoma_marginatum29,png,264,191,1.382198952879581,0.050424,landscape,poisonous,Hypholoma Marginatum,92362f69497c52c7
Classes/poisonous/Hypholoma_marginatum/Hypholoma_marginatum25.png,3,Hypholoma_marginatum25,png,258,195,1.323076923076923,0.05031,landscape,poisonous,Hypholoma Marginatum,b52653586a5e7a29
Classes/poisonous/bronze_bolete/7.png,3,7,png,512,512,1.0,0.262144,square,poisonous,Bronze Bolete,8a9ca52973a986cf
Classes/poisonous/bronze_bolete/2.png,3,2,png,512,512,1.0,0.262144,square,poisonous,Bronze Bolete,85b41b3a682de5a7
Classes/poisonous/bronze_bolete/8.png,3,8,png,512,512,1.0,0.262144,square,poisonous,Bronze Bolete,b75678c04a0fcd9c
Classes/poisonous/bronze_bolete/1.png,3,1,png,512,512,1.0,0.262144,square,poisonous,Bronze Bolete,bed980bbdd8040eb
Classes/poisonous/bronze_bolete/11.png,3,11,png,512,512,1.0,0.262144,square,poisonous,Bronze Bolete,df30db8d20357e22
Classes/poisonous/blackening_polypore/7.png,3,7,png,512,512,1.0,0.262144,square,poisonous,Blackening Polypore,9ee34a9e78d86245
Classes/poisonous/blackening_polypore/2.png,3,2,png,512,512,1.0,0.262144,square,poisonous,Blackening Polypore,d385584c9f47d84e
Classes/poisonous/blackening_polypore/8.png,3,8,png,512,512,1.0,0.262144,square,poisonous,Blackening Polypore,8087372d9778b8b9
Classes/poisonous/blackening_polypore/1.png,3,1,png,512,512,1.0,0.262144,square,poisonous,Blackening Polypore,95d96e63e36e0740
Classes/poisonous/blackening_polypore/11.png,3,11,png,512,512,1.0,0.262144,square,poisonous,Blackening Polypore,9124431e8fe9cee5
Classes/poisonous/brown_birch_bolete/7.png,3,7,png,512,512,1.0,0.262144,square,poisonous,Brown Birch Bolete,cccf1d3b63643232
Classes/poisonous/brown_birch_bolete/2.png,3,2,png,512,512,1.0,0.262144,square,poisonous,Brown Birch Bolete,b1a69f0283d3d87c
Classes/poisonous/brown_birch_bolete/8.png,3,8,png,512,512,1.0,0.262144,square,poisonous,Brown Birch Bolete,9eba99ce65248761
Classes/poisonous/brown_birch_bolete/1.png,3,1,png,512,512,1.0,0.262144,square,poisonous,Brown Birch Bolete,95f698d96a693505
Classes/poisonous/brown_birch_bolete/11.png,3,11,png,512,512,1.0,0.262144,square,poisonous,Brown Birch Bolete,98d32d6463cc7333
Classes/poisonous/Bjerkandera adusta/1874medium.jpg,3,1874medium,jpg,500,375,1.3333333333333333,0.1875,landscape,poisonous,Bjerkandera Adusta,ad4a5070d37669ab
Classes/poisonous/Bjerkandera adusta/1790medium.jpeg,3,1790medium,jpeg,500,375,1.3333333333333333,0.1875,landscape,poisonous,Bjerkandera Adusta,c0855d9fea42b31b
Classes/poisonous/Bjerkandera adusta/1453medium.jpeg,3,1453medium,jpeg,500,333,1.5015015015015014,0.1665,landscape,poisonous,Bjerkandera Adusta,99c26dceb13245a7
Classes/poisonous/Bjerkandera adusta/1812medium.jpg,3,1812medium,jpg,375,500,0.75,0.1875,portrait,poisonous,Bjerkandera Adusta,887d57c19c876369
Classes/poisonous/Bjerkandera adusta/1890medium.jpeg,3,1890medium,jpeg,500,333,1.5015015015015014,0.1665,landscape,poisonous,Bjerkandera Adusta,de71a4cad11c7790
Classes/poisonous/Agaricus_phaeolepidotus/Agaricus_phaeolepidotus12.png,3,Agaricus_phaeolepidotus12,png,100,100,1.0,0.01,square,poisonous,Agaricus Phaeolepidotus,93123ecb70ad107f
Classes/poisonous/Agaricus_phaeolepidotus/Agaricus_phaeolepidotus5.png,3,Agaricus_phaeolepidotus5,png,100,100,1.0,0.01,square,poisonous,Agaricus Phaeolepidotus,b64f79b0070fdc09
Classes/poisonous/Agaricus_phaeolepidotus/Agaricus_phaeolepidotus14.png,3,Agaricus_phaeolepidotus14,png,275,183,1.5027322404371584,0.050325,landscape,poisonous,Agaricus Phaeolepidotus,de8c3062727392db
Classes/poisonous/Agaricus_phaeolepidotus/Agaricus_phaeolepidotus1.png,3,Agaricus_phaeolepidotus1,png,100,100,1.0,0.01,square,poisonous,Agaricus Phaeolepidotus,ead4a22e1da71e19
Classes/poisonous/Agaricus_phaeolepidotus/Agaricus_phaeolepidotus24.png,3,Agaricus_phaeolepidotus24,png,200,150,1.3333333333333333,0.03,landscape,poisonous,Agaricus Phaeolepidotus,8f5831a6739d5b0c
Classes/poisonous/Amanita_flavorubescens/Amanita_flavorubescens3.png,3,Amanita_flavorubescens3,png,100,100,1.0,0.01,square,poisonous,Amanita Flavorubescens,9993e668736c6585
Classes/poisonous/Amanita_flavorubescens/Amanita_flavorubescens24.png,3,Amanita_flavorubescens24,png,259,195,1.328205128205128,0.050505,landscape,poisonous,Amanita Flavorubescens,98d95f17e4646332
Classes/poisonous/Amanita_flavorubescens/Amanita_flavorubescens9.png,3,Amanita_flavorubescens9,png,259,194,1.3350515463917525,0.050246,landscape,poisonous,Amanita Flavorubescens,d3c3363f2c36690c
Classes/poisonous/Amanita_flavorubescens/Amanita_flavorubescens16.png,3,Amanita_flavorubescens16,png,265,190,1.394736842105263,0.05035,landscape,poisonous,Amanita Flavorubescens,96926e6ccd8995aa
Classes/poisonous/Amanita_flavorubescens/Amanita_flavorubescens10.png,3,Amanita_flavorubescens10,png,259,194,1.3350515463917525,0.050246,landscape,poisonous,Amanita Flavorubescens,93126c2d63e6b33a
Classes/poisonous/blushing_rosette/7.png,3,7,png,512,512,1.0,0.262144,square,poisonous,Blushing Rosette,96c52b3531d8f2cc
Classes/poisonous/blushing_rosette/8.png,3,8,png,512,512,1.0,0.262144,square,poisonous,Blushing Rosette,cc84353eba796d60
Classes/poisonous/blushing_rosette/1.png,3,1,png,512,512,1.0,0.262144,square,poisonous,Blushing Rosette,c2dd3c94612fb3c2
Classes/poisonous/blushing_rosette/0.png,3,0,png,512,512,1.0,0.262144,square,poisonous,Blushing Rosette,db9d622666f84f40
Classes/poisonous/blushing_rosette/10.png,3,10,png,512,512,1.0,0.262144,square,poisonous,Blushing Rosette,dfd9200667763703
Classes/poisonous/Helvella_lactea/Helvella_lactea11.png,3,Helvella_lactea11,png,245,206,1.1893203883495145,0.05047,landscape,poisonous,Helvella Lactea,86a13c1f1370fccb
Classes/poisonous/Helvella_lactea/Helvella_lactea21.png,3,Helvella_lactea21,png,280,180,1.5555555555555556,0.0504,landscape,poisonous,Helvella Lactea,c6b129635ec8c39e
Classes/poisonous/Helvella_lactea/Helvella_lactea19.png,3,Helvella_lactea19,png,261,193,1.3523316062176165,0.050373,landscape,poisonous,Helvella Lactea,c4f2280c37c9cf1f
Classes/poisonous/Helvella_lactea/Helvella_lactea1.png,3,Helvella_lactea1,png,100,100,1.0,0.01,square,poisonous,Helvella Lactea,80a0f85e79ef3878
Classes/poisonous/Helvella_lactea/Helvella_lactea17.png,3,Helvella_lactea17,png,194,259,0.749034749034749,0.050246,portrait,poisonous,Helvella Lactea,d98ca4931b3a137e
Classes/poisonous/Amanita_flavoconia/Amanita_flavoconia23.png,3,Amanita_flavoconia23,png,197,256,0.76953125,0.050432,portrait,poisonous,Amanita Flavoconia,99c466397c6ac5c3
Classes/poisonous/Amanita_flavoconia/Amanita_flavoconia2.png,3,Amanita_flavoconia2,png,100,100,1.0,0.01,square,poisonous,Amanita Flavoconia,d59630431e78277e
Classes/poisonous/Amanita_flavoconia/Amanita_flavoconia26.png,3,Amanita_flavoconia26,png,188,269,0.6988847583643123,0.050572,portrait,poisonous,Amanita Flavoconia,cce33b2c97d0e12a
Classes/poisonous/Amanita_flavoconia/Amanita_flavoconia24.png,3,Amanita_flavoconia24,png,146,250,0.584,0.0365,portrait,poisonous,Amanita Flavoconia,f20e6dc12db68999
Classes/poisonous/Amanita_flavoconia/Amanita_flavoconia17.png,3,Amanita_flavoconia17,png,240,210,1.1428571428571428,0.0504,landscape,poisonous,Amanita Flavoconia,d9867b693849261f
Classes/poisonous/saffron_milkcap/7.png,3,7,png,512,512,1.0,0.262144,square,poisonous,Saffron Milkcap,c2853d3f786ac343
Classes/poisonous/saffron_milkcap/2.png,3,2,png,512,512,1.0,0.262144,square,poisonous,Saffron Milkcap,d987a2cb7c680c7c
Classes/poisonous/saffron_milkcap/8.png,3,8,png,512,512,1.0,0.262144,square,poisonous,Saffron Milkcap,8696386b296f6571
Classes/poisonous/saffron_milkcap/1.png,3,1,png,512,512,1.0,0.262144,square,poisonous,Saffron Milkcap,8c8b4b5a363c375a
Classes/poisonous/saffron_milkcap/11.png,3,11,png,512,512,1.0,0.262144,square,poisonous,Saffron Milkcap,9296399a626db636
Classes/poisonous/Gyromitra_perlata/Gyromitra_perlata17.png,3,Gyromitra_perlata17,png,253,200,1.265,0.0506,landscape,poisonous,Gyromitra Perlata,df91044f7318fa64
Classes/poisonous/Gyromitra_perlata/Gyromitra_perlata33.png,3,Gyromitra_perlata33,png,178,283,0.6289752650176679,0.050374,portrait,poisonous,Gyromitra Perlata,936ced10ca45b27b
Classes/poisonous/Gyromitra_perlata/Gyromitra_perlata21.png,3,Gyromitra_perlata21,png,183,275,0.6654545454545454,0.050325,portrait,poisonous,Gyromitra Perlata,b26b2b125b1933b3
Classes/poisonous/Gyromitra_perlata/Gyromitra_perlata31.png,3,Gyromitra_perlata31,png,177,285,0.6210526315789474,0.050445,portrait,poisonous,Gyromitra Perlata,aad7919814ae7565
Classes/poisonous/Gyromitra_perlata/Gyromitra_perlata3.png,3,Gyromitra_perlata3,png,100,100,1.0,0.01,square,poisonous,Gyromitra Perlata,bb90d143cae8687b
Classes/poisonous/Amanita_farinosa/Amanita_farinosa22.png,3,Amanita_farinosa22,png,271,186,1.456989247311828,0.050406,landscape,poisonous,Amanita Farinosa,91921a0f3c6b6eb5
Classes/poisonous/Amanita_farinosa/Amanita_farinosa26.png,3,Amanita_farinosa26,png,259,194,1.3350515463917525,0.050246,landscape,poisonous,Amanita Farinosa,8c83d33432ec8fd5
Classes/poisonous/Amanita_farinosa/Amanita_farinosa1.png,3,Amanita_farinosa1,png,100,100,1.0,0.01,square,poisonous,Amanita Farinosa,c94b222cbf957562
Classes/poisonous/Amanita_farinosa/Amanita_farinosa24.png,3,Amanita_farinosa24,png,259,194,1.3350515463917525,0.050246,landscape,poisonous,Amanita Farinosa,a9852331e8bdd5d2
Classes/poisonous/Amanita_farinosa/Amanita_farinosa29.png,3,Amanita_farinosa29,png,275,183,1.5027322404371584,0.050325,landscape,poisonous,Amanita Farinosa,82c6393bc5e83e96
Classes/poisonous/Clitocybe_dealbata/Clitocybe_dealbata3.png,3,Clitocybe_dealbata3,png,100,100,1.0,0.01,square,poisonous,Clitocybe Dealbata,f0b70f3c1c581747
Classes/poisonous/Clitocybe_dealbata/Clitocybe_dealbata8.png,3,Clitocybe_dealbata8,png,100,100,1.0,0.01,square,poisonous,Clitocybe Dealbata,ee13e4adc312199e
Classes/poisonous/Clitocybe_dealbata/Clitocybe_dealbata26.png,3,Clitocybe_dealbata26,png,267,189,1.4126984126984128,0.050463,landscape,poisonous,Clitocybe Dealbata,94e72a1ae4be91c5
Classes/poisonous/Clitocybe_dealbata/Clitocybe_dealbata13.png,3,Clitocybe_dealbata13,png,259,194,1.3350515463917525,0.050246,landscape,poisonous,Clitocybe Dealbata,83903a7ae4ec9787
Classes/poisonous/Clitocybe_dealbata/Clitocybe_dealbata5.png,3,Clitocybe_dealbata5,png,100,100,1.0,0.01,square,poisonous,Clitocybe Dealbata,90cf4e94b2d1cd4e
Classes/poisonous/greencracked_brittlegill/7.png,3,7,png,512,512,1.0,0.262144,square,poisonous,Greencracked Brittlegill,879f5ac869616565
Classes/poisonous/greencracked_brittlegill/2.png,3,2,png,512,512,1.0,0.262144,square,poisonous,Greencracked Brittlegill,95956ed939696129
Classes/poisonous/greencracked_brittlegill/8.png,3,8,png,512,512,1.0,0.262144,square,poisonous,Greencracked Brittlegill,9b3011836c67edcb
Classes/poisonous/greencracked_brittlegill/1.png,3,1,png,512,512,1.0,0.262144,square,poisonous,Greencracked Brittlegill,94653a6f783461b6
Classes/poisonous/greencracked_brittlegill/11.png,3,11,png,512,512,1.0,0.262144,square,poisonous,Greencracked Brittlegill,85d25a9b78d96166
Classes/poisonous/Cortinarius_cinnamomeus/Cortinarius_cinnamomeus7.png,3,Cortinarius_cinnamomeus7,png,275,183,1.5027322404371584,0.050325,landscape,poisonous,Cortinarius Cinnamomeus,c4a52df8d22e1bca
Classes/poisonous/Cortinarius_cinnamomeus/Cortinarius_cinnamomeus24.png,3,Cortinarius_cinnamomeus24,png,220,147,1.4965986394557824,0.03234,landscape,poisonous,Cortinarius Cinnamomeus,8ec66ec3b85c7542
Classes/poisonous/Cortinarius_cinnamomeus/Cortinarius_cinnamomeus18.png,3,Cortinarius_cinnamomeus18,png,259,194,1.3350515463917525,0.050246,landscape,poisonous,Cortinarius Cinnamomeus,c69195a57561c9cb
Classes/poisonous/Cortinarius_cinnamomeus/Cortinarius_cinnamomeus36.png,3,Cortinarius_cinnamomeus36,png,183,275,0.6654545454545454,0.050325,portrait,poisonous,Cortinarius Cinnamomeus,9d522668c7975738
Classes/poisonous/Cortinarius_cinnamomeus/Cortinarius_cinnamomeus23.png,3,Cortinarius_cinnamomeus23,png,266,189,1.4074074074074074,0.050274,landscape,poisonous,Cortinarius Cinnamomeus,9c9d1b66c6ed300b
Classes/poisonous/Entoloma_rhodopolium/Entoloma_rhodopolium28.png,3,Entoloma_rhodopolium28,png,259,195,1.328205128205128,0.050505,landscape,poisonous,Entoloma Rhodopolium,8b983863c33e65cd
Classes/poisonous/Entoloma_rhodopolium/Entoloma_rhodopolium24.png,3,Entoloma_rhodopolium24,png,275,183,1.5027322404371584,0.050325,landscape,poisonous,Entoloma Rhodopolium,c6521bd46c3b29a7
Classes/poisonous/Entoloma_rhodopolium/Entoloma_rhodopolium22.png,3,Entoloma_rhodopolium22,png,259,194,1.3350515463917525,0.050246,landscape,poisonous,Entoloma Rhodopolium,98b26e69939c398e
Classes/poisonous/Entoloma_rhodopolium/Entoloma_rhodopolium23.png,3,Entoloma_rhodopolium23,png,276,183,1.5081967213114753,0.050508,landscape,poisonous,Entoloma Rhodopolium,dac36d353965c491
Classes/poisonous/Entoloma_rhodopolium/Entoloma_rhodopolium11.png,3,Entoloma_rhodopolium11,png,100,100,1.0,0.01,square,poisonous,Entoloma Rhodopolium,c08e5a075e147ff8
Classes/poisonous/Amanita_subfrostiana/Amanita_subfrostiana20.png,3,Amanita_subfrostiana20,png,259,195,1.328205128205128,0.050505,landscape,poisonous,Amanita Subfrostiana,dc43363d6ed381d0
Classes/poisonous/Amanita_subfrostiana/Amanita_subfrostiana13.png,3,Amanita_subfrostiana13,png,207,244,0.8483606557377049,0.050508,portrait,poisonous,Amanita Subfrostiana,d9b6f221781e06c7
Classes/poisonous/Amanita_subfrostiana/Amanita_subfrostiana17.png,3,Amanita_subfrostiana17,png,212,238,0.8907563025210085,0.050456,portrait,poisonous,Amanita Subfrostiana,d5116ad42eede982
Classes/poisonous/Amanita_subfrostiana/Amanita_subfrostiana12.png,3,Amanita_subfrostiana12,png,100,100,1.0,0.01,square,poisonous,Amanita Subfrostiana,8e1b33249bd38e39
Classes/poisonous/Amanita_subfrostiana/Amanita_subfrostiana24.png,3,Amanita_subfrostiana24,png,221,228,0.9692982456140352,0.050388,portrait,poisonous,Amanita Subfrostiana,81501f756ba371ab
Classes/poisonous/Russula_viscida/Russula_viscida10.png,3,Russula_viscida10,png,100,100,1.0,0.01,square,poisonous,Russula Viscida,b5645a936d562e25
Classes/poisonous/Russula_viscida/Russula_viscida3.png,3,Russula_viscida3,png,100,100,1.0,0.01,square,poisonous,Russula Viscida,e59a18e55ab18f38
Classes/poisonous/Russula_viscida/Russula_viscida14.png,3,Russula_viscida14,png,259,194,1.3350515463917525,0.050246,landscape,poisonous,Russula Viscida,908dbb607771594e
Classes/poisonous/Russula_viscida/Russula_viscida6.png,3,Russula_viscida6,png,100,100,1.0,0.01,square,poisonous,Russula Viscida,89d676a1fc0ec3d0
Classes/poisonous/Russula_viscida/Russula_viscida19.png,3,Russula_viscida19,png,272,185,1.4702702702702704,0.05032,landscape,poisonous,Russula Viscida,c4993de649a298f9
Classes/poisonous/Cortinarius_limonius/Cortinarius_limonius11.png,3,Cortinarius_limonius11,png,100,100,1.0,0.01,square,poisonous,Cortinarius Limonius,99d278f9c6d2b482
Classes/poisonous/Cortinarius_limonius/Cortinarius_limonius18.png,3,Cortinarius_limonius18,png,275,183,1.5027322404371584,0.050325,landscape,poisonous,Cortinarius Limonius,819b384c4eb8ed75
Classes/poisonous/Cortinarius_limonius/Cortinarius_limonius31.png,3,Cortinarius_limonius31,png,259,195,1.328205128205128,0.050505,landscape,poisonous,Cortinarius Limonius,86c46d333a3a6cec
Classes/poisonous/Cortinarius_limonius/Cortinarius_limonius30.png,3,Cortinarius_limonius30,png,275,183,1.5027322404371584,0.050325,landscape,poisonous,Cortinarius Limonius,948a6349e7973396
Classes/poisonous/Cortinarius_limonius/Cortinarius_limonius38.png,3,Cortinarius_limonius38,png,199,253,0.7865612648221344,0.050347,portrait,poisonous,Cortinarius Limonius,94e06b7a0d2eb197
Classes/poisonous/Ampulloclitocybe_clavipes/Ampulloclitocybe_clavipes20.png,3,Ampulloclitocybe_clavipes20,png,214,236,0.9067796610169492,0.050504,portrait,poisonous,Ampulloclitocybe Clavipes,96836b7c3c9ab2c2
Classes/poisonous/Ampulloclitocybe_clavipes/Ampulloclitocybe_clavipes24.png,3,Ampulloclitocybe_clavipes24,png,269,188,1.430851063829787,0.050572,landscape,poisonous,Ampulloclitocybe Clavipes,d69a1860279e6ee9
Classes/poisonous/Ampulloclitocybe_clavipes/Ampulloclitocybe_clavipes23.png,3,Ampulloclitocybe_clavipes23,png,271,186,1.456989247311828,0.050406,landscape,poisonous,Ampulloclitocybe Clavipes,92c9b66d6f964892
Classes/poisonous/Ampulloclitocybe_clavipes/Ampulloclitocybe_clavipes7.png,3,Ampulloclitocybe_clavipes7,png,100,100,1.0,0.01,square,poisonous,Ampulloclitocybe Clavipes,c293c36d676d24d1
Classes/poisonous/Ampulloclitocybe_clavipes/Ampulloclitocybe_clavipes15.png,3,Ampulloclitocybe_clavipes15,png,259,194,1.3350515463917525,0.050246,landscape,poisonous,Ampulloclitocybe Clavipes,909a3e6763d9cc64
Classes/poisonous/Inocybe_sublilacina/Inocybe_sublilacina17.png,3,Inocybe_sublilacina17,png,246,205,1.2,0.05043,landscape,poisonous,Inocybe Sublilacina,b4a14f4a6ac9bd16
Classes/poisonous/Inocybe_sublilacina/Inocybe_sublilacina6.png,3,Inocybe_sublilacina6,png,100,100,1.0,0.01,square,poisonous,Inocybe Sublilacina,fca7c78028c772d8
Classes/poisonous/Inocybe_sublilacina/Inocybe_sublilacina23.png,3,Inocybe_sublilacina23,png,276,182,1.5164835164835164,0.050232,landscape,poisonous,Inocybe Sublilacina,817c70431e4f87f3
Classes/poisonous/Inocybe_sublilacina/Inocybe_sublilacina9.png,3,Inocybe_sublilacina9,png,100,100,1.0,0.01,square,poisonous,Inocybe Sublilacina,d546ba5409bbc6a6
Classes/poisonous/Inocybe_sublilacina/Inocybe_sublilacina14.png,3,Inocybe_sublilacina14,png,259,194,1.3350515463917525,0.050246,landscape,poisonous,Inocybe Sublilacina,9bcc6c359387691a
Classes/poisonous/Amanita_boudieri/Amanita_boudieri1.png,3,Amanita_boudieri1,png,100,100,1.0,0.01,square,poisonous,Amanita Boudieri,89b6e6645b8a9a9a
Classes/poisonous/Amanita_boudieri/Amanita_boudieri23.png,3,Amanita_boudieri23,png,288,175,1.6457142857142857,0.0504,landscape,poisonous,Amanita Boudieri,869339b44ca7964f
Classes/poisonous/Amanita_boudieri/Amanita_boudieri17.png,3,Amanita_boudieri17,png,264,191,1.382198952879581,0.050424,landscape,poisonous,Amanita Boudieri,9e8dedf232323360
Classes/poisonous/Amanita_boudieri/Amanita_boudieri20.png,3,Amanita_boudieri20,png,195,259,0.752895752895753,0.050505,portrait,poisonous,Amanita Boudieri,db962e494f8cd08e
Classes/poisonous/Amanita_boudieri/Amanita_boudieri7.png,3,Amanita_boudieri7,png,100,100,1.0,0.01,square,poisonous,Amanita Boudieri,9d236838c7725ace
Classes/poisonous/Amanita_rubrovolvata/Amanita_rubrovolvata13.png,3,Amanita_rubrovolvata13,png,194,259,0.749034749034749,0.050246,portrait,poisonous,Amanita Rubrovolvata,d8f2262d2e82d379
Classes/poisonous/Amanita_rubrovolvata/Amanita_rubrovolvata11.png,3,Amanita_rubrovolvata11,png,190,266,0.7142857142857143,0.05054,portrait,poisonous,Amanita Rubrovolvata,d9c226d9e116b9c6
Classes/poisonous/Amanita_rubrovolvata/Amanita_rubrovolvata7.png,3,Amanita_rubrovolvata7,png,193,261,0.7394636015325671,0.050373,portrait,poisonous,Amanita Rubrovolvata,99c6863a3a397a5a
Classes/poisonous/Amanita_rubrovolvata/Amanita_rubrovolvata8.png,3,Amanita_rubrovolvata8,png,194,259,0.749034749034749,0.050246,portrait,poisonous,Amanita Rubrovolvata,9ca7a6dc8366b702
Classes/poisonous/Amanita_rubrovolvata/Amanita_rubrovolvata16.png,3,Amanita_rubrovolvata16,png,248,203,1.2216748768472907,0.050344,landscape,poisonous,Amanita Rubrovolvata,c99623e38299fde0
Classes/poisonous/Cudonia_circinans/Cudonia_circinans37.png,3,Cudonia_circinans37,png,259,194,1.3350515463917525,0.050246,landscape,poisonous,Cudonia Circinans,9412ace9e5f0d39a
Classes/poisonous/Cudonia_circinans/Cudonia_circinans12.png,3,Cudonia_circinans12,png,100,100,1.0,0.01,square,poisonous,Cudonia Circinans,b8d20107a6adedec
Classes/poisonous/Cudonia_circinans/Cudonia_circinans48.png,3,Cudonia_circinans48,png,275,183,1.5027322404371584,0.050325,landscape,poisonous,Cudonia Circinans,c2c0cf0f2bb1b197
Classes/poisonous/Cudonia_circinans/Cudonia_circinans15.png,3,Cudonia_circinans15,png,259,194,1.3350515463917525,0.050246,landscape,poisonous,Cudonia Circinans,9abb657692c69838
Classes/poisonous/Cudonia_circinans/Cudonia_circinans20.png,3,Cudonia_circinans20,png,275,183,1.5027322404371584,0.050325,landscape,poisonous,Cudonia Circinans,8497686fe8d1e646
Classes/poisonous/Lactarius_chrysorrheus/Lactarius_chrysorrheus27.png,3,Lactarius_chrysorrheus27,png,261,193,1.3523316062176165,0.050373,landscape,poisonous,Lactarius Chrysorrheus,c6942b78627bd097
Classes/poisonous/Lactarius_chrysorrheus/Lactarius_chrysorrheus7.png,3,Lactarius_chrysorrheus7,png,100,100,1.0,0.01,square,poisonous,Lactarius Chrysorrheus,f0c36e3a0371997c
Classes/poisonous/Lactarius_chrysorrheus/Lactarius_chrysorrheus24.png,3,Lactarius_chrysorrheus24,png,259,194,1.3350515463917525,0.050246,landscape,poisonous,Lactarius Chrysorrheus,c1bf06153d5f28ca
Classes/poisonous/Lactarius_chrysorrheus/Lactarius_chrysorrheus22.png,3,Lactarius_chrysorrheus22,png,275,183,1.5027322404371584,0.050325,landscape,poisonous,Lactarius Chrysorrheus,c1c76ab13f739828
Classes/poisonous/Lactarius_chrysorrheus/Lactarius_chrysorrheus15.png,3,Lactarius_chrysorrheus15,png,258,195,1.323076923076923,0.05031,landscape,poisonous,Lactarius Chrysorrheus,87f0780b8f0f36b4
Classes/poisonous/Amanita_neoovoidea/Amanita_neoovoidea18.png,3,Amanita_neoovoidea18,png,275,183,1.5027322404371584,0.050325,landscape,poisonous,Amanita Neoovoidea,9b8e65783039c787
Classes/poisonous/Amanita_neoovoidea/Amanita_neoovoidea1.png,3,Amanita_neoovoidea1,png,100,100,1.0,0.01,square,poisonous,Amanita Neoovoidea,9acc4916263b37b6
Classes/poisonous/Amanita_neoovoidea/Amanita_neoovoidea9.png,3,Amanita_neoovoidea9,png,100,100,1.0,0.01,square,poisonous,Amanita Neoovoidea,e0e35b1b1c4c86bb
Classes/poisonous/Amanita_neoovoidea/Amanita_neoovoidea5.png,3,Amanita_neoovoidea5,png,100,100,1.0,0.01,square,poisonous,Amanita Neoovoidea,b9001ff3f01d87e1
Classes/poisonous/Amanita_neoovoidea/Amanita_neoovoidea25.png,3,Amanita_neoovoidea25,png,198,254,0.7795275590551181,0.050292,portrait,poisonous,Amanita Neoovoidea,c0306ccdc6323fee
Classes/poisonous/blushing_bracket/7.png,3,7,png,512,512,1.0,0.262144,square,poisonous,Blushing Bracket,940a7ff4b1f10ec2
Classes/poisonous/blushing_bracket/2.png,3,2,png,512,512,1.0,0.262144,square,poisonous,Blushing Bracket,e2256f9f948c8665
Classes/poisonous/blushing_bracket/8.png,3,8,png,512,512,1.0,0.262144,square,poisonous,Blushing Bracket,af988c3ab066f385
Classes/poisonous/blushing_bracket/1.png,3,1,png,512,512,1.0,0.262144,square,poisonous,Blushing Bracket,90d93f0fc07a2bc3
Classes/poisonous/blushing_bracket/11.png,3,11,png,512,512,1.0,0.262144,square,poisonous,Blushing Bracket,af951696da2989a9
Classes/poisonous/Amanita_parvipantherina/Amanita_parvipantherina26.png,3,Amanita_parvipantherina26,png,225,225,1.0,0.050625,square,poisonous,Amanita Parvipantherina,c9d3323c64c3d393
Classes/poisonous/Amanita_parvipantherina/Amanita_parvipantherina24.png,3,Amanita_parvipantherina24,png,259,194,1.3350515463917525,0.050246,landscape,poisonous,Amanita Parvipantherina,c9c93e7c26c382b9
Classes/poisonous/Amanita_parvipantherina/Amanita_parvipantherina6.png,3,Amanita_parvipantherina6,png,100,100,1.0,0.01,square,poisonous,Amanita Parvipantherina,934c663969a66769
Classes/poisonous/Amanita_parvipantherina/Amanita_parvipantherina19.png,3,Amanita_parvipantherina19,png,259,194,1.3350515463917525,0.050246,landscape,poisonous,Amanita Parvipantherina,9b6c66396586466d
Classes/poisonous/Amanita_parvipantherina/Amanita_parvipantherina13.png,3,Amanita_parvipantherina13,png,246,205,1.2,0.05043,landscape,poisonous,Amanita Parvipantherina,c4f10c0e337c7c2f
Classes/poisonous/Amanita_regalis/Amanita_regalis24.png,3,Amanita_regalis24,png,183,275,0.6654545454545454,0.050325,portrait,poisonous,Amanita Regalis,9cf2684863c56de9
Classes/poisonous/Amanita_regalis/Amanita_regalis11.png,3,Amanita_regalis11,png,264,191,1.382198952879581,0.050424,landscape,poisonous,Amanita Regalis,d00d3f72e59c4497
Classes/poisonous/Amanita_regalis/Amanita_regalis2.png,3,Amanita_regalis2,png,100,100,1.0,0.01,square,poisonous,Amanita Regalis,b3d04ec566fa38b0
Classes/poisonous/Amanita_regalis/Amanita_regalis15.png,3,Amanita_regalis15,png,179,282,0.6347517730496454,0.050478,portrait,poisonous,Amanita Regalis,bd5ae268d32b81ac
Classes/poisonous/Amanita_regalis/Amanita_regalis25.png,3,Amanita_regalis25,png,262,193,1.3575129533678756,0.050566,landscape,poisonous,Amanita Regalis,8b8935a767a47e90
Classes/poisonous/false_deathcap/7.png,3,7,png,512,512,1.0,0.262144,square,poisonous,False Deathcap,dba439aea3c0e263
Classes/poisonous/false_deathcap/2.png,3,2,png,512,512,1.0,0.262144,square,poisonous,False Deathcap,919637382cddb534
Classes/poisonous/false_deathcap/8.png,3,8,png,512,512,1.0,0.262144,square,poisonous,False Deathcap,99cf662c3c9a2663
Classes/poisonous/false_deathcap/1.png,3,1,png,512,512,1.0,0.262144,square,poisonous,False Deathcap,de8028a6214ff737
Classes/poisonous/false_deathcap/11.png,3,11,png,512,512,1.0,0.262144,square,poisonous,False Deathcap,c4071e7b3a307cf1
Classes/poisonous/Amanita_echinocephala/Amanita_echinocephala23.png,3,Amanita_echinocephala23,png,271,186,1.456989247311828,0.050406,landscape,poisonous,Amanita Echinocephala,d6d84c26a37916ae
Classes/poisonous/Amanita_echinocephala/Amanita_echinocephala29.png,3,Amanita_echinocephala29,png,242,208,1.1634615384615383,0.050336,landscape,poisonous,Amanita Echinocephala,9ade78686770871a
Classes/poisonous/Amanita_echinocephala/Amanita_echinocephala25.png,3,Amanita_echinocephala25,png,259,194,1.3350515463917525,0.050246,landscape,poisonous,Amanita Echinocephala,93cd3c33c4c9b316
Classes/poisonous/Amanita_echinocephala/Amanita_echinocephala18.png,3,Amanita_echinocephala18,png,167,301,0.5548172757475083,0.050267,portrait,poisonous,Amanita Echinocephala,ccd032631f2c6b7c
Classes/poisonous/Amanita_echinocephala/Amanita_echinocephala17.png,3,Amanita_echinocephala17,png,283,178,1.5898876404494382,0.050374,landscape,poisonous,Amanita Echinocephala,84cc5bb230b4f753
Classes/poisonous/Tricholoma_muscarium/Tricholoma_muscarium16.png,3,Tricholoma_muscarium16,png,225,225,1.0,0.050625,square,poisonous,Tricholoma Muscarium,b25656b12c49f9ac
Classes/poisonous/Tricholoma_muscarium/Tricholoma_muscarium22.png,3,Tricholoma_muscarium22,png,259,194,1.3350515463917525,0.050246,landscape,poisonous,Tricholoma Muscarium,d3d33464c9d3323c
Classes/poisonous/Tricholoma_muscarium/Tricholoma_muscarium7.png,3,Tricholoma_muscarium7,png,100,100,1.0,0.01,square,poisonous,Tricholoma Muscarium,cd15633e3b7c6083
Classes/poisonous/Tricholoma_muscarium/Tricholoma_muscarium14.png,3,Tricholoma_muscarium14,png,209,241,0.8672199170124482,0.050369,portrait,poisonous,Tricholoma Muscarium,db8cfa3d293820f2
Classes/poisonous/Tricholoma_muscarium/Tricholoma_muscarium21.png,3,Tricholoma_muscarium21,png,276,183,1.5081967213114753,0.050508,landscape,poisonous,Tricholoma Muscarium,97b5584dc31a3cd2
Classes/poisonous/Omphalotus_olivascens/Omphalotus_olivascens4.png,3,Omphalotus_olivascens4,png,100,100,1.0,0.01,square,poisonous,Omphalotus Olivascens,9794186b78e3e52c
Classes/poisonous/Omphalotus_olivascens/Omphalotus_olivascens3.png,3,Omphalotus_olivascens3,png,100,100,1.0,0.01,square,poisonous,Omphalotus Olivascens,b9917e2d3216ce62
Classes/poisonous/Omphalotus_olivascens/Omphalotus_olivascens5.png,3,Omphalotus_olivascens5,png,100,100,1.0,0.01,square,poisonous,Omphalotus Olivascens,f06a7721ee96286a
Classes/poisonous/Omphalotus_olivascens/Omphalotus_olivascens23.png,3,Omphalotus_olivascens23,png,275,183,1.5027322404371584,0.050325,landscape,poisonous,Omphalotus Olivascens,d299396d61c7c634
Classes/poisonous/Omphalotus_olivascens/Omphalotus_olivascens14.png,3,Omphalotus_olivascens14,png,259,194,1.3350515463917525,0.050246,landscape,poisonous,Omphalotus Olivascens,d5936825fb52ec44
Classes/poisonous/Amanita_ibotengutake/Amanita_ibotengutake2.png,3,Amanita_ibotengutake2,png,100,100,1.0,0.01,square,poisonous,Amanita Ibotengutake,9b6e660b4f8e9219
Classes/poisonous/Amanita_ibotengutake/Amanita_ibotengutake27.png,3,Amanita_ibotengutake27,png,275,183,1.5027322404371584,0.050325,landscape,poisonous,Amanita Ibotengutake,d6b3292e69cbc2c8
Classes/poisonous/Amanita_ibotengutake/Amanita_ibotengutake12.png,3,Amanita_ibotengutake12,png,259,194,1.3350515463917525,0.050246,landscape,poisonous,Amanita Ibotengutake,bad00cc7c578fab0
Classes/poisonous/Amanita_ibotengutake/Amanita_ibotengutake0.png,3,Amanita_ibotengutake0,png,100,100,1.0,0.01,square,poisonous,Amanita Ibotengutake,9f896177394c4c2d
Classes/poisonous/Amanita_ibotengutake/Amanita_ibotengutake24.png,3,Amanita_ibotengutake24,png,259,194,1.3350515463917525,0.050246,landscape,poisonous,Amanita Ibotengutake,e5c059193731687f
Classes/poisonous/Amanita_smithiana/Amanita_smithiana18.png,3,Amanita_smithiana18,png,259,194,1.3350515463917525,0.050246,landscape,poisonous,Amanita Smithiana,93a4391a66f8ec4b
Classes/poisonous/Amanita_smithiana/Amanita_smithiana15.png,3,Amanita_smithiana15,png,259,194,1.3350515463917525,0.050246,landscape,poisonous,Amanita Smithiana,91b43644d9db6a6c
Classes/poisonous/Amanita_smithiana/Amanita_smithiana25.png,3,Amanita_smithiana25,png,261,193,1.3523316062176165,0.050373,landscape,poisonous,Amanita Smithiana,c09c3f63e437a526
Classes/poisonous/Amanita_smithiana/Amanita_smithiana3.png,3,Amanita_smithiana3,png,100,100,1.0,0.01,square,poisonous,Amanita Smithiana,dd9e1a71e523a826
Classes/poisonous/Amanita_smithiana/Amanita_smithiana8.png,3,Amanita_smithiana8,png,100,100,1.0,0.01,square,poisonous,Amanita Smithiana,84f1700e33bd9cb3
Classes/poisonous/turkey_tail/1.png,3,1,png,512,512,1.0,0.262144,square,poisonous,Turkey Tail,eb906f3390b8af90
Classes/poisonous/turkey_tail/3.png,3,3,png,512,512,1.0,0.262144,square,poisonous,Turkey Tail,e0b0aca55a457dcb
Classes/poisonous/turkey_tail/8.png,3,8,png,512,512,1.0,0.262144,square,poisonous,Turkey Tail,d3f56994701a3713
Classes/poisonous/turkey_tail/2.png,3,2,png,512,512,1.0,0.262144,square,poisonous,Turkey Tail,e595956ace545256
Classes/poisonous/turkey_tail/5.png,3,5,png,512,512,1.0,0.262144,square,poisonous,Turkey Tail,819f3cd033b167a6
Classes/poisonous/Amanita_aprica/Amanita_aprica7.png,3,Amanita_aprica7,png,284,177,1.6045197740112995,0.050268,landscape,poisonous,Amanita Aprica,d4962f595a786427
Classes/poisonous/Amanita_aprica/Amanita_aprica5.png,3,Amanita_aprica5,png,269,187,1.4385026737967914,0.050303,landscape,poisonous,Amanita Aprica,ea8491daf90472cf
Classes/poisonous/Amanita_aprica/Amanita_aprica15.png,3,Amanita_aprica15,png,259,194,1.3350515463917525,0.050246,landscape,poisonous,Amanita Aprica,cccb666c35b27262
Classes/poisonous/Amanita_aprica/Amanita_aprica2.png,3,Amanita_aprica2,png,274,184,1.4891304347826086,0.050416,landscape,poisonous,Amanita Aprica,d39e3861610935f7
Classes/poisonous/Amanita_aprica/Amanita_aprica1.png,3,Amanita_aprica1,png,257,196,1.3112244897959184,0.050372,landscape,poisonous,Amanita Aprica,c09672ec3dd1565a
Classes/poisonous/Russula_subnigricans/Russula_subnigricans12.png,3,Russula_subnigricans12,png,270,187,1.4438502673796791,0.05049,landscape,poisonous,Russula Subnigricans,95cc6e2b63a13995
Classes/poisonous/Russula_subnigricans/Russula_subnigricans18.png,3,Russula_subnigricans18,png,187,269,0.6951672862453532,0.050303,portrait,poisonous,Russula Subnigricans,aa6ad893333c6c78
Classes/poisonous/Russula_subnigricans/Russula_subnigricans16.png,3,Russula_subnigricans16,png,224,224,1.0,0.050176,square,poisonous,Russula Subnigricans,ee9c1db33ae66102
Classes/poisonous/Russula_subnigricans/Russula_subnigricans1.png,3,Russula_subnigricans1,png,259,194,1.3350515463917525,0.050246,landscape,poisonous,Russula Subnigricans,c21d39666c919dda
Classes/poisonous/Russula_subnigricans/Russula_subnigricans14.png,3,Russula_subnigricans14,png,274,184,1.4891304347826086,0.050416,landscape,poisonous,Russula Subnigricans,c38f3ef0991b7828
Classes/poisonous/Cortinarius_mirandus/Cortinarius_mirandus43.png,3,Cortinarius_mirandus43,png,150,112,1.3392857142857142,0.0168,landscape,poisonous,Cortinarius Mirandus,95f07a89e1953a8e
Classes/poisonous/Cortinarius_mirandus/Cortinarius_mirandus37.png,3,Cortinarius_mirandus37,png,274,184,1.4891304347826086,0.050416,landscape,poisonous,Cortinarius Mirandus,bac0b916c63ab8c7
Classes/poisonous/Cortinarius_mirandus/Cortinarius_mirandus2.png,3,Cortinarius_mirandus2,png,272,185,1.4702702702702704,0.05032,landscape,poisonous,Cortinarius Mirandus,b69099cfa1367b81
Classes/poisonous/Cortinarius_mirandus/Cortinarius_mirandus41.png,3,Cortinarius_mirandus41,png,279,181,1.5414364640883975,0.050499,landscape,poisonous,Cortinarius Mirandus,c7e73818b52dc8d2
Classes/poisonous/Cortinarius_mirandus/Cortinarius_mirandus31.png,3,Cortinarius_mirandus31,png,200,252,0.7936507936507936,0.0504,portrait,poisonous,Cortinarius Mirandus,90ad6cee6ad0d515
Classes/poisonous/Paralepistopsis_amoenolens/Paralepistopsis_amoenolens13.png,3,Paralepistopsis_amoenolens13,png,100,100,1.0,0.01,square,poisonous,Paralepistopsis Amoenolens,9048277fd6984eb3
Classes/poisonous/Paralepistopsis_amoenolens/Paralepistopsis_amoenolens2.png,3,Paralepistopsis_amoenolens2,png,100,100,1.0,0.01,square,poisonous,Paralepistopsis Amoenolens,f89c43253d6b2f50
Classes/poisonous/Paralepistopsis_amoenolens/Paralepistopsis_amoenolens8.png,3,Paralepistopsis_amoenolens8,png,100,100,1.0,0.01,square,poisonous,Paralepistopsis Amoenolens,9f92226b7a4ac725
Classes/poisonous/Paralepistopsis_amoenolens/Paralepistopsis_amoenolens14.png,3,Paralepistopsis_amoenolens14,png,100,100,1.0,0.01,square,poisonous,Paralepistopsis Amoenolens,c17c345b9a01fb65
Classes/poisonous/Paralepistopsis_amoenolens/Paralepistopsis_amoenolens24.png,3,Paralepistopsis_amoenolens24,png,250,167,1.497005988023952,0.04175,landscape,poisonous,Paralepistopsis Amoenolens,9473691d33cad869
Classes/poisonous/Amanita_petalinivolva/Amanita_petalinivolva24.png,3,Amanita_petalinivolva24,png,254,198,1.2828282828282829,0.050292,landscape,poisonous,Amanita Petalinivolva,ec73298c81e37c9c
Classes/poisonous/Amanita_petalinivolva/Amanita_petalinivolva27.png,3,Amanita_petalinivolva27,png,250,201,1.243781094527363,0.05025,landscape,poisonous,Amanita Petalinivolva,80da7d0724b55fb4
Classes/poisonous/Amanita_petalinivolva/Amanita_petalinivolva29.png,3,Amanita_petalinivolva29,png,259,194,1.3350515463917525,0.050246,landscape,poisonous,Amanita Petalinivolva,d39cc46b7972908d
Classes/poisonous/Amanita_petalinivolva/Amanita_petalinivolva5.png,3,Amanita_petalinivolva5,png,100,100,1.0,0.01,square,poisonous,Amanita Petalinivolva,e15c53a43ec51753
Classes/poisonous/Amanita_petalinivolva/Amanita_petalinivolva23.png,3,Amanita_petalinivolva23,png,259,194,1.3350515463917525,0.050246,landscape,poisonous,Amanita Petalinivolva,c3d43b6fe0d52b02
Classes/poisonous/Amanita_parcivolvata/Amanita_parcivolvata1.png,3,Amanita_parcivolvata1,png,100,100,1.0,0.01,square,poisonous,Amanita Parcivolvata,8c83f2693167a717
Classes/poisonous/Amanita_parcivolvata/Amanita_parcivolvata20.png,3,Amanita_parcivolvata20,png,266,190,1.4,0.05054,landscape,poisonous,Amanita Parcivolvata,c9d2303d7c7f0172
Classes/poisonous/Amanita_parcivolvata/Amanita_parcivolvata0.png,3,Amanita_parcivolvata0,png,100,100,1.0,0.01,square,poisonous,Amanita Parcivolvata,878a789c6b70bc63
Classes/poisonous/Amanita_parcivolvata/Amanita_parcivolvata24.png,3,Amanita_parcivolvata24,png,194,259,0.749034749034749,0.050246,portrait,poisonous,Amanita Parcivolvata,8ccc73736cca9626
Classes/poisonous/Amanita_parcivolvata/Amanita_parcivolvata12.png,3,Amanita_parcivolvata12,png,259,194,1.3350515463917525,0.050246,landscape,poisonous,Amanita Parcivolvata,959d6ad82d639067
Classes/poisonous/Mycena_pura/Mycena_pura4.png,3,Mycena_pura4,png,100,100,1.0,0.01,square,poisonous,Mycena Pura,a6b0194f73d9c03d
Classes/poisonous/Mycena_pura/Mycena_pura8.png,3,Mycena_pura8,png,259,194,1.3350515463917525,0.050246,landscape,poisonous,Mycena Pura,d170222b2dcb79b6
Classes/poisonous/Mycena_pura/Mycena_pura20.png,3,Mycena_pura20,png,259,194,1.3350515463917525,0.050246,landscape,poisonous,Mycena Pura,c0e34d0ba63fb85c
Classes/poisonous/Mycena_pura/Mycena_pura11.png,3,Mycena_pura11,png,277,182,1.521978021978022,0.050414,landscape,poisonous,Mycena Pura,c9d13669c1869b79
Classes/poisonous/Mycena_pura/Mycena_pura6.png,3,Mycena_pura6,png,100,100,1.0,0.01,square,poisonous,Mycena Pura,d8d22669fce6903a
Classes/poisonous/Hebeloma_crustuliniforme/Hebeloma_crustuliniforme10.png,3,Hebeloma_crustuliniforme10,png,259,194,1.3350515463917525,0.050246,landscape,poisonous,Hebeloma Crustuliniforme,86882ce31b3d7679
Classes/poisonous/Hebeloma_crustuliniforme/Hebeloma_crustuliniforme19.png,3,Hebeloma_crustuliniforme19,png,284,177,1.6045197740112995,0.050268,landscape,poisonous,Hebeloma Crustuliniforme,9795306c2fc3d869
Classes/poisonous/Hebeloma_crustuliniforme/Hebeloma_crustuliniforme9.png,3,Hebeloma_crustuliniforme9,png,271,186,1.456989247311828,0.050406,landscape,poisonous,Hebeloma Crustuliniforme,d2bd2c48db21ad96
Classes/poisonous/Hebeloma_crustuliniforme/Hebeloma_crustuliniforme2.png,3,Hebeloma_crustuliniforme2,png,100,100,1.0,0.01,square,poisonous,Hebeloma Crustuliniforme,c39c0ce3123f3d5a
Classes/poisonous/Hebeloma_crustuliniforme/Hebeloma_crustuliniforme21.png,3,Hebeloma_crustuliniforme21,png,309,163,1.8957055214723928,0.050367,landscape,poisonous,Hebeloma Crustuliniforme,d1272ff02619da74
Classes/poisonous/Inocybe_geophylla/Inocybe_geophylla30.png,3,Inocybe_geophylla30,png,260,194,1.3402061855670102,0.05044,landscape,poisonous,Inocybe Geophylla,9781693db5976862
Classes/poisonous/Inocybe_geophylla/Inocybe_geophylla34.png,3,Inocybe_geophylla34,png,259,194,1.3350515463917525,0.050246,landscape,poisonous,Inocybe Geophylla,c4d372982a27cbea
Classes/poisonous/Inocybe_geophylla/Inocybe_geophylla27.png,3,Inocybe_geophylla27,png,271,186,1.456989247311828,0.050406,landscape,poisonous,Inocybe Geophylla,c28c4f63b91b3077
Classes/poisonous/Inocybe_geophylla/Inocybe_geophylla21.png,3,Inocybe_geophylla21,png,260,194,1.3402061855670102,0.05044,landscape,poisonous,Inocybe Geophylla,c02f2c3dd3722c4f
Classes/poisonous/Inocybe_geophylla/Inocybe_geophylla9.png,3,Inocybe_geophylla9,png,100,100,1.0,0.01,square,poisonous,Inocybe Geophylla,c4fa783fa0c54e38
Classes/poisonous/Chlorophyllum_brunneum/Chlorophyllum_brunneum17.png,3,Chlorophyllum_brunneum17,png,227,223,1.0179372197309418,0.050621,landscape,poisonous,Chlorophyllum Brunneum,84b32f7ae42147d3
Classes/poisonous/Chlorophyllum_brunneum/Chlorophyllum_brunneum2.png,3,Chlorophyllum_brunneum2,png,100,100,1.0,0.01,square,poisonous,Chlorophyllum Brunneum,bd2644c17adb91b2
Classes/poisonous/Chlorophyllum_brunneum/Chlorophyllum_brunneum1.png,3,Chlorophyllum_brunneum1,png,100,100,1.0,0.01,square,poisonous,Chlorophyllum Brunneum,829a5334a4fef913
Classes/poisonous/Chlorophyllum_brunneum/Chlorophyllum_brunneum28.png,3,Chlorophyllum_brunneum28,png,259,194,1.3350515463917525,0.050246,landscape,poisonous,Chlorophyllum Brunneum,b0972b60b69f6968
Classes/poisonous/Chlorophyllum_brunneum/Chlorophyllum_brunneum19.png,3,Chlorophyllum_brunneum19,png,268,188,1.425531914893617,0.050384,landscape,poisonous,Chlorophyllum Brunneum,94b537d84d4f7209
Classes/poisonous/Helvella_vespertina/Helvella_vespertina13.png,3,Helvella_vespertina13,png,100,100,1.0,0.01,square,poisonous,Helvella Vespertina,a5cf7a5ad02035a7
Classes/poisonous/Helvella_vespertina/Helvella_vespertina30.png,3,Helvella_vespertina30,png,254,198,1.2828282828282829,0.050292,landscape,poisonous,Helvella Vespertina,b062fc9bc31d9706
Classes/poisonous/Helvella_vespertina/Helvella_vespertina17.png,3,Helvella_vespertina17,png,225,225,1.0,0.050625,square,poisonous,Helvella Vespertina,c71b389472cfe514
Classes/poisonous/Helvella_vespertina/Helvella_vespertina32.png,3,Helvella_vespertina32,png,259,194,1.3350515463917525,0.050246,landscape,poisonous,Helvella Vespertina,fcc8c186177b961c
Classes/poisonous/Helvella_vespertina/Helvella_vespertina7.png,3,Helvella_vespertina7,png,100,100,1.0,0.01,square,poisonous,Helvella Vespertina,a7a49cdacc1a39b1
Classes/poisonous/Omphalotus_illudens/Omphalotus_illudens20.png,3,Omphalotus_illudens20,png,275,183,1.5027322404371584,0.050325,landscape,poisonous,Omphalotus Illudens,9ecbccb093919837
Classes/poisonous/Omphalotus_illudens/Omphalotus_illudens12.png,3,Omphalotus_illudens12,png,100,100,1.0,0.01,square,poisonous,Omphalotus Illudens,d2862f183c7ae335
Classes/poisonous/Omphalotus_illudens/Omphalotus_illudens2.png,3,Omphalotus_illudens2,png,100,100,1.0,0.01,square,poisonous,Omphalotus Illudens,a12d7ef04e853ce4
Classes/poisonous/Omphalotus_illudens/Omphalotus_illudens0.png,3,Omphalotus_illudens0,png,100,100,1.0,0.01,square,poisonous,Omphalotus Illudens,bf2a79fca4c00a74
Classes/poisonous/Omphalotus_illudens/Omphalotus_illudens26.png,3,Omphalotus_illudens26,png,194,259,0.749034749034749,0.050246,portrait,poisonous,Omphalotus Illudens,952d62d21ef3cd81
Classes/poisonous/Amanita_eliae/Amanita_eliae10.png,3,Amanita_eliae10,png,100,100,1.0,0.01,square,poisonous,Amanita Eliae,e1610ebc4e6db0dc
Classes/poisonous/Amanita_eliae/Amanita_eliae30.png,3,Amanita_eliae30,png,189,266,0.7105263157894737,0.050274,portrait,poisonous,Amanita Eliae,98d3f62969698a96
Classes/poisonous/Amanita_eliae/Amanita_eliae25.png,3,Amanita_eliae25,png,259,194,1.3350515463917525,0.050246,landscape,poisonous,Amanita Eliae,c3c53f18c8b339b2
Classes/poisonous/Amanita_eliae/Amanita_eliae9.png,3,Amanita_eliae9,png,100,100,1.0,0.01,square,poisonous,Amanita Eliae,99d296a669696969
Classes/poisonous/Amanita_eliae/Amanita_eliae26.png,3,Amanita_eliae26,png,279,181,1.5414364640883975,0.050499,landscape,poisonous,Amanita Eliae,9bcd677074c88b13
Classes/poisonous/Amanita_viscidolutea/Amanita_viscidolutea18.png,3,Amanita_viscidolutea18,png,275,183,1.5027322404371584,0.050325,landscape,poisonous,Amanita Viscidolutea,cc9bc32c37203fe1
Classes/poisonous/Amanita_viscidolutea/Amanita_viscidolutea27.png,3,Amanita_viscidolutea27,png,194,259,0.749034749034749,0.050246,portrait,poisonous,Amanita Viscidolutea,d8d721287196d6e9
Classes/poisonous/Amanita_viscidolutea/Amanita_viscidolutea14.png,3,Amanita_viscidolutea14,png,225,225,1.0,0.050625,square,poisonous,Amanita Viscidolutea,85d6729d1c6be88c
Classes/poisonous/Amanita_viscidolutea/Amanita_viscidolutea20.png,3,Amanita_viscidolutea20,png,194,259,0.749034749034749,0.050246,portrait,poisonous,Amanita Viscidolutea,9697382e3987f0e1
Classes/poisonous/Amanita_viscidolutea/Amanita_viscidolutea5.png,3,Amanita_viscidolutea5,png,100,100,1.0,0.01,square,poisonous,Amanita Viscidolutea,f0fa4fe50a381b49
Classes/poisonous/Agaricus_placomyces/Agaricus_placomyces28.png,3,Agaricus_placomyces28,png,259,194,1.3350515463917525,0.050246,landscape,poisonous,Agaricus Placomyces,998afc3973c4c64c
Classes/poisonous/Agaricus_placomyces/Agaricus_placomyces8.png,3,Agaricus_placomyces8,png,100,100,1.0,0.01,square,poisonous,Agaricus Placomyces,981b1b30a6b1ccfd
Classes/poisonous/Agaricus_placomyces/Agaricus_placomyces10.png,3,Agaricus_placomyces10,png,259,194,1.3350515463917525,0.050246,landscape,poisonous,Agaricus Placomyces,993b1b33b691c8d4
Classes/poisonous/Agaricus_placomyces/Agaricus_placomyces20.png,3,Agaricus_placomyces20,png,259,194,1.3350515463917525,0.050246,landscape,poisonous,Agaricus Placomyces,81363ec9863763dc
Classes/poisonous/Agaricus_placomyces/Agaricus_placomyces3.png,3,Agaricus_placomyces3,png,100,100,1.0,0.01,square,poisonous,Agaricus Placomyces,83a6787ad587a16a
Classes/poisonous/Amanita_wellsii/Amanita_wellsii10.png,3,Amanita_wellsii10,png,100,100,1.0,0.01,square,poisonous,Amanita Wellsii,9b8566387464d3ce
Classes/poisonous/Amanita_wellsii/Amanita_wellsii29.png,3,Amanita_wellsii29,png,160,156,1.0256410256410255,0.02496,landscape,poisonous,Amanita Wellsii,cfb1bc6861a187a6
Classes/poisonous/Amanita_wellsii/Amanita_wellsii13.png,3,Amanita_wellsii13,png,245,206,1.1893203883495145,0.05047,landscape,poisonous,Amanita Wellsii,d9e4921b6f2a3938
Classes/poisonous/Amanita_wellsii/Amanita_wellsii28.png,3,Amanita_wellsii28,png,199,253,0.7865612648221344,0.050347,portrait,poisonous,Amanita Wellsii,8951b62f6b4a0dd6
Classes/poisonous/Amanita_wellsii/Amanita_wellsii19.png,3,Amanita_wellsii19,png,147,250,0.588,0.03675,portrait,poisonous,Amanita Wellsii,f0e36cb2db4c82d1
Classes/poisonous/inky_mushroom/7.png,3,7,png,512,512,1.0,0.262144,square,poisonous,Inky Mushroom,87e378953190637b
Classes/poisonous/inky_mushroom/2.png,3,2,png,512,512,1.0,0.262144,square,poisonous,Inky Mushroom,f17d3af2667224a0
Classes/poisonous/inky_mushroom/8.png,3,8,png,512,512,1.0,0.262144,square,poisonous,Inky Mushroom,d5637a9c610c3d93
Classes/poisonous/inky_mushroom/1.png,3,1,png,512,512,1.0,0.262144,square,poisonous,Inky Mushroom,d39f6c6630ce24a3
Classes/poisonous/inky_mushroom/11.png,3,11,png,512,512,1.0,0.262144,square,poisonous,Inky Mushroom,d39f2e661a8da2a1
Classes/poisonous/Agrocybe_arenicola/Agrocybe_arenicola10.png,3,Agrocybe_arenicola10,png,100,100,1.0,0.01,square,poisonous,Agrocybe Arenicola,efff313886448919
Classes/poisonous/Agrocybe_arenicola/Agrocybe_arenicola9.png,3,Agrocybe_arenicola9,png,100,100,1.0,0.01,square,poisonous,Agrocybe Arenicola,e1fe6b40003c3d5f
Classes/poisonous/Agrocybe_arenicola/Agrocybe_arenicola28.png,3,Agrocybe_arenicola28,png,200,200,1.0,0.04,square,poisonous,Agrocybe Arenicola,81966a6aad69b5a5
Classes/poisonous/Agrocybe_arenicola/Agrocybe_arenicola0.png,3,Agrocybe_arenicola0,png,100,100,1.0,0.01,square,poisonous,Agrocybe Arenicola,d46b3bc002175db7
Classes/poisonous/Agrocybe_arenicola/Agrocybe_arenicola25.png,3,Agrocybe_arenicola25,png,275,183,1.5027322404371584,0.050325,landscape,poisonous,Agrocybe Arenicola,c5c14371f45e0ebc
Classes/poisonous/Gyromitra infula/11475medium.jpg,3,11475medium,jpg,500,332,1.5060240963855422,0.166,landscape,poisonous,Gyromitra Infula,92103de886bd6cdd
Classes/poisonous/Gyromitra infula/11433medium.jpg,3,11433medium,jpg,500,375,1.3333333333333333,0.1875,landscape,poisonous,Gyromitra Infula,f36c4d923e1bd482
Classes/poisonous/Gyromitra infula/11525medium.jpg,3,11525medium,jpg,375,500,0.75,0.1875,portrait,poisonous,Gyromitra Infula,b7b3150578c28f3a
Classes/poisonous/Gyromitra infula/11311medium.jpg,3,11311medium,jpg,375,500,0.75,0.1875,portrait,poisonous,Gyromitra Infula,ece6633078b41f15
Classes/poisonous/Gyromitra infula/11444medium.jpeg,3,11444medium,jpeg,500,281,1.7793594306049825,0.1405,landscape,poisonous,Gyromitra Infula,ce1285f06ecad07e
Classes/poisonous/spotted_toughshank/7.png,3,7,png,512,512,1.0,0.262144,square,poisonous,Spotted Toughshank,c6c168393d3b386e
Classes/poisonous/spotted_toughshank/2.png,3,2,png,512,512,1.0,0.262144,square,poisonous,Spotted Toughshank,8d8acdc835357327
Classes/poisonous/spotted_toughshank/8.png,3,8,png,512,512,1.0,0.262144,square,poisonous,Spotted Toughshank,8dad95c94b1ada4a
Classes/poisonous/spotted_toughshank/1.png,3,1,png,512,512,1.0,0.262144,square,poisonous,Spotted Toughshank,869c3cfc717432aa
Classes/poisonous/spotted_toughshank/11.png,3,11,png,512,512,1.0,0.262144,square,poisonous,Spotted Toughshank,9e9e646939b52332
Classes/poisonous/Inocybe_sambucina/Inocybe_sambucina27.png,3,Inocybe_sambucina27,png,259,194,1.3350515463917525,0.050246,landscape,poisonous,Inocybe Sambucina,c1595ea66946b52d
Classes/poisonous/Inocybe_sambucina/Inocybe_sambucina15.png,3,Inocybe_sambucina15,png,261,193,1.3523316062176165,0.050373,landscape,poisonous,Inocybe Sambucina,c1b07b4d34536d66
Classes/poisonous/Inocybe_sambucina/Inocybe_sambucina22.png,3,Inocybe_sambucina22,png,278,181,1.5359116022099448,0.050318,landscape,poisonous,Inocybe Sambucina,932c69d32c89dc67
Classes/poisonous/Inocybe_sambucina/Inocybe_sambucina4.png,3,Inocybe_sambucina4,png,100,100,1.0,0.01,square,poisonous,Inocybe Sambucina,819276e5e0d037db
Classes/poisonous/Inocybe_sambucina/Inocybe_sambucina16.png,3,Inocybe_sambucina16,png,261,193,1.3523316062176165,0.050373,landscape,poisonous,Inocybe Sambucina,d59b7a24855b7289
Classes/poisonous/deathcap/7.png,3,7,png,512,512,1.0,0.262144,square,poisonous,Deathcap,8ef3eb69f8c8c440
Classes/poisonous/deathcap/2.png,3,2,png,512,512,1.0,0.262144,square,poisonous,Deathcap,8597687a5e616969
Classes/poisonous/deathcap/8.png,3,8,png,512,512,1.0,0.262144,square,poisonous,Deathcap,8cc7333171cfc361
Classes/poisonous/deathcap/1.png,3,1,png,512,512,1.0,0.262144,square,poisonous,Deathcap,a6834a2db53a78ad
Classes/poisonous/deathcap/11.png,3,11,png,512,512,1.0,0.262144,square,poisonous,Deathcap,8ece7133266193a7
Classes/poisonous/Omphalotus_olearius/Omphalotus_olearius6.png,3,Omphalotus_olearius6,png,100,100,1.0,0.01,square,poisonous,Omphalotus Olearius,9081117f3f3d6635
Classes/poisonous/Omphalotus_olearius/Omphalotus_olearius17.png,3,Omphalotus_olearius17,png,194,259,0.749034749034749,0.050246,portrait,poisonous,Omphalotus Olearius,c09b27c49e3a2d3d
Classes/poisonous/Omphalotus_olearius/Omphalotus_olearius7.png,3,Omphalotus_olearius7,png,100,100,1.0,0.01,square,poisonous,Omphalotus Olearius,ea48c567ef726086
Classes/poisonous/Omphalotus_olearius/Omphalotus_olearius9.png,3,Omphalotus_olearius9,png,100,100,1.0,0.01,square,poisonous,Omphalotus Olearius,ef999914e30a9d68
Classes/poisonous/Omphalotus_olearius/Omphalotus_olearius20.png,3,Omphalotus_olearius20,png,275,183,1.5027322404371584,0.050325,landscape,poisonous,Omphalotus Olearius,b5d382697f248672
Classes/poisonous/stinkhorn/7.png,3,7,png,512,512,1.0,0.262144,square,poisonous,Stinkhorn,cc338c2762a6d96b
Classes/poisonous/stinkhorn/2.png,3,2,png,512,512,1.0,0.262144,square,poisonous,Stinkhorn,96a57d34607263da
Classes/poisonous/stinkhorn/8.png,3,8,png,512,512,1.0,0.262144,square,poisonous,Stinkhorn,8362319c4ea7dbac
Classes/poisonous/stinkhorn/1.png,3,1,png,512,512,1.0,0.262144,square,poisonous,Stinkhorn,88c2765659cc27dd
Classes/poisonous/stinkhorn/11.png,3,11,png,512,512,1.0,0.262144,square,poisonous,Stinkhorn,96c129362c5b72f5
Classes/poisonous/Pholiotina_rugosa/Pholiotina_rugosa0.png,3,Pholiotina_rugosa0,png,100,100,1.0,0.01,square,poisonous,Pholiotina Rugosa,988c6e8a878b5eab
Classes/poisonous/Pholiotina_rugosa/Pholiotina_rugosa7.png,3,Pholiotina_rugosa7,png,100,100,1.0,0.01,square,poisonous,Pholiotina Rugosa,c8f3cc98b8e52535
Classes/poisonous/Pholiotina_rugosa/Pholiotina_rugosa1.png,3,Pholiotina_rugosa1,png,100,100,1.0,0.01,square,poisonous,Pholiotina Rugosa,ed5266e3868d4647
Classes/poisonous/Pholiotina_rugosa/Pholiotina_rugosa26.png,3,Pholiotina_rugosa26,png,259,194,1.3350515463917525,0.050246,landscape,poisonous,Pholiotina Rugosa,feb89865b0c98dc4
Classes/poisonous/Pholiotina_rugosa/Pholiotina_rugosa15.png,3,Pholiotina_rugosa15,png,259,194,1.3350515463917525,0.050246,landscape,poisonous,Pholiotina Rugosa,a9d2eebd90662632
Classes/poisonous/Imperator_rhodopurpureus/Imperator_rhodopurpureus16.png,3,Imperator_rhodopurpureus16,png,259,194,1.3350515463917525,0.050246,landscape,poisonous,Imperator Rhodopurpureus,dad5879e506d21c6
Classes/poisonous/Imperator_rhodopurpureus/Imperator_rhodopurpureus13.png,3,Imperator_rhodopurpureus13,png,259,194,1.3350515463917525,0.050246,landscape,poisonous,Imperator Rhodopurpureus,93cd6dd22db1d242
Classes/poisonous/Imperator_rhodopurpureus/Imperator_rhodopurpureus15.png,3,Imperator_rhodopurpureus15,png,287,176,1.630681818181818,0.050512,landscape,poisonous,Imperator Rhodopurpureus,959278c8cbe233cb
Classes/poisonous/Imperator_rhodopurpureus/Imperator_rhodopurpureus6.png,3,Imperator_rhodopurpureus6,png,100,100,1.0,0.01,square,poisonous,Imperator Rhodopurpureus,e992d60b0b3764b6
Classes/poisonous/Imperator_rhodopurpureus/Imperator_rhodopurpureus30.png,3,Imperator_rhodopurpureus30,png,259,194,1.3350515463917525,0.050246,landscape,poisonous,Imperator Rhodopurpureus,b4d3ca1b1d4674ac
Classes/poisonous/Trogia_venenata/Trogia_venenata26.png,3,Trogia_venenata26,png,310,163,1.901840490797546,0.05053,landscape,poisonous,Trogia Venenata,f4e94a58d6bab281
Classes/poisonous/Trogia_venenata/Trogia_venenata13.png,3,Trogia_venenata13,png,100,100,1.0,0.01,square,poisonous,Trogia Venenata,aa1fd2c0fc6c21f4
Classes/poisonous/Trogia_venenata/Trogia_venenata32.png,3,Trogia_venenata32,png,176,176,1.0,0.030976,square,poisonous,Trogia Venenata,c0d72aaffd20c2ca
Classes/poisonous/Trogia_venenata/Trogia_venenata28.png,3,Trogia_venenata28,png,272,185,1.4702702702702704,0.05032,landscape,poisonous,Trogia Venenata,a4a326191f4cf3c7
Classes/poisonous/Trogia_venenata/Trogia_venenata23.png,3,Trogia_venenata23,png,259,194,1.3350515463917525,0.050246,landscape,poisonous,Trogia Venenata,87c37f3e04a6b8d0
Classes/poisonous/Cortinarius_cinnabarinus/Cortinarius_cinnabarinus21.png,3,Cortinarius_cinnabarinus21,png,257,196,1.3112244897959184,0.050372,landscape,poisonous,Cortinarius Cinnabarinus,b9998694e063cf8e
Classes/poisonous/Cortinarius_cinnabarinus/Cortinarius_cinnabarinus25.png,3,Cortinarius_cinnabarinus25,png,259,194,1.3350515463917525,0.050246,landscape,poisonous,Cortinarius Cinnabarinus,acc49d4ab1b5c93a
Classes/poisonous/Cortinarius_cinnabarinus/Cortinarius_cinnabarinus22.png,3,Cortinarius_cinnabarinus22,png,259,194,1.3350515463917525,0.050246,landscape,poisonous,Cortinarius Cinnabarinus,a84fb8af9d98c10d
Classes/poisonous/Cortinarius_cinnabarinus/Cortinarius_cinnabarinus31.png,3,Cortinarius_cinnabarinus31,png,259,195,1.328205128205128,0.050505,landscape,poisonous,Cortinarius Cinnabarinus,8ac6e53b23c2e933
Classes/poisonous/Cortinarius_cinnabarinus/Cortinarius_cinnabarinus15.png,3,Cortinarius_cinnabarinus15,png,275,183,1.5027322404371584,0.050325,landscape,poisonous,Cortinarius Cinnabarinus,e25faa493857da21
Classes/poisonous/deadly_webcap/5.png,3,5,png,512,512,1.0,0.262144,square,poisonous,Deadly Webcap,a5e33479c5cc3961
Classes/poisonous/deadly_webcap/3.png,3,3,png,512,512,1.0,0.262144,square,poisonous,Deadly Webcap,f2748c4fe13d5660
Classes/poisonous/deadly_webcap/4.png,3,4,png,512,512,1.0,0.262144,square,poisonous,Deadly Webcap,f0de82256636d8ce
Classes/poisonous/deadly_webcap/0.png,3,0,png,512,512,1.0,0.262144,square,poisonous,Deadly Webcap,881c076f9f72bc70
Classes/poisonous/deadly_webcap/7.png,3,7,png,512,512,1.0,0.262144,square,poisonous,Deadly Webcap,95b97a95c5609dc1
Classes/poisonous/Omphalotus_japonicus/Omphalotus_japonicus25.png,3,Omphalotus_japonicus25,png,267,189,1.4126984126984128,0.050463,landscape,poisonous,Omphalotus Japonicus,d175e752da1fc060
Classes/poisonous/Omphalotus_japonicus/Omphalotus_japonicus28.png,3,Omphalotus_japonicus28,png,300,168,1.7857142857142858,0.0504,landscape,poisonous,Omphalotus Japonicus,94e4391b6bc3b62c
Classes/poisonous/Omphalotus_japonicus/Omphalotus_japonicus20.png,3,Omphalotus_japonicus20,png,183,275,0.6654545454545454,0.050325,portrait,poisonous,Omphalotus Japonicus,c56b3c8663316e4b
Classes/poisonous/Omphalotus_japonicus/Omphalotus_japonicus15.png,3,Omphalotus_japonicus15,png,275,183,1.5027322404371584,0.050325,landscape,poisonous,Omphalotus Japonicus,f89c3c78c46dc89a
Classes/poisonous/Omphalotus_japonicus/Omphalotus_japonicus4.png,3,Omphalotus_japonicus4,png,100,100,1.0,0.01,square,poisonous,Omphalotus Japonicus,cd2c0acb6666671b
Classes/poisonous/Inocybe_lilacina/Inocybe_lilacina25.png,3,Inocybe_lilacina25,png,194,259,0.749034749034749,0.050246,portrait,poisonous,Inocybe Lilacina,9bc2243db6963c3c
Classes/poisonous/Inocybe_lilacina/Inocybe_lilacina22.png,3,Inocybe_lilacina22,png,217,232,0.9353448275862069,0.050344,portrait,poisonous,Inocybe Lilacina,85cf663430cbd963
Classes/poisonous/Inocybe_lilacina/Inocybe_lilacina9.png,3,Inocybe_lilacina9,png,100,100,1.0,0.01,square,poisonous,Inocybe Lilacina,c4c03a3733d8fc1b
Classes/poisonous/Inocybe_lilacina/Inocybe_lilacina19.png,3,Inocybe_lilacina19,png,259,194,1.3350515463917525,0.050246,landscape,poisonous,Inocybe Lilacina,c10f6c98b32ea7f0
Classes/poisonous/Inocybe_lilacina/Inocybe_lilacina20.png,3,Inocybe_lilacina20,png,259,194,1.3350515463917525,0.050246,landscape,poisonous,Inocybe Lilacina,8eec71c1dcdc8c8c
Classes/poisonous/Amanita_frostiana/Amanita_frostiana4.png,3,Amanita_frostiana4,png,100,100,1.0,0.01,square,poisonous,Amanita Frostiana,d5116a546aed68e3
Classes/poisonous/Amanita_frostiana/Amanita_frostiana22.png,3,Amanita_frostiana22,png,207,244,0.8483606557377049,0.050508,portrait,poisonous,Amanita Frostiana,c091a6290b6f5db7
Classes/poisonous/Amanita_frostiana/Amanita_frostiana17.png,3,Amanita_frostiana17,png,260,194,1.3402061855670102,0.05044,landscape,poisonous,Amanita Frostiana,c1b03e4f5c4cb9aa
Classes/poisonous/Amanita_frostiana/Amanita_frostiana18.png,3,Amanita_frostiana18,png,194,259,0.749034749034749,0.050246,portrait,poisonous,Amanita Frostiana,9787787887979198
Classes/poisonous/Amanita_frostiana/Amanita_frostiana9.png,3,Amanita_frostiana9,png,261,193,1.3523316062176165,0.050373,landscape,poisonous,Amanita Frostiana,8fd3305d32b2ce26
Classes/poisonous/Neonothopanus_nambi/Neonothopanus_nambi14.png,3,Neonothopanus_nambi14,png,275,183,1.5027322404371584,0.050325,landscape,poisonous,Neonothopanus Nambi,95496ef2c38d3472
Classes/poisonous/Neonothopanus_nambi/Neonothopanus_nambi27.png,3,Neonothopanus_nambi27,png,225,225,1.0,0.050625,square,poisonous,Neonothopanus Nambi,9acc67316d363233
Classes/poisonous/Neonothopanus_nambi/Neonothopanus_nambi6.png,3,Neonothopanus_nambi6,png,100,100,1.0,0.01,square,poisonous,Neonothopanus Nambi,b44a4bb5d44a2f74
Classes/poisonous/Neonothopanus_nambi/Neonothopanus_nambi32.png,3,Neonothopanus_nambi32,png,275,183,1.5027322404371584,0.050325,landscape,poisonous,Neonothopanus Nambi,e63252d36d0d4aad
Classes/poisonous/Neonothopanus_nambi/Neonothopanus_nambi24.png,3,Neonothopanus_nambi24,png,275,183,1.5027322404371584,0.050325,landscape,poisonous,Neonothopanus Nambi,cd9467e7487f8190
Classes/poisonous/yellow_stagshorn/7.png,3,7,png,512,512,1.0,0.262144,square,poisonous,Yellow Stagshorn,dfc960b4874b19a9
Classes/poisonous/yellow_stagshorn/2.png,3,2,png,512,512,1.0,0.262144,square,poisonous,Yellow Stagshorn,8684b1d2c4c5aff3
Classes/poisonous/yellow_stagshorn/8.png,3,8,png,512,512,1.0,0.262144,square,poisonous,Yellow Stagshorn,8ab74513f2a8f507
Classes/poisonous/yellow_stagshorn/1.png,3,1,png,512,512,1.0,0.262144,square,poisonous,Yellow Stagshorn,ee9c434f3c309393
Classes/poisonous/yellow_stagshorn/11.png,3,11,png,512,512,1.0,0.262144,square,poisonous,Yellow Stagshorn,8df8532b3494e58b
Classes/poisonous/Inocybe_fibrosa/Inocybe_fibrosa20.png,3,Inocybe_fibrosa20,png,259,194,1.3350515463917525,0.050246,landscape,poisonous,Inocybe Fibrosa,84420f6d6ab7d13d
Classes/poisonous/Inocybe_fibrosa/Inocybe_fibrosa30.png,3,Inocybe_fibrosa30,png,160,102,1.568627450980392,0.01632,landscape,poisonous,Inocybe Fibrosa,d8f74f587c213074
Classes/poisonous/Inocybe_fibrosa/Inocybe_fibrosa21.png,3,Inocybe_fibrosa21,png,259,194,1.3350515463917525,0.050246,landscape,poisonous,Inocybe Fibrosa,c6464d693ab6a51b
Classes/poisonous/Inocybe_fibrosa/Inocybe_fibrosa28.png,3,Inocybe_fibrosa28,png,275,183,1.5027322404371584,0.050325,landscape,poisonous,Inocybe Fibrosa,80af6af9b9321e4c
Classes/poisonous/Inocybe_fibrosa/Inocybe_fibrosa1.png,3,Inocybe_fibrosa1,png,100,100,1.0,0.01,square,poisonous,Inocybe Fibrosa,9d059e7a6ce3a189
Classes/poisonous/Amanita_gemmata/0.png,3,0,png,512,512,1.0,0.262144,square,poisonous,Amanita Gemmata,cc33322d21cfb39c
Classes/poisonous/Amanita_gemmata/10.png,3,10,png,512,512,1.0,0.262144,square,poisonous,Amanita Gemmata,9986d3e16679285d
Classes/poisonous/Amanita_gemmata/Amanita_gemmata4.png,3,Amanita_gemmata4,png,100,100,1.0,0.01,square,poisonous,Amanita Gemmata,9ce52e7b64b82d22
Classes/poisonous/Amanita_gemmata/Amanita_gemmata1.png,3,Amanita_gemmata1,png,100,100,1.0,0.01,square,poisonous,Amanita Gemmata,fccb523e2124b173
Classes/poisonous/Amanita_gemmata/Amanita_gemmata24.png,3,Amanita_gemmata24,png,269,187,1.4385026737967914,0.050303,landscape,poisonous,Amanita Gemmata,90b66bc19d3b66c4
Classes/poisonous/Coprinopsis_romagnesiana/Coprinopsis_romagnesiana8.png,3,Coprinopsis_romagnesiana8,png,100,100,1.0,0.01,square,poisonous,Coprinopsis Romagnesiana,c3474f06232fe4ec
Classes/poisonous/Coprinopsis_romagnesiana/Coprinopsis_romagnesiana27.png,3,Coprinopsis_romagnesiana27,png,259,194,1.3350515463917525,0.050246,landscape,poisonous,Coprinopsis Romagnesiana,b1b12e36c4f91939
Classes/poisonous/Coprinopsis_romagnesiana/Coprinopsis_romagnesiana16.png,3,Coprinopsis_romagnesiana16,png,275,183,1.5027322404371584,0.050325,landscape,poisonous,Coprinopsis Romagnesiana,98de7da566d19188
Classes/poisonous/Coprinopsis_romagnesiana/Coprinopsis_romagnesiana31.png,3,Coprinopsis_romagnesiana31,png,274,184,1.4891304347826086,0.050416,landscape,poisonous,Coprinopsis Romagnesiana,85e87a9d5c547153
Classes/poisonous/Coprinopsis_romagnesiana/Coprinopsis_romagnesiana20.png,3,Coprinopsis_romagnesiana20,png,275,183,1.5027322404371584,0.050325,landscape,poisonous,Coprinopsis Romagnesiana,92cf6c3265b2386d
Classes/poisonous/scarletina_bolete/7.png,3,7,png,512,512,1.0,0.262144,square,poisonous,Scarletina Bolete,8da36669b13423de
Classes/poisonous/scarletina_bolete/2.png,3,2,png,512,512,1.0,0.262144,square,poisonous,Scarletina Bolete,b7c488472f7ab541
Classes/poisonous/scarletina_bolete/8.png,3,8,png,512,512,1.0,0.262144,square,poisonous,Scarletina Bolete,879e780b369dc163
Classes/poisonous/scarletina_bolete/1.png,3,1,png,512,512,1.0,0.262144,square,poisonous,Scarletina Bolete,a49a9cd2b7398993
Classes/poisonous/scarletina_bolete/11.png,3,11,png,512,512,1.0,0.262144,square,poisonous,Scarletina Bolete,9c922e68c73da54b
Classes/poisonous/Cortinarius_palustris/Cortinarius_palustris4.png,3,Cortinarius_palustris4,png,100,100,1.0,0.01,square,poisonous,Cortinarius Palustris,c34c70633ecb49b9
Classes/poisonous/Cortinarius_palustris/Cortinarius_palustris1.png,3,Cortinarius_palustris1,png,100,100,1.0,0.01,square,poisonous,Cortinarius Palustris,f1c886160b56576f
Classes/poisonous/Cortinarius_palustris/Cortinarius_palustris45.png,3,Cortinarius_palustris45,png,183,275,0.6654545454545454,0.050325,portrait,poisonous,Cortinarius Palustris,93dc0f61297c34f4
Classes/poisonous/Cortinarius_palustris/Cortinarius_palustris14.png,3,Cortinarius_palustris14,png,259,195,1.328205128205128,0.050505,landscape,poisonous,Cortinarius Palustris,9689196b319fd2e1
Classes/poisonous/Cortinarius_palustris/Cortinarius_palustris10.png,3,Cortinarius_palustris10,png,280,180,1.5555555555555556,0.0504,landscape,poisonous,Cortinarius Palustris,9192ad652e9d32b9
Classes/poisonous/Cortinarius_callisteus/Cortinarius_callisteus29.png,3,Cortinarius_callisteus29,png,272,185,1.4702702702702704,0.05032,landscape,poisonous,Cortinarius Callisteus,954c7a3627b1713a
Classes/poisonous/Cortinarius_callisteus/Cortinarius_callisteus4.png,3,Cortinarius_callisteus4,png,100,100,1.0,0.01,square,poisonous,Cortinarius Callisteus,b7e449ad3031ca5e
Classes/poisonous/Cortinarius_callisteus/Cortinarius_callisteus13.png,3,Cortinarius_callisteus13,png,275,183,1.5027322404371584,0.050325,landscape,poisonous,Cortinarius Callisteus,877042ad339dbc87
Classes/poisonous/Cortinarius_callisteus/Cortinarius_callisteus3.png,3,Cortinarius_callisteus3,png,100,100,1.0,0.01,square,poisonous,Cortinarius Callisteus,9ac4635a156fba92
Classes/poisonous/Cortinarius_callisteus/Cortinarius_callisteus23.png,3,Cortinarius_callisteus23,png,275,183,1.5027322404371584,0.050325,landscape,poisonous,Cortinarius Callisteus,feef82d8e01e7021
Classes/poisonous/Xanthoria parietina/41677medium.jpeg,3,41677medium,jpeg,333,500,0.666,0.1665,portrait,poisonous,Xanthoria Parietina,d8e22d75466adc25
Classes/poisonous/Xanthoria parietina/42158medium.jpg,3,42158medium,jpg,500,281,1.7793594306049825,0.1405,landscape,poisonous,Xanthoria Parietina,cea5c9d0366a6a95
Classes/poisonous/Xanthoria parietina/39977medium.jpeg,3,39977medium,jpeg,375,500,0.75,0.1875,portrait,poisonous,Xanthoria Parietina,afc6f5254a9e092a
Classes/poisonous/Xanthoria parietina/42754medium.jpeg,3,42754medium,jpeg,281,500,0.562,0.1405,portrait,poisonous,Xanthoria Parietina,a88df08f528e6277
Classes/poisonous/Xanthoria parietina/39886medium.jpg,3,39886medium,jpg,500,416,1.2019230769230769,0.208,landscape,poisonous,Xanthoria Parietina,978d7891d04bb25e
Classes/poisonous/Ramaria_neoformosa/Ramaria_neoformosa16.png,3,Ramaria_neoformosa16,png,275,183,1.5027322404371584,0.050325,landscape,poisonous,Ramaria Neoformosa,969e2f5eec00c659
Classes/poisonous/Ramaria_neoformosa/Ramaria_neoformosa2.png,3,Ramaria_neoformosa2,png,100,100,1.0,0.01,square,poisonous,Ramaria Neoformosa,d0d55aa16fcb6c24
Classes/poisonous/Ramaria_neoformosa/Ramaria_neoformosa12.png,3,Ramaria_neoformosa12,png,271,186,1.456989247311828,0.050406,landscape,poisonous,Ramaria Neoformosa,d69a7ac1611f4c6c
Classes/poisonous/Ramaria_neoformosa/Ramaria_neoformosa4.png,3,Ramaria_neoformosa4,png,100,100,1.0,0.01,square,poisonous,Ramaria Neoformosa,c6943ec979084f4f
Classes/poisonous/Ramaria_neoformosa/Ramaria_neoformosa1.png,3,Ramaria_neoformosa1,png,100,100,1.0,0.01,square,poisonous,Ramaria Neoformosa,849c2c84efdcc4dd
Classes/poisonous/Russula_emetica/Russula_emetica16.png,3,Russula_emetica16,png,100,100,1.0,0.01,square,poisonous,Russula Emetica,d159478766356b70
Classes/poisonous/Russula_emetica/Russula_emetica7.png,3,Russula_emetica7,png,100,100,1.0,0.01,square,poisonous,Russula Emetica,9966e339c6996466
Classes/poisonous/Russula_emetica/Russula_emetica23.png,3,Russula_emetica23,png,258,195,1.323076923076923,0.05031,landscape,poisonous,Russula Emetica,c3494e9fa6126973
Classes/poisonous/Russula_emetica/Russula_emetica11.png,3,Russula_emetica11,png,100,100,1.0,0.01,square,poisonous,Russula Emetica,95aa42dce44cabe6
Classes/poisonous/Russula_emetica/Russula_emetica26.png,3,Russula_emetica26,png,253,199,1.271356783919598,0.050347,landscape,poisonous,Russula Emetica,e1ba92c33466c37c
Classes/poisonous/Inocybe_hystrix/Inocybe_hystrix13.png,3,Inocybe_hystrix13,png,262,192,1.3645833333333333,0.050304,landscape,poisonous,Inocybe Hystrix,e1ee8f4e96719031
Classes/poisonous/Inocybe_hystrix/Inocybe_hystrix18.png,3,Inocybe_hystrix18,png,243,208,1.1682692307692308,0.050544,landscape,poisonous,Inocybe Hystrix,ba9ca01a1165f3eb
Classes/poisonous/Inocybe_hystrix/Inocybe_hystrix8.png,3,Inocybe_hystrix8,png,100,100,1.0,0.01,square,poisonous,Inocybe Hystrix,b70b69f8f0b484a5
Classes/poisonous/Inocybe_hystrix/Inocybe_hystrix1.png,3,Inocybe_hystrix1,png,100,100,1.0,0.01,square,poisonous,Inocybe Hystrix,cf0c3867980dcbce
Classes/poisonous/Inocybe_hystrix/Inocybe_hystrix21.png,3,Inocybe_hystrix21,png,194,259,0.749034749034749,0.050246,portrait,poisonous,Inocybe Hystrix,8eca7c7a9481ab1e
Classes/poisonous/Imperator_torosus/Imperator_torosus6.png,3,Imperator_torosus6,png,100,100,1.0,0.01,square,poisonous,Imperator Torosus,975b4f382c2078f5
Classes/poisonous/Imperator_torosus/Imperator_torosus19.png,3,Imperator_torosus19,png,275,183,1.5027322404371584,0.050325,landscape,poisonous,Imperator Torosus,9385ca91f4526cbe
Classes/poisonous/Imperator_torosus/Imperator_torosus26.png,3,Imperator_torosus26,png,275,183,1.5027322404371584,0.050325,landscape,poisonous,Imperator Torosus,b5a3680c8f6bbd30
Classes/poisonous/Imperator_torosus/Imperator_torosus8.png,3,Imperator_torosus8,png,259,194,1.3350515463917525,0.050246,landscape,poisonous,Imperator Torosus,db8cac6a5d25e261
Classes/poisonous/Imperator_torosus/Imperator_torosus0.png,3,Imperator_torosus0,png,100,100,1.0,0.01,square,poisonous,Imperator Torosus,f3ade9506a0bb168
Classes/poisonous/warted_amanita/7.png,3,7,png,512,512,1.0,0.262144,square,poisonous,Warted Amanita,88c8797acb65b8ca
Classes/poisonous/warted_amanita/2.png,3,2,png,512,512,1.0,0.262144,square,poisonous,Warted Amanita,c88fb2b90e6a65d8
Classes/poisonous/warted_amanita/8.png,3,8,png,512,512,1.0,0.262144,square,poisonous,Warted Amanita,c0a7351ca7bd74d0
Classes/poisonous/warted_amanita/1.png,3,1,png,512,512,1.0,0.262144,square,poisonous,Warted Amanita,ec84b338a39bc959
Classes/poisonous/warted_amanita/11.png,3,11,png,512,512,1.0,0.262144,square,poisonous,Warted Amanita,89c17b1f6d349661
Classes/poisonous/Clitocybe_fragrans/Clitocybe_fragrans11.png,3,Clitocybe_fragrans11,png,252,200,1.26,0.0504,landscape,poisonous,Clitocybe Fragrans,d6953d2d5ae0e056
Classes/poisonous/Clitocybe_fragrans/Clitocybe_fragrans1.png,3,Clitocybe_fragrans1,png,100,100,1.0,0.01,square,poisonous,Clitocybe Fragrans,b3d96432916e2e1b
Classes/poisonous/Clitocybe_fragrans/Clitocybe_fragrans29.png,3,Clitocybe_fragrans29,png,262,192,1.3645833333333333,0.050304,landscape,poisonous,Clitocybe Fragrans,d2c9693232d8ddc3
Classes/poisonous/Clitocybe_fragrans/Clitocybe_fragrans13.png,3,Clitocybe_fragrans13,png,256,197,1.299492385786802,0.050432,landscape,poisonous,Clitocybe Fragrans,c49d3be7b101461f
Classes/poisonous/Clitocybe_fragrans/Clitocybe_fragrans25.png,3,Clitocybe_fragrans25,png,265,190,1.394736842105263,0.05035,landscape,poisonous,Clitocybe Fragrans,8e45ec7bb126d461
Classes/poisonous/Coprinopsis_alopecia/Coprinopsis_alopecia29.png,3,Coprinopsis_alopecia29,png,275,183,1.5027322404371584,0.050325,landscape,poisonous,Coprinopsis Alopecia,90b62e49c92f37ca
Classes/poisonous/Coprinopsis_alopecia/Coprinopsis_alopecia32.png,3,Coprinopsis_alopecia32,png,224,225,0.9955555555555556,0.0504,portrait,poisonous,Coprinopsis Alopecia,d1c06b3f3c9466cc
Classes/poisonous/Coprinopsis_alopecia/Coprinopsis_alopecia17.png,3,Coprinopsis_alopecia17,png,259,194,1.3350515463917525,0.050246,landscape,poisonous,Coprinopsis Alopecia,ac9c233037e7d92c
Classes/poisonous/Coprinopsis_alopecia/Coprinopsis_alopecia23.png,3,Coprinopsis_alopecia23,png,225,225,1.0,0.050625,square,poisonous,Coprinopsis Alopecia,8073fd64de1dc0b1
Classes/poisonous/Lactarius_helvus/Lactarius_helvus23.png,3,Lactarius_helvus23,png,259,194,1.3350515463917525,0.050246,landscape,poisonous,Lactarius Helvus,c12b2fd269843e6d
Classes/poisonous/Lactarius_helvus/Lactarius_helvus4.png,3,Lactarius_helvus4,png,100,100,1.0,0.01,square,poisonous,Lactarius Helvus,d2d2930e3f794343
Classes/poisonous/Lactarius_helvus/Lactarius_helvus31.png,3,Lactarius_helvus31,png,259,194,1.3350515463917525,0.050246,landscape,poisonous,Lactarius Helvus,81c97a373f62e063
Classes/poisonous/Lactarius_helvus/Lactarius_helvus7.png,3,Lactarius_helvus7,png,100,100,1.0,0.01,square,poisonous,Lactarius Helvus,e38c58e39e18ef30
Classes/poisonous/Mycena_diosma/Mycena_diosma25.png,3,Mycena_diosma25,png,225,225,1.0,0.050625,square,poisonous,Mycena Diosma,b6576b2921d8dc1a
Classes/poisonous/Mycena_diosma/Mycena_diosma1.png,3,Mycena_diosma1,png,100,100,1.0,0.01,square,poisonous,Mycena Diosma,9991b3244cef45b5
Classes/poisonous/Mycena_diosma/Mycena_diosma19.png,3,Mycena_diosma19,png,259,194,1.3350515463917525,0.050246,landscape,poisonous,Mycena Diosma,accc0e63b5347173
Classes/poisonous/Mycena_diosma/Mycena_diosma14.png,3,Mycena_diosma14,png,243,208,1.1682692307692308,0.050544,landscape,poisonous,Mycena Diosma,97033a2d253ef2c3
Classes/poisonous/yellow_foot_waxcap/7.png,3,7,png,512,512,1.0,0.262144,square,poisonous,Yellow Foot Waxcap,97866cbce17126c6
Classes/poisonous/yellow_foot_waxcap/2.png,3,2,png,512,512,1.0,0.262144,square,poisonous,Yellow Foot Waxcap,c8a3958c921dae7b
Classes/poisonous/yellow_foot_waxcap/8.png,3,8,png,512,512,1.0,0.262144,square,poisonous,Yellow Foot Waxcap,8c86abbc3833b559
Classes/poisonous/yellow_foot_waxcap/1.png,3,1,png,512,512,1.0,0.262144,square,poisonous,Yellow Foot Waxcap,a9a3b494ddcbc289
Classes/poisonous/Ramaria_formosa/Ramaria_formosa26.png,3,Ramaria_formosa26,png,283,178,1.5898876404494382,0.050374,landscape,poisonous,Ramaria Formosa,c011957fff67c240
Classes/poisonous/Ramaria_formosa/Ramaria_formosa0.png,3,Ramaria_formosa0,png,100,100,1.0,0.01,square,poisonous,Ramaria Formosa,d2942bbd6485c756
Classes/poisonous/Ramaria_formosa/Ramaria_formosa19.png,3,Ramaria_formosa19,png,247,204,1.21078431372549,0.050388,landscape,poisonous,Ramaria Formosa,9f9c690b359e3063
Classes/poisonous/Ramaria_formosa/Ramaria_formosa22.png,3,Ramaria_formosa22,png,196,258,0.7596899224806202,0.050568,portrait,poisonous,Ramaria Formosa,d5937f0a601361f5
Classes/poisonous/suede_bolete/7.png,3,7,png,512,512,1.0,0.262144,square,poisonous,Suede Bolete,98d3a75c6722ce86
Classes/poisonous/suede_bolete/2.png,3,2,png,512,512,1.0,0.262144,square,poisonous,Suede Bolete,d1857078f627694e
Classes/poisonous/suede_bolete/8.png,3,8,png,512,512,1.0,0.262144,square,poisonous,Suede Bolete,96df0f257c637042
Classes/poisonous/suede_bolete/1.png,3,1,png,512,512,1.0,0.262144,square,poisonous,Suede Bolete,999366d9712d60ad
Classes/poisonous/Sarcosphaera_coronaria/Sarcosphaera_coronaria26.png,3,Sarcosphaera_coronaria26,png,220,147,1.4965986394557824,0.03234,landscape,poisonous,Sarcosphaera Coronaria,f6b4cd087ce6a0c5
Classes/poisonous/Sarcosphaera_coronaria/Sarcosphaera_coronaria4.png,3,Sarcosphaera_coronaria4,png,100,100,1.0,0.01,square,poisonous,Sarcosphaera Coronaria,d0934fcb0e0ddc3c
Classes/poisonous/Sarcosphaera_coronaria/Sarcosphaera_coronaria31.png,3,Sarcosphaera_coronaria31,png,262,192,1.3645833333333333,0.050304,landscape,poisonous,Sarcosphaera Coronaria,9a9961e0168f9cbd
Classes/poisonous/Sarcosphaera_coronaria/Sarcosphaera_coronaria12.png,3,Sarcosphaera_coronaria12,png,100,100,1.0,0.01,square,poisonous,Sarcosphaera Coronaria,a3afc94d4e6238ca
Classes/poisonous/Agaricus_menieri/Agaricus_menieri52.png,3,Agaricus_menieri52,png,208,243,0.8559670781893004,0.050544,portrait,poisonous,Agaricus Menieri,d89226b913b1373d
Classes/poisonous/Agaricus_menieri/Agaricus_menieri24.png,3,Agaricus_menieri24,png,276,183,1.5081967213114753,0.050508,landscape,poisonous,Agaricus Menieri,c6c638392636c7ce
Classes/poisonous/Agaricus_menieri/Agaricus_menieri30.png,3,Agaricus_menieri30,png,259,194,1.3350515463917525,0.050246,landscape,poisonous,Agaricus Menieri,9c9ca5e3f84dd148
Classes/poisonous/Agaricus_menieri/Agaricus_menieri44.png,3,Agaricus_menieri44,png,259,194,1.3350515463917525,0.050246,landscape,poisonous,Agaricus Menieri,92242d7bf4e49ae1
Classes/poisonous/scarlet_waxcap/7.png,3,7,png,512,512,1.0,0.262144,square,poisonous,Scarlet Waxcap,cdb2b390744c3db1
Classes/poisonous/scarlet_waxcap/2.png,3,2,png,512,512,1.0,0.262144,square,poisonous,Scarlet Waxcap,e1c989455fc7cda0
Classes/poisonous/scarlet_waxcap/8.png,3,8,png,512,512,1.0,0.262144,square,poisonous,Scarlet Waxcap,f2c5873a0f38a91b
Classes/poisonous/scarlet_waxcap/1.png,3,1,png,512,512,1.0,0.262144,square,poisonous,Scarlet Waxcap,cea73d9e61988f20
Classes/poisonous/Amanita_breckonii/Amanita_breckonii2.png,3,Amanita_breckonii2,png,100,100,1.0,0.01,square,poisonous,Amanita Breckonii,e91e16e598ea8659
Classes/poisonous/Amanita_breckonii/Amanita_breckonii9.png,3,Amanita_breckonii9,png,276,183,1.5081967213114753,0.050508,landscape,poisonous,Amanita Breckonii,c195367b794340f6
Classes/poisonous/Amanita_breckonii/Amanita_breckonii8.png,3,Amanita_breckonii8,png,263,192,1.3697916666666667,0.050496,landscape,poisonous,Amanita Breckonii,85846e4f783a3b33
Classes/poisonous/Amanita_breckonii/Amanita_breckonii10.png,3,Amanita_breckonii10,png,174,290,0.6,0.05046,portrait,poisonous,Amanita Breckonii,cc9a33676d383187
Classes/edible/Hypholoma lateritium/12946medium.jpeg,3,12946medium,jpeg,500,333,1.5015015015015014,0.1665,landscape,edible,Hypholoma Lateritium,ccbc32339dcc649a
Classes/edible/Hypholoma lateritium/13021medium.jpeg,3,13021medium,jpeg,500,333,1.5015015015015014,0.1665,landscape,edible,Hypholoma Lateritium,946d2c9c67659e1c
Classes/edible/Hypholoma lateritium/13022medium.jpeg,3,13022medium,jpeg,500,375,1.3333333333333333,0.1875,landscape,edible,Hypholoma Lateritium,ddcd23f26363a0c8
Classes/poisonous/Hypholoma_lateritium/Hypholoma_lateritium26.png,3,Hypholoma_lateritium26,png,239,211,1.132701421800948,0.050429,landscape,edible,Hypholoma Lateritium,c7a9ecb324ce3186
Classes/edible/Hypholoma lateritium/12740medium.jpg,3,12740medium,jpg,375,500,0.75,0.1875,portrait,edible,Hypholoma Lateritium,9bd02ce343b49e3a
Classes/edible/Hypholoma lateritium/12716medium.jpg,3,12716medium,jpg,375,500,0.75,0.1875,portrait,edible,Hypholoma Lateritium,98bb6b4953995351
Classes/edible/Hypholoma lateritium/12841medium.jpeg,3,12841medium,jpeg,500,375,1.3333333333333333,0.1875,landscape,edible,Hypholoma Lateritium,86d7782cc6f23b84
Classes/edible/Stropharia aeruginosa/27435medium.jpeg,3,27435medium,jpeg,375,500,0.75,0.1875,portrait,edible,Stropharia Aeruginosa,e60936e699a45cf2
Classes/poisonous/Stropharia_aeruginosa/Stropharia_aeruginosa12.png,3,Stropharia_aeruginosa12,png,100,100,1.0,0.01,square,edible,Stropharia Aeruginosa,9e817364c593e72c
Classes/poisonous/Stropharia_aeruginosa/Stropharia_aeruginosa9.png,3,Stropharia_aeruginosa9,png,100,100,1.0,0.01,square,edible,Stropharia Aeruginosa,dc136e79706261c7
Classes/edible/Stropharia aeruginosa/27338medium.jpg,3,27338medium,jpg,375,500,0.75,0.1875,portrait,edible,Stropharia Aeruginosa,d2fd2d809c619ce6
Classes/edible/Stropharia aeruginosa/27485medium.jpeg,3,27485medium,jpeg,375,500,0.75,0.1875,portrait,edible,Stropharia Aeruginosa,ae88bd6283cc36b3
Classes/edible/Stropharia aeruginosa/27410medium.jpg,3,27410medium,jpg,500,500,1.0,0.25,square,edible,Stropharia Aeruginosa,ca17386d8b373cd0
Classes/edible/Stropharia aeruginosa/27322medium.jpeg,3,27322medium,jpeg,281,500,0.562,0.1405,portrait,edible,Stropharia Aeruginosa,ea8e633537c71660
Classes/edible/Coprinellus micaceus/7587medium.jpeg,3,7587medium,jpeg,375,500,0.75,0.1875,portrait,edible,Coprinellus Micaceus,9c6bf69031c47f06
Classes/edible/Coprinellus micaceus/7468medium.jpg,3,7468medium,jpg,500,500,1.0,0.25,square,edible,Coprinellus Micaceus,a98ca696f492cde4
Classes/edible/Coprinellus micaceus/7262medium.jpeg,3,7262medium,jpeg,500,380,1.3157894736842106,0.19,landscape,edible,Coprinellus Micaceus,925a7fa5698ba04e
Classes/poisonous/Coprinellus_micaceus/Coprinellus_micaceus34.png,3,Coprinellus_micaceus34,png,300,168,1.7857142857142858,0.0504,landscape,edible,Coprinellus Micaceus,eed8198ef0e09d34
Classes/edible/Coprinellus micaceus/7531medium.jpeg,3,7531medium,jpeg,281,500,0.562,0.1405,portrait,edible,Coprinellus Micaceus,a0c71f244c397f8e
Classes/edible/Coprinellus micaceus/7424medium.jpeg,3,7424medium,jpeg,500,375,1.3333333333333333,0.1875,landscape,edible,Coprinellus Micaceus,898c3e29b2e663cb
Classes/edible/Coprinellus micaceus/7610medium.jpg,3,7610medium,jpg,375,500,0.75,0.1875,portrait,edible,Coprinellus Micaceus,b6c57135d1899731
Classes/edible/Lactarius torminosus/14340medium.jpeg,3,14340medium,jpeg,500,373,1.3404825737265416,0.1865,landscape,edible,Lactarius Torminosus,de9a65318b4b989c
Classes/edible/Lactarius torminosus/14361medium.jpeg,3,14361medium,jpeg,375,500,0.75,0.1875,portrait,edible,Lactarius Torminosus,96876395c65c996a
Classes/poisonous/Lactarius_torminosus/Lactarius_torminosus0.png,3,Lactarius_torminosus0,png,100,100,1.0,0.01,square,edible,Lactarius Torminosus,e7f03c1a71f48b41
Classes/edible/Lactarius torminosus/14582medium.jpg,3,14582medium,jpg,500,375,1.3333333333333333,0.1875,landscape,edible,Lactarius Torminosus,f0b60cc9b61e196e
Classes/edible/Lactarius torminosus/14587medium.jpeg,3,14587medium,jpeg,375,500,0.75,0.1875,portrait,edible,Lactarius Torminosus,97c56c70b29146cf
Classes/edible/Lactarius torminosus/14389medium.jpeg,3,14389medium,jpeg,281,500,0.562,0.1405,portrait,edible,Lactarius Torminosus,8c4bbd2d9fc524a1
Classes/edible/Lactarius torminosus/14581medium.jpg,3,14581medium,jpg,375,500,0.75,0.1875,portrait,edible,Lactarius Torminosus,c27da8b6cf017592
Classes/poisonous/Hypholoma_fasciculare/Hypholoma_fasciculare26.png,3,Hypholoma_fasciculare26,png,259,194,1.3350515463917525,0.050246,landscape,edible,Hypholoma Fasciculare,d4f02f0fe0da85c6
Classes/edible/Hypholoma fasciculare/12547medium.jpeg,3,12547medium,jpeg,386,500,0.772,0.193,portrait,edible,Hypholoma Fasciculare,c5096f38747893da
Classes/edible/Hypholoma fasciculare/12597medium.jpeg,3,12597medium,jpeg,500,466,1.072961373390558,0.233,landscape,edible,Hypholoma Fasciculare,8f7272cc09dd8396
Classes/edible/Hypholoma fasciculare/12654medium.jpg,3,12654medium,jpg,500,375,1.3333333333333333,0.1875,landscape,edible,Hypholoma Fasciculare,93d0c9ab6170b8b7
Classes/edible/Hypholoma fasciculare/12519medium.jpeg,3,12519medium,jpeg,375,500,0.75,0.1875,portrait,edible,Hypholoma Fasciculare,ca5d602d358bcdd4
Classes/edible/Hypholoma fasciculare/12461medium.jpeg,3,12461medium,jpeg,500,375,1.3333333333333333,0.1875,landscape,edible,Hypholoma Fasciculare,d87c632f9e836151
Classes/edible/Hypholoma fasciculare/12487medium.jpeg,3,12487medium,jpeg,500,281,1.7793594306049825,0.1405,landscape,edible,Hypholoma Fasciculare,99cb56a969521bb4
Classes/edible/Cerioporus squamosus/7770medium.jpeg,3,7770medium,jpeg,500,401,1.2468827930174564,0.2005,landscape,edible,Cerioporus Squamosus,9e696195c9306fca
Classes/edible/Cerioporus squamosus/8574medium.jpeg,3,8574medium,jpeg,483,500,0.966,0.2415,portrait,edible,Cerioporus Squamosus,c4e43d99687685cb
Classes/edible/Cerioporus squamosus/8639medium.jpg,3,8639medium,jpg,375,500,0.75,0.1875,portrait,edible,Cerioporus Squamosus,df80296fc27e4871
Classes/edible/Cerioporus squamosus/8968medium.jpg,3,8968medium,jpg,375,500,0.75,0.1875,portrait,edible,Cerioporus Squamosus,de64219ec439a667
Classes/edible/Cerioporus squamosus/9048medium.jpeg,3,9048medium,jpeg,374,500,0.748,0.187,portrait,edible,Cerioporus Squamosus,dce4361398cca63b
Classes/edible/Cerioporus squamosus/9006medium.jpeg,3,9006medium,jpeg,500,375,1.3333333333333333,0.1875,landscape,edible,Cerioporus Squamosus,839b68f89634cf92
Classes/edible/Cerioporus squamosus/8833medium.jpeg,3,8833medium,jpeg,500,333,1.5015015015015014,0.1665,landscape,edible,Cerioporus Squamosus,aae8fc95a5899153
Classes/edible/Calvatia_utriformis/Calvatia_utriformis5.png,3,Calvatia_utriformis5,png,100,100,1.0,0.01,square,edible,Calvatia Utriformis,c7983e3f60e421c7
Classes/edible/Calvatia_utriformis/Calvatia_utriformis3.png,3,Calvatia_utriformis3,png,100,100,1.0,0.01,square,edible,Calvatia Utriformis,c8cb25243736367b
Classes/edible/Calvatia_utriformis/Calvatia_utriformis25.png,3,Calvatia_utriformis25,png,276,182,1.5164835164835164,0.050232,landscape,edible,Calvatia Utriformis,8de2363d52444eb7
Classes/edible/Calvatia_utriformis/Calvatia_utriformis24.png,3,Calvatia_utriformis24,png,276,183,1.5081967213114753,0.050508,landscape,edible,Calvatia Utriformis,c12c3fe6d883653a
Classes/edible/Calvatia_utriformis/Calvatia_utriformis17.png,3,Calvatia_utriformis17,png,259,194,1.3350515463917525,0.050246,landscape,edible,Calvatia Utriformis,97c768783521d2b3
Classes/edible/Calvatia_utriformis/Calvatia_utriformis18.png,3,Calvatia_utriformis18,png,259,194,1.3350515463917525,0.050246,landscape,edible,Calvatia Utriformis,c1c93e30c1dbcfa4
Classes/edible/Calvatia_utriformis/Calvatia_utriformis33.png,3,Calvatia_utriformis33,png,275,184,1.4945652173913044,0.0506,landscape,edible,Calvatia Utriformis,95977a5a78996849
Classes/edible/horse_mushroom/1.png,3,1,png,512,512,1.0,0.262144,square,edible,Horse Mushroom,969d37266e485873
Classes/edible/horse_mushroom/2.png,3,2,png,512,512,1.0,0.262144,square,edible,Horse Mushroom,97d85ce5c20db552
Classes/edible/horse_mushroom/8.png,3,8,png,512,512,1.0,0.262144,square,edible,Horse Mushroom,c3c72d4d6e6c6c28
Classes/edible/horse_mushroom/6.png,3,6,png,512,512,1.0,0.262144,square,edible,Horse Mushroom,c39b1fcc62363c38
Classes/edible/horse_mushroom/4.png,3,4,png,512,512,1.0,0.262144,square,edible,Horse Mushroom,d2de6d6d0c4c6d60
Classes/edible/horse_mushroom/12.png,3,12,png,512,512,1.0,0.262144,square,edible,Horse Mushroom,c0962f5a786bd839
Classes/edible/horse_mushroom/9.png,3,9,png,512,512,1.0,0.262144,square,edible,Horse Mushroom,ae89c8b3a72c5ec4
Classes/edible/field_mushroom/7.png,3,7,png,512,512,1.0,0.262144,square,edible,Field Mushroom,c5ce2ea566366c34
Classes/edible/field_mushroom/2.png,3,2,png,512,512,1.0,0.262144,square,edible,Field Mushroom,9e9f786961612527
Classes/edible/field_mushroom/8.png,3,8,png,512,512,1.0,0.262144,square,edible,Field Mushroom,8cb35a4a3b9dc6c2
Classes/edible/field_mushroom/1.png,3,1,png,512,512,1.0,0.262144,square,edible,Field Mushroom,90bc6dc82f6d9632
Classes/edible/field_mushroom/11.png,3,11,png,512,512,1.0,0.262144,square,edible,Field Mushroom,cbc63c82f28d9b64
Classes/edible/field_mushroom/5.png,3,5,png,512,512,1.0,0.262144,square,edible,Field Mushroom,940e2af1e54c9f8e
Classes/edible/field_mushroom/14.png,3,14,png,512,512,1.0,0.262144,square,edible,Field Mushroom,9c9a7030cbc32fdc
Classes/edible/Kuehneromyces mutabilis/13424medium.jpeg,3,13424medium,jpeg,500,281,1.7793594306049825,0.1405,landscape,edible,Kuehneromyces Mutabilis,88e9b365b63624cb
Classes/edible/Kuehneromyces mutabilis/13603medium.jpeg,3,13603medium,jpeg,500,375,1.3333333333333333,0.1875,landscape,edible,Kuehneromyces Mutabilis,8ab162b02f31bda7
Classes/edible/Kuehneromyces mutabilis/13397medium.jpeg,3,13397medium,jpeg,333,500,0.666,0.1665,portrait,edible,Kuehneromyces Mutabilis,cac1e093c91f9e4d
Classes/edible/Kuehneromyces mutabilis/13383medium.jpeg,3,13383medium,jpeg,375,500,0.75,0.1875,portrait,edible,Kuehneromyces Mutabilis,c805265ba9b7175b
Classes/edible/Kuehneromyces mutabilis/13920medium.jpeg,3,13920medium,jpeg,500,333,1.5015015015015014,0.1665,landscape,edible,Kuehneromyces Mutabilis,89ac67533369ca56
Classes/edible/Kuehneromyces mutabilis/13423medium.jpeg,3,13423medium,jpeg,500,281,1.7793594306049825,0.1405,landscape,edible,Kuehneromyces Mutabilis,99c661720eac6e5d
Classes/edible/Kuehneromyces mutabilis/14002medium.jpg,3,14002medium,jpg,500,307,1.6286644951140066,0.1535,landscape,edible,Kuehneromyces Mutabilis,8d89c7c6963662cd
Classes/edible/Lactarius deliciosus/14206medium.jpg,3,14206medium,jpg,375,500,0.75,0.1875,portrait,edible,Lactarius Deliciosus,b807597956c55a1d
Classes/edible/Lactarius deliciosus/14245medium.jpeg,3,14245medium,jpeg,500,333,1.5015015015015014,0.1665,landscape,edible,Lactarius Deliciosus,9de272db89e4c823
Classes/edible/Lactarius deliciosus/14279medium.jpeg,3,14279medium,jpeg,500,375,1.3333333333333333,0.1875,landscape,edible,Lactarius Deliciosus,9b24653dd8c269d9
Classes/edible/Lactarius deliciosus/14269medium.jpeg,3,14269medium,jpeg,375,500,0.75,0.1875,portrait,edible,Lactarius Deliciosus,868778f0d36c7392
Classes/edible/Lactarius deliciosus/14182medium.jpg,3,14182medium,jpg,500,375,1.3333333333333333,0.1875,landscape,edible,Lactarius Deliciosus,d2986e23c56f929a
Classes/edible/Lactarius deliciosus/14094medium.jpg,3,14094medium,jpg,500,375,1.3333333333333333,0.1875,landscape,edible,Lactarius Deliciosus,db9826ce99dc09d8
Classes/edible/Lactarius deliciosus/14075medium.jpeg,3,14075medium,jpeg,375,500,0.75,0.1875,portrait,edible,Lactarius Deliciosus,803e7aa1f1cfca68
Classes/edible/Crucibulum laeve/8139medium.jpeg,3,8139medium,jpeg,500,375,1.3333333333333333,0.1875,landscape,edible,Crucibulum Laeve,dba8b681b49f9492
Classes/edible/Crucibulum laeve/8022medium.jpeg,3,8022medium,jpeg,500,354,1.4124293785310735,0.177,landscape,edible,Crucibulum Laeve,d4503a4eb395ceb1
Classes/edible/Crucibulum laeve/8075medium.jpg,3,8075medium,jpg,500,500,1.0,0.25,square,edible,Crucibulum Laeve,ca9b2272cfd33119
Classes/edible/Crucibulum laeve/8196medium.jpg,3,8196medium,jpg,500,334,1.497005988023952,0.167,landscape,edible,Crucibulum Laeve,9322654d7e524b6d
Classes/edible/Crucibulum laeve/8030medium.jpeg,3,8030medium,jpeg,281,500,0.562,0.1405,portrait,edible,Crucibulum Laeve,a7690a1cf4d225f3
Classes/edible/Crucibulum laeve/7987medium.jpg,3,7987medium,jpg,375,500,0.75,0.1875,portrait,edible,Crucibulum Laeve,99c2269fa6916c97
Classes/edible/Crucibulum laeve/8138medium.jpg,3,8138medium,jpg,500,335,1.492537313432836,0.1675,landscape,edible,Crucibulum Laeve,d5b8736e4ce160d8
Classes/edible/clouded_agaric/7.png,3,7,png,512,512,1.0,0.262144,square,edible,Clouded Agaric,824d3db4629967f1
Classes/edible/clouded_agaric/2.png,3,2,png,512,512,1.0,0.262144,square,edible,Clouded Agaric,dec3297970256732
Classes/edible/clouded_agaric/8.png,3,8,png,512,512,1.0,0.262144,square,edible,Clouded Agaric,96ba39c3546ec8a5
Classes/edible/clouded_agaric/1.png,3,1,png,512,512,1.0,0.262144,square,edible,Clouded Agaric,91b2264a682fb7f8
Classes/edible/clouded_agaric/11.png,3,11,png,512,512,1.0,0.262144,square,edible,Clouded Agaric,83b03ab0af47f463
Classes/edible/clouded_agaric/5.png,3,5,png,512,512,1.0,0.262144,square,edible,Clouded Agaric,8fa468b8c2cb7a1e
Classes/edible/clouded_agaric/14.png,3,14,png,512,512,1.0,0.262144,square,edible,Clouded Agaric,9bf56dca324453a4
Classes/edible/Daedaleopsis tricolor/9003medium.jpg,3,9003medium,jpg,500,335,1.492537313432836,0.1675,landscape,edible,Daedaleopsis Tricolor,8378e871f72c9692
Classes/edible/Daedaleopsis tricolor/8915medium.jpeg,3,8915medium,jpeg,375,500,0.75,0.1875,portrait,edible,Daedaleopsis Tricolor,8b66b19a6611a779
Classes/edible/Daedaleopsis tricolor/9011medium.jpeg,3,9011medium,jpeg,298,500,0.596,0.149,portrait,edible,Daedaleopsis Tricolor,ebf69838881cce55
Classes/edible/Daedaleopsis tricolor/8977medium.jpeg,3,8977medium,jpeg,375,500,0.75,0.1875,portrait,edible,Daedaleopsis Tricolor,9e9f792865556e04
Classes/edible/Daedaleopsis tricolor/8905medium.jpeg,3,8905medium,jpeg,500,376,1.3297872340425532,0.188,landscape,edible,Daedaleopsis Tricolor,86a95e2894ece69b
Classes/edible/Daedaleopsis tricolor/8751medium.jpeg,3,8751medium,jpeg,500,333,1.5015015015015014,0.1665,landscape,edible,Daedaleopsis Tricolor,f3ec0c92b36c4c96
Classes/edible/Daedaleopsis tricolor/8769medium.jpeg,3,8769medium,jpeg,500,375,1.3333333333333333,0.1875,landscape,edible,Daedaleopsis Tricolor,fcf9c48306b8435b
Classes/edible/Lactarius_volemus/Lactarius_volemus20.png,3,Lactarius_volemus20,png,275,183,1.5027322404371584,0.050325,landscape,edible,Lactarius Volemus,c8f43301707aecfc
Classes/edible/Lactarius_volemus/Lactarius_volemus26.png,3,Lactarius_volemus26,png,275,183,1.5027322404371584,0.050325,landscape,edible,Lactarius Volemus,cfb23842f2bcd462
Classes/edible/Lactarius_volemus/Lactarius_volemus31.png,3,Lactarius_volemus31,png,225,224,1.0044642857142858,0.0504,landscape,edible,Lactarius Volemus,94e3659593897176
Classes/edible/Lactarius_volemus/Lactarius_volemus24.png,3,Lactarius_volemus24,png,243,208,1.1682692307692308,0.050544,landscape,edible,Lactarius Volemus,d02bbff4a089472b
Classes/edible/Lactarius_volemus/Lactarius_volemus29.png,3,Lactarius_volemus29,png,262,193,1.3575129533678756,0.050566,landscape,edible,Lactarius Volemus,f07cc660f9159b16
Classes/edible/Lactarius_volemus/Lactarius_volemus17.png,3,Lactarius_volemus17,png,259,194,1.3350515463917525,0.050246,landscape,edible,Lactarius Volemus,8cb04698b36eb8bb
Classes/edible/Lactarius_volemus/Lactarius_volemus2.png,3,Lactarius_volemus2,png,100,100,1.0,0.01,square,edible,Lactarius Volemus,d0ef6d893e04e916
Classes/edible/Clitocybe_nuda/Clitocybe_nuda31.png,3,Clitocybe_nuda31,png,168,299,0.5618729096989966,0.050232,portrait,edible,Clitocybe Nuda,fbc1854368e691cd
Classes/edible/Clitocybe_nuda/Clitocybe_nuda30.png,3,Clitocybe_nuda30,png,275,183,1.5027322404371584,0.050325,landscape,edible,Clitocybe Nuda,cbb45c9ab14265b3
Classes/edible/Clitocybe_nuda/Clitocybe_nuda24.png,3,Clitocybe_nuda24,png,299,168,1.7797619047619049,0.050232,landscape,edible,Clitocybe Nuda,e2951d667e43e849
Classes/edible/Clitocybe_nuda/Clitocybe_nuda22.png,3,Clitocybe_nuda22,png,267,189,1.4126984126984128,0.050463,landscape,edible,Clitocybe Nuda,e01e2b2974d707f1
Classes/edible/Clitocybe_nuda/Clitocybe_nuda11.png,3,Clitocybe_nuda11,png,232,217,1.0691244239631337,0.050344,landscape,edible,Clitocybe Nuda,a7d8835e5867c872
Classes/edible/Clitocybe_nuda/Clitocybe_nuda33.png,3,Clitocybe_nuda33,png,259,194,1.3350515463917525,0.050246,landscape,edible,Clitocybe Nuda,c01a3fe438c7ca4f
Classes/edible/Clitocybe_nuda/Clitocybe_nuda2.png,3,Clitocybe_nuda2,png,259,194,1.3350515463917525,0.050246,landscape,edible,Clitocybe Nuda,c4e2293f32cc791e
Classes/edible/cauliflower_fungus/7.png,3,7,png,512,512,1.0,0.262144,square,edible,Cauliflower Fungus,c4876eb13d2de096
Classes/edible/cauliflower_fungus/2.png,3,2,png,512,512,1.0,0.262144,square,edible,Cauliflower Fungus,d39e6e2d203427f2
Classes/edible/cauliflower_fungus/8.png,3,8,png,512,512,1.0,0.262144,square,edible,Cauliflower Fungus,f6746129399b1a9a
Classes/edible/cauliflower_fungus/1.png,3,1,png,512,512,1.0,0.262144,square,edible,Cauliflower Fungus,84963fa96165a72b
Classes/edible/cauliflower_fungus/11.png,3,11,png,512,512,1.0,0.262144,square,edible,Cauliflower Fungus,809f1d7870f1339b
Classes/edible/cauliflower_fungus/5.png,3,5,png,512,512,1.0,0.262144,square,edible,Cauliflower Fungus,c1b83f633e239691
Classes/edible/cauliflower_fungus/14.png,3,14,png,512,512,1.0,0.262144,square,edible,Cauliflower Fungus,cedb6c25206323e7
Classes/edible/Tremella_fuciformis/Tremella_fuciformis22.png,3,Tremella_fuciformis22,png,100,100,1.0,0.01,square,edible,Tremella Fuciformis,959a6a2495f25b35
Classes/edible/Tremella_fuciformis/Tremella_fuciformis35.png,3,Tremella_fuciformis35,png,194,259,0.749034749034749,0.050246,portrait,edible,Tremella Fuciformis,c6fc2943945e4bd8
Classes/edible/Tremella_fuciformis/Tremella_fuciformis2.png,3,Tremella_fuciformis2,png,100,100,1.0,0.01,square,edible,Tremella Fuciformis,929330e06cceadfa
Classes/edible/Tremella_fuciformis/Tremella_fuciformis29.png,3,Tremella_fuciformis29,png,253,199,1.271356783919598,0.050347,landscape,edible,Tremella Fuciformis,de9a6a63256530bc
Classes/edible/Tremella_fuciformis/Tremella_fuciformis39.png,3,Tremella_fuciformis39,png,300,168,1.7857142857142858,0.0504,landscape,edible,Tremella Fuciformis,de992436e6c4d9c1
Classes/edible/Tremella_fuciformis/Tremella_fuciformis31.png,3,Tremella_fuciformis31,png,194,259,0.749034749034749,0.050246,portrait,edible,Tremella Fuciformis,d4c12f0c7f7bc034
Classes/edible/Tremella_fuciformis/Tremella_fuciformis7.png,3,Tremella_fuciformis7,png,100,100,1.0,0.01,square,edible,Tremella Fuciformis,8afd05c24be1f0f2
Classes/edible/golden_scalycap/7.png,3,7,png,512,512,1.0,0.262144,square,edible,Golden Scalycap,b9ade68299989933
Classes/edible/golden_scalycap/2.png,3,2,png,512,512,1.0,0.262144,square,edible,Golden Scalycap,a46d5a86a958ec73
Classes/edible/golden_scalycap/8.png,3,8,png,512,512,1.0,0.262144,square,edible,Golden Scalycap,811f071d3b663cf1
Classes/edible/golden_scalycap/1.png,3,1,png,512,512,1.0,0.262144,square,edible,Golden Scalycap,b04b5acc13b6a5a7
Classes/edible/golden_scalycap/11.png,3,11,png,512,512,1.0,0.262144,square,edible,Golden Scalycap,82993d7033efc0d6
Classes/edible/golden_scalycap/5.png,3,5,png,512,512,1.0,0.262144,square,edible,Golden Scalycap,d614e9b96616c969
Classes/edible/golden_scalycap/14.png,3,14,png,512,512,1.0,0.262144,square,edible,Golden Scalycap,a93c92566d6891b7
Classes/edible/Pleurotus pulmonarius/24509medium.jpeg,3,24509medium,jpeg,375,500,0.75,0.1875,portrait,edible,Pleurotus Pulmonarius,cbf634cc983cc913
Classes/edible/Pleurotus pulmonarius/24684medium.jpeg,3,24684medium,jpeg,500,375,1.3333333333333333,0.1875,landscape,edible,Pleurotus Pulmonarius,cf6638518cca3e0f
Classes/edible/Pleurotus pulmonarius/24676medium.jpeg,3,24676medium,jpeg,500,313,1.597444089456869,0.1565,landscape,edible,Pleurotus Pulmonarius,d744693bb3c8099b
Classes/edible/Pleurotus pulmonarius/24697medium.jpeg,3,24697medium,jpeg,375,500,0.75,0.1875,portrait,edible,Pleurotus Pulmonarius,dbc8663319d3c98c
Classes/edible/Pleurotus pulmonarius/24456medium.jpeg,3,24456medium,jpeg,375,500,0.75,0.1875,portrait,edible,Pleurotus Pulmonarius,892e26fc597630cb
Classes/edible/Pleurotus pulmonarius/24681medium.jpg,3,24681medium,jpg,500,333,1.5015015015015014,0.1665,landscape,edible,Pleurotus Pulmonarius,ccac393373c6ce18
Classes/edible/Pleurotus pulmonarius/24569medium.jpeg,3,24569medium,jpeg,500,333,1.5015015015015014,0.1665,landscape,edible,Pleurotus Pulmonarius,9d8e6731d8969964
Classes/edible/Calocybe_gambosa/Calocybe_gambosa14.png,3,Calocybe_gambosa14,png,277,182,1.521978021978022,0.050414,landscape,edible,Calocybe Gambosa,851d7bc2910ffc34
Classes/edible/Calocybe_gambosa/Calocybe_gambosa0.png,3,Calocybe_gambosa0,png,100,100,1.0,0.01,square,edible,Calocybe Gambosa,b2e16a1214cfcaeb
Classes/edible/Calocybe_gambosa/Calocybe_gambosa15.png,3,Calocybe_gambosa15,png,275,183,1.5027322404371584,0.050325,landscape,edible,Calocybe Gambosa,d3502c6f919c679a
Classes/edible/Calocybe_gambosa/Calocybe_gambosa6.png,3,Calocybe_gambosa6,png,100,100,1.0,0.01,square,edible,Calocybe Gambosa,c0683f17d8c8663f
Classes/edible/Calocybe_gambosa/Calocybe_gambosa11.png,3,Calocybe_gambosa11,png,335,150,2.2333333333333334,0.05025,landscape,edible,Calocybe Gambosa,d08c6b33f0ccd1ae
Classes/edible/Calocybe_gambosa/Calocybe_gambosa18.png,3,Calocybe_gambosa18,png,275,183,1.5027322404371584,0.050325,landscape,edible,Calocybe Gambosa,90a26e9d2e5cd3b1
Classes/edible/Calocybe_gambosa/Calocybe_gambosa2.png,3,Calocybe_gambosa2,png,100,100,1.0,0.01,square,edible,Calocybe Gambosa,f1951c6f6a78090f
Classes/edible/birch_polypore/7.png,3,7,png,512,512,1.0,0.262144,square,edible,Birch Polypore,c48b3f7cb070561b
Classes/edible/birch_polypore/2.png,3,2,png,512,512,1.0,0.262144,square,edible,Birch Polypore,84ca2e3f6af592c2
Classes/edible/birch_polypore/8.png,3,8,png,512,512,1.0,0.262144,square,edible,Birch Polypore,ce833076cfc0dde0
Classes/edible/birch_polypore/1.png,3,1,png,512,512,1.0,0.262144,square,edible,Birch Polypore,f4583a7e27362b05
Classes/edible/birch_polypore/11.png,3,11,png,512,512,1.0,0.262144,square,edible,Birch Polypore,9d2932369cc96766
Classes/edible/birch_polypore/5.png,3,5,png,512,512,1.0,0.262144,square,edible,Birch Polypore,b3d81fa75b0e1161
Classes/edible/birch_polypore/14.png,3,14,png,512,512,1.0,0.262144,square,edible,Birch Polypore,cd983077c3874cdc
Classes/edible/Chroogomphus/Chroogomphus21.png,3,Chroogomphus21,png,275,183,1.5027322404371584,0.050325,landscape,edible,Chroogomphus,a2c67d7372071e38
Classes/edible/Chroogomphus/Chroogomphus12.png,3,Chroogomphus12,png,100,100,1.0,0.01,square,edible,Chroogomphus,900f5bb62d5336a9
Classes/edible/Chroogomphus/Chroogomphus0.png,3,Chroogomphus0,png,100,100,1.0,0.01,square,edible,Chroogomphus,d9e670303d9a3e1c
Classes/edible/Chroogomphus/Chroogomphus1.png,3,Chroogomphus1,png,100,100,1.0,0.01,square,edible,Chroogomphus,f8d4568925ba1fc8
Classes/edible/Chroogomphus/Chroogomphus26.png,3,Chroogomphus26,png,259,194,1.3350515463917525,0.050246,landscape,edible,Chroogomphus,863eea683e393487
Classes/edible/Chroogomphus/Chroogomphus14.png,3,Chroogomphus14,png,100,100,1.0,0.01,square,edible,Chroogomphus,f41619a56359de86
Classes/edible/Chroogomphus/Chroogomphus17.png,3,Chroogomphus17,png,194,259,0.749034749034749,0.050246,portrait,edible,Chroogomphus,eeb890874c4c1bee
Classes/edible/Lentinula_edodes/Lentinula_edodes16.png,3,Lentinula_edodes16,png,100,100,1.0,0.01,square,edible,Lentinula Edodes,c783786ee360934e
Classes/edible/Lentinula_edodes/Lentinula_edodes19.png,3,Lentinula_edodes19,png,100,100,1.0,0.01,square,edible,Lentinula Edodes,ea655ae54ad30ea8
Classes/edible/Lentinula_edodes/Lentinula_edodes12.png,3,Lentinula_edodes12,png,100,100,1.0,0.01,square,edible,Lentinula Edodes,abf0a480dce1d6da
Classes/edible/Lentinula_edodes/Lentinula_edodes4.png,3,Lentinula_edodes4,png,100,100,1.0,0.01,square,edible,Lentinula Edodes,ba5c6891dbe80d3c
Classes/edible/Lentinula_edodes/Lentinula_edodes24.png,3,Lentinula_edodes24,png,100,100,1.0,0.01,square,edible,Lentinula Edodes,fe07e17ab5a09c50
Classes/edible/Lentinula_edodes/Lentinula_edodes59.png,3,Lentinula_edodes59,png,225,225,1.0,0.050625,square,edible,Lentinula Edodes,e6b51a26743abb09
Classes/edible/Lentinula_edodes/Lentinula_edodes5.png,3,Lentinula_edodes5,png,100,100,1.0,0.01,square,edible,Lentinula Edodes,fa98cf01ec6cb912
Classes/edible/Panellus stipticus/19397medium.jpg,3,19397medium,jpg,500,397,1.2594458438287153,0.1985,landscape,edible,Panellus Stipticus,a0e8cca62d97743e
Classes/edible/Panellus stipticus/19294medium.jpeg,3,19294medium,jpeg,500,373,1.3404825737265416,0.1865,landscape,edible,Panellus Stipticus,a590cb3d378f91c2
Classes/edible/Panellus stipticus/19241medium.jpeg,3,19241medium,jpeg,500,500,1.0,0.25,square,edible,Panellus Stipticus,df932c7cca82b514
Classes/edible/Panellus stipticus/19242medium.jpeg,3,19242medium,jpeg,500,331,1.5105740181268883,0.1655,landscape,edible,Panellus Stipticus,d6992b936c3cc961
Classes/edible/Panellus stipticus/19167medium.jpeg,3,19167medium,jpeg,500,324,1.5432098765432098,0.162,landscape,edible,Panellus Stipticus,cbcc7cd381ec9312
Classes/edible/Panellus stipticus/19287medium.jpg,3,19287medium,jpg,375,500,0.75,0.1875,portrait,edible,Panellus Stipticus,fedf6561c0863251
Classes/edible/Panellus stipticus/19235medium.jpeg,3,19235medium,jpeg,375,500,0.75,0.1875,portrait,edible,Panellus Stipticus,906c6adc09337c9f
Classes/edible/Tuber_mesentericum/Tuber_mesentericum24.png,3,Tuber_mesentericum24,png,275,183,1.5027322404371584,0.050325,landscape,edible,Tuber Mesentericum,a60e4b1b7938fc2c
Classes/edible/Tuber_mesentericum/Tuber_mesentericum6.png,3,Tuber_mesentericum6,png,100,100,1.0,0.01,square,edible,Tuber Mesentericum,ec06c212391f2f6f
Classes/edible/Tuber_mesentericum/Tuber_mesentericum32.png,3,Tuber_mesentericum32,png,237,213,1.1126760563380282,0.050481,landscape,edible,Tuber Mesentericum,bfe4c116961acca9
Classes/edible/Tuber_mesentericum/Tuber_mesentericum16.png,3,Tuber_mesentericum16,png,259,194,1.3350515463917525,0.050246,landscape,edible,Tuber Mesentericum,e899973b9c4314cd
Classes/edible/Tuber_mesentericum/Tuber_mesentericum22.png,3,Tuber_mesentericum22,png,224,224,1.0,0.050176,square,edible,Tuber Mesentericum,bab2ed15b78ae018
Classes/edible/Tuber_mesentericum/Tuber_mesentericum18.png,3,Tuber_mesentericum18,png,199,253,0.7865612648221344,0.050347,portrait,edible,Tuber Mesentericum,fad885264af8b199
Classes/edible/Tuber_mesentericum/Tuber_mesentericum2.png,3,Tuber_mesentericum2,png,100,100,1.0,0.01,square,edible,Tuber Mesentericum,8ac437d4d4ab92ea
Classes/edible/Flammulina velutipes/10180medium.jpeg,3,10180medium,jpeg,375,500,0.75,0.1875,portrait,edible,Flammulina Velutipes,a9d626e489596376
Classes/edible/Flammulina velutipes/10167medium.jpeg,3,10167medium,jpeg,333,500,0.666,0.1665,portrait,edible,Flammulina Velutipes,83ae3cb1434b8b6e
Classes/edible/Flammulina velutipes/9989medium.jpg,3,9989medium,jpg,500,375,1.3333333333333333,0.1875,landscape,edible,Flammulina Velutipes,be9049a59a0ffce0
Classes/edible/Flammulina velutipes/9795medium.jpeg,3,9795medium,jpeg,375,500,0.75,0.1875,portrait,edible,Flammulina Velutipes,e6eb9c308c3168e7
Classes/edible/Flammulina velutipes/9829medium.jpg,3,9829medium,jpg,375,500,0.75,0.1875,portrait,edible,Flammulina Velutipes,cd91cb3486e372cc
Classes/edible/Flammulina velutipes/9986medium.jpeg,3,9986medium,jpeg,500,375,1.3333333333333333,0.1875,landscape,edible,Flammulina Velutipes,c9ec25e3f59c26c0
Classes/edible/Flammulina velutipes/9843medium.jpg,3,9843medium,jpg,500,375,1.3333333333333333,0.1875,landscape,edible,Flammulina Velutipes,afa3e0d85632ad54
Classes/edible/Fistulina_hepatica/Fistulina_hepatica12.png,3,Fistulina_hepatica12,png,100,100,1.0,0.01,square,edible,Fistulina Hepatica,a848721c9f31cd6f
Classes/edible/Fistulina_hepatica/Fistulina_hepatica24.png,3,Fistulina_hepatica24,png,259,194,1.3350515463917525,0.050246,landscape,edible,Fistulina Hepatica,d4d58dddb0113f05
Classes/edible/Fistulina_hepatica/Fistulina_hepatica4.png,3,Fistulina_hepatica4,png,100,100,1.0,0.01,square,edible,Fistulina Hepatica,a974b5cb966162f0
Classes/edible/Fistulina_hepatica/Fistulina_hepatica33.png,3,Fistulina_hepatica33,png,265,190,1.394736842105263,0.05035,landscape,edible,Fistulina Hepatica,9e3461ca6ca5af4a
Classes/edible/Fistulina_hepatica/Fistulina_hepatica2.png,3,Fistulina_hepatica2,png,100,100,1.0,0.01,square,edible,Fistulina Hepatica,ffc03c3aa604987b
Classes/edible/Fistulina_hepatica/Fistulina_hepatica11.png,3,Fistulina_hepatica11,png,100,100,1.0,0.01,square,edible,Fistulina Hepatica,fbf0716a4a937098
Classes/edible/Fistulina_hepatica/Fistulina_hepatica8.png,3,Fistulina_hepatica8,png,100,100,1.0,0.01,square,edible,Fistulina Hepatica,d3c13e1db069d22d
Classes/edible/crimped_gill/7.png,3,7,png,512,512,1.0,0.262144,square,edible,Crimped Gill,d5633b95e8d8431a
Classes/edible/crimped_gill/2.png,3,2,png,512,512,1.0,0.262144,square,edible,Crimped Gill,d5d072ead289dc4a
Classes/edible/crimped_gill/8.png,3,8,png,512,512,1.0,0.262144,square,edible,Crimped Gill,f4e168b0857e5c2b
Classes/edible/crimped_gill/1.png,3,1,png,512,512,1.0,0.262144,square,edible,Crimped Gill,9db06a5bc5671256
Classes/edible/crimped_gill/11.png,3,11,png,512,512,1.0,0.262144,square,edible,Crimped Gill,d62729da36c5d609
Classes/edible/crimped_gill/5.png,3,5,png,512,512,1.0,0.262144,square,edible,Crimped Gill,8f1664d9897574c6
Classes/edible/crimped_gill/14.png,3,14,png,512,512,1.0,0.262144,square,edible,Crimped Gill,d2e001adaf9cbc96
Classes/edible/hen_of_the_woods/6.png,3,6,png,512,512,1.0,0.262144,square,edible,Hen Of The Woods,f69d4b3258fe2182
Classes/edible/hen_of_the_woods/3.png,3,3,png,512,512,1.0,0.262144,square,edible,Hen Of The Woods,90b96a4e772fc09c
Classes/edible/hen_of_the_woods/8.png,3,8,png,512,512,1.0,0.262144,square,edible,Hen Of The Woods,95ce0e1d3d25c9f0
Classes/edible/hen_of_the_woods/1.png,3,1,png,512,512,1.0,0.262144,square,edible,Hen Of The Woods,dd0aca0852f1f1cf
Classes/edible/hen_of_the_woods/10.png,3,10,png,512,512,1.0,0.262144,square,edible,Hen Of The Woods,9a9d6a7b2036e1b2
Classes/edible/hen_of_the_woods/7.png,3,7,png,512,512,1.0,0.262144,square,edible,Hen Of The Woods,85e537da190d12f6
Classes/edible/hen_of_the_woods/12.png,3,12,png,512,512,1.0,0.262144,square,edible,Hen Of The Woods,94c5526c9aaee547
Classes/edible/Grifola_frondosa/Grifola_frondosa20.png,3,Grifola_frondosa20,png,225,225,1.0,0.050625,square,edible,Grifola Frondosa,87101aafff154a95
Classes/edible/Grifola_frondosa/Grifola_frondosa48.png,3,Grifola_frondosa48,png,225,225,1.0,0.050625,square,edible,Grifola Frondosa,85830aa77798f60f
Classes/edible/Grifola_frondosa/Grifola_frondosa1.png,3,Grifola_frondosa1,png,100,100,1.0,0.01,square,edible,Grifola Frondosa,aea98152007f2f7e
Classes/edible/Grifola_frondosa/Grifola_frondosa28.png,3,Grifola_frondosa28,png,348,145,2.4,0.05046,landscape,edible,Grifola Frondosa,82b17826f916b3ad
Classes/edible/Grifola_frondosa/Grifola_frondosa37.png,3,Grifola_frondosa37,png,299,168,1.7797619047619049,0.050232,landscape,edible,Grifola Frondosa,bfd15a2d38262333
Classes/edible/Grifola_frondosa/Grifola_frondosa29.png,3,Grifola_frondosa29,png,259,194,1.3350515463917525,0.050246,landscape,edible,Grifola Frondosa,80747a7de50a9bcc
Classes/edible/Grifola_frondosa/Grifola_frondosa52.png,3,Grifola_frondosa52,png,277,182,1.521978021978022,0.050414,landscape,edible,Grifola Frondosa,cf343c363069c39d
Classes/edible/black_bulgar/7.png,3,7,png,512,512,1.0,0.262144,square,edible,Black Bulgar,96c6c6c964527a7a
Classes/edible/black_bulgar/2.png,3,2,png,512,512,1.0,0.262144,square,edible,Black Bulgar,8358ae75749b9926
Classes/edible/black_bulgar/8.png,3,8,png,512,512,1.0,0.262144,square,edible,Black Bulgar,eb9cf223ce44032f
Classes/edible/black_bulgar/1.png,3,1,png,512,512,1.0,0.262144,square,edible,Black Bulgar,a0d7923d3da3f0c8
Classes/edible/black_bulgar/11.png,3,11,png,512,512,1.0,0.262144,square,edible,Black Bulgar,f689c9b472531e07
Classes/edible/black_bulgar/5.png,3,5,png,512,512,1.0,0.262144,square,edible,Black Bulgar,aa32347965e5078f
Classes/edible/black_bulgar/14.png,3,14,png,512,512,1.0,0.262144,square,edible,Black Bulgar,f99097e16a9461d3
Classes/edible/heath_waxcap/7.png,3,7,png,512,512,1.0,0.262144,square,edible,Heath Waxcap,c3dd3c4734c8768c
Classes/edible/heath_waxcap/2.png,3,2,png,512,512,1.0,0.262144,square,edible,Heath Waxcap,c7853969439e94e5
Classes/edible/heath_waxcap/8.png,3,8,png,512,512,1.0,0.262144,square,edible,Heath Waxcap,8f91b47828776347
Classes/edible/heath_waxcap/1.png,3,1,png,512,512,1.0,0.262144,square,edible,Heath Waxcap,c3e40fcc3c657c64
Classes/edible/heath_waxcap/11.png,3,11,png,512,512,1.0,0.262144,square,edible,Heath Waxcap,82973f73d00dc396
Classes/edible/heath_waxcap/5.png,3,5,png,512,512,1.0,0.262144,square,edible,Heath Waxcap,85cd3a91b13ee562
Classes/edible/heath_waxcap/14.png,3,14,png,512,512,1.0,0.262144,square,edible,Heath Waxcap,ace7f4a11cd891c3
Classes/edible/parrot_waxcap/7.png,3,7,png,512,512,1.0,0.262144,square,edible,Parrot Waxcap,8d9b8c74380ed39b
Classes/edible/parrot_waxcap/2.png,3,2,png,512,512,1.0,0.262144,square,edible,Parrot Waxcap,9fc76c23694d6426
Classes/edible/parrot_waxcap/8.png,3,8,png,512,512,1.0,0.262144,square,edible,Parrot Waxcap,8eda692476329acb
Classes/edible/parrot_waxcap/1.png,3,1,png,512,512,1.0,0.262144,square,edible,Parrot Waxcap,81861b783a7a7967
Classes/edible/parrot_waxcap/11.png,3,11,png,512,512,1.0,0.262144,square,edible,Parrot Waxcap,c38d3ed530316537
Classes/edible/parrot_waxcap/5.png,3,5,png,512,512,1.0,0.262144,square,edible,Parrot Waxcap,92db6d2f6438262d
Classes/edible/parrot_waxcap/14.png,3,14,png,512,512,1.0,0.262144,square,edible,Parrot Waxcap,8996da6969656627
Classes/edible/Auricularia_auricula-judae/Auricularia_auricula-judae22.png,3,Auricularia_auricula-judae22,png,260,194,1.3402061855670102,0.05044,landscape,edible,Auricularia Auricula-Judae,9ad6da0010bcaff5
Classes/edible/Auricularia_auricula-judae/Auricularia_auricula-judae32.png,3,Auricularia_auricula-judae32,png,259,194,1.3350515463917525,0.050246,landscape,edible,Auricularia Auricula-Judae,f8c5aa8287b684dd
Classes/edible/Auricularia_auricula-judae/Auricularia_auricula-judae35.png,3,Auricularia_auricula-judae35,png,275,183,1.5027322404371584,0.050325,landscape,edible,Auricularia Auricula-Judae,84ca69855af99e0f
Classes/edible/Auricularia_auricula-judae/Auricularia_auricula-judae30.png,3,Auricularia_auricula-judae30,png,259,194,1.3350515463917525,0.050246,landscape,edible,Auricularia Auricula-Judae,f8f1083dcc9a0de3
Classes/edible/Auricularia_auricula-judae/Auricularia_auricula-judae15.png,3,Auricularia_auricula-judae15,png,100,100,1.0,0.01,square,edible,Auricularia Auricula-Judae,9d315a1372f600fe
Classes/edible/Auricularia_auricula-judae/Auricularia_auricula-judae29.png,3,Auricularia_auricula-judae29,png,275,183,1.5027322404371584,0.050325,landscape,edible,Auricularia Auricula-Judae,c6c4c7363973ccd0
Classes/edible/Auricularia_auricula-judae/Auricularia_auricula-judae9.png,3,Auricularia_auricula-judae9,png,100,100,1.0,0.01,square,edible,Auricularia Auricula-Judae,fc8516f0496d3497
Classes/edible/Hericium coralloides/11819medium.jpg,3,11819medium,jpg,500,375,1.3333333333333333,0.1875,landscape,edible,Hericium Coralloides,cae061d333c9cbcc
Classes/edible/Hericium coralloides/11767medium.jpeg,3,11767medium,jpeg,225,500,0.45,0.1125,portrait,edible,Hericium Coralloides,96323e98c09c67f6
Classes/edible/Hericium coralloides/12087medium.jpeg,3,12087medium,jpeg,500,331,1.5105740181268883,0.1655,landscape,edible,Hericium Coralloides,8a892d3eb7658563
Classes/edible/Hericium coralloides/11981medium.jpeg,3,11981medium,jpeg,375,500,0.75,0.1875,portrait,edible,Hericium Coralloides,d2c56d3ab5c3c06c
Classes/edible/Hericium coralloides/12108medium.jpg,3,12108medium,jpg,500,283,1.7667844522968197,0.1415,landscape,edible,Hericium Coralloides,8de52453cd4c9da6
Classes/edible/Hericium coralloides/11940medium.jpeg,3,11940medium,jpeg,500,331,1.5105740181268883,0.1655,landscape,edible,Hericium Coralloides,8d2d38a2337663ad
Classes/edible/Hericium coralloides/11748medium.jpeg,3,11748medium,jpeg,500,333,1.5015015015015014,0.1665,landscape,edible,Hericium Coralloides,c11f786a69eb2269
Classes/edible/oak_bolete/7.png,3,7,png,512,512,1.0,0.262144,square,edible,Oak Bolete,9997678fc9692226
Classes/edible/oak_bolete/2.png,3,2,png,512,512,1.0,0.262144,square,edible,Oak Bolete,cc9933cc8c9e3636
Classes/edible/oak_bolete/8.png,3,8,png,512,512,1.0,0.262144,square,edible,Oak Bolete,99f4079871264f6d
Classes/edible/oak_bolete/1.png,3,1,png,512,512,1.0,0.262144,square,edible,Oak Bolete,815d2e4bf9247335
Classes/edible/oak_bolete/11.png,3,11,png,512,512,1.0,0.262144,square,edible,Oak Bolete,ad8749cd2861f587
Classes/edible/oak_bolete/5.png,3,5,png,512,512,1.0,0.262144,square,edible,Oak Bolete,98cf133c6784cbb1
Classes/edible/oak_bolete/14.png,3,14,png,512,512,1.0,0.262144,square,edible,Oak Bolete,998c661936669e9b
Classes/edible/common_rustgill/7.png,3,7,png,512,512,1.0,0.262144,square,edible,Common Rustgill,aa943877772506d5
Classes/edible/common_rustgill/2.png,3,2,png,512,512,1.0,0.262144,square,edible,Common Rustgill,e8a715c012da7cbb
Classes/edible/common_rustgill/8.png,3,8,png,512,512,1.0,0.262144,square,edible,Common Rustgill,d1b564db32c63964
Classes/edible/common_rustgill/1.png,3,1,png,512,512,1.0,0.262144,square,edible,Common Rustgill,eaa584b6a4d18cf6
Classes/edible/common_rustgill/11.png,3,11,png,512,512,1.0,0.262144,square,edible,Common Rustgill,cec93287db30c82f
Classes/edible/common_rustgill/5.png,3,5,png,512,512,1.0,0.262144,square,edible,Common Rustgill,a5c54b3eb4c94936
Classes/edible/common_rustgill/14.png,3,14,png,512,512,1.0,0.262144,square,edible,Common Rustgill,de9c23216277c7c8
Classes/edible/Lactarius_subdulcis/Lactarius_subdulcis27.png,3,Lactarius_subdulcis27,png,259,194,1.3350515463917525,0.050246,landscape,edible,Lactarius Subdulcis,8b4c25ac9a32cddb
Classes/edible/Lactarius_subdulcis/Lactarius_subdulcis12.png,3,Lactarius_subdulcis12,png,100,100,1.0,0.01,square,edible,Lactarius Subdulcis,9bd2302d8767f44a
Classes/edible/Lactarius_subdulcis/Lactarius_subdulcis30.png,3,Lactarius_subdulcis30,png,268,188,1.425531914893617,0.050384,landscape,edible,Lactarius Subdulcis,e7929369943c9ac9
Classes/edible/Lactarius_subdulcis/Lactarius_subdulcis23.png,3,Lactarius_subdulcis23,png,262,192,1.3645833333333333,0.050304,landscape,edible,Lactarius Subdulcis,84853bfb61913795
Classes/edible/Lactarius_subdulcis/Lactarius_subdulcis28.png,3,Lactarius_subdulcis28,png,246,205,1.2,0.05043,landscape,edible,Lactarius Subdulcis,c0172dc86f767c45
Classes/edible/Lactarius_subdulcis/Lactarius_subdulcis7.png,3,Lactarius_subdulcis7,png,100,100,1.0,0.01,square,edible,Lactarius Subdulcis,e2370dce60760ccf
Classes/edible/Lactarius_subdulcis/Lactarius_subdulcis20.png,3,Lactarius_subdulcis20,png,269,188,1.430851063829787,0.050572,landscape,edible,Lactarius Subdulcis,c3f07a2f2c8c3959
Classes/edible/silky_rosegill/7.png,3,7,png,512,512,1.0,0.262144,square,edible,Silky Rosegill,8f9d3030d3c22ebe
Classes/edible/silky_rosegill/2.png,3,2,png,512,512,1.0,0.262144,square,edible,Silky Rosegill,8f99316177266666
Classes/edible/silky_rosegill/8.png,3,8,png,512,512,1.0,0.262144,square,edible,Silky Rosegill,cc7c7132a7568e8c
Classes/edible/silky_rosegill/1.png,3,1,png,512,512,1.0,0.262144,square,edible,Silky Rosegill,f8f73d81d491c4d0
Classes/edible/silky_rosegill/11.png,3,11,png,512,512,1.0,0.262144,square,edible,Silky Rosegill,8fd71e78606063a7
Classes/edible/silky_rosegill/5.png,3,5,png,512,512,1.0,0.262144,square,edible,Silky Rosegill,a0c7df1c9c7b7820
Classes/edible/silky_rosegill/14.png,3,14,png,512,512,1.0,0.262144,square,edible,Silky Rosegill,d8c8693497626b97
Classes/edible/oyster_mushroom/7.png,3,7,png,512,512,1.0,0.262144,square,edible,Oyster Mushroom,a89fd622b11acbcc
Classes/edible/oyster_mushroom/2.png,3,2,png,512,512,1.0,0.262144,square,edible,Oyster Mushroom,fcd49491f3604b6a
Classes/edible/oyster_mushroom/8.png,3,8,png,512,512,1.0,0.262144,square,edible,Oyster Mushroom,ad8fe8ac962263b4
Classes/edible/oyster_mushroom/1.png,3,1,png,512,512,1.0,0.262144,square,edible,Oyster Mushroom,8db830cdc636b5c9
Classes/edible/oyster_mushroom/11.png,3,11,png,512,512,1.0,0.262144,square,edible,Oyster Mushroom,c4db1f36e0c91587
Classes/edible/oyster_mushroom/5.png,3,5,png,512,512,1.0,0.262144,square,edible,Oyster Mushroom,e5586ebe97522a41
Classes/edible/oyster_mushroom/14.png,3,14,png,512,512,1.0,0.262144,square,edible,Oyster Mushroom,8d3169cb36946c6d
Classes/edible/bearded_milkcap/7.png,3,7,png,512,512,1.0,0.262144,square,edible,Bearded Milkcap,c3d93c6a309531f6
Classes/edible/bearded_milkcap/2.png,3,2,png,512,512,1.0,0.262144,square,edible,Bearded Milkcap,cdd93b4e894c2c78
Classes/edible/bearded_milkcap/8.png,3,8,png,512,512,1.0,0.262144,square,edible,Bearded Milkcap,988e6d6d329399c9
Classes/edible/bearded_milkcap/1.png,3,1,png,512,512,1.0,0.262144,square,edible,Bearded Milkcap,cf3632c94b0ed233
Classes/edible/bearded_milkcap/11.png,3,11,png,512,512,1.0,0.262144,square,edible,Bearded Milkcap,eaea49cbb435d484
Classes/edible/bearded_milkcap/5.png,3,5,png,512,512,1.0,0.262144,square,edible,Bearded Milkcap,c13f032f3d32e30b
Classes/edible/bearded_milkcap/14.png,3,14,png,512,512,1.0,0.262144,square,edible,Bearded Milkcap,978c7a786d992564
Classes/edible/the_deceiver/7.png,3,7,png,512,512,1.0,0.262144,square,edible,The Deceiver,cb903cc3716d394d
Classes/edible/the_deceiver/2.png,3,2,png,512,512,1.0,0.262144,square,edible,The Deceiver,99eeeaa11552b24b
Classes/edible/the_deceiver/8.png,3,8,png,512,512,1.0,0.262144,square,edible,The Deceiver,8e9921b8505bdb6e
Classes/edible/the_deceiver/1.png,3,1,png,512,512,1.0,0.262144,square,edible,The Deceiver,cc813b3147aec9b6
Classes/edible/the_deceiver/11.png,3,11,png,512,512,1.0,0.262144,square,edible,The Deceiver,96cb6d8d2560e4e3
Classes/edible/the_deceiver/5.png,3,5,png,512,512,1.0,0.262144,square,edible,The Deceiver,df93b86302542b57
Classes/edible/the_deceiver/14.png,3,14,png,512,512,1.0,0.262144,square,edible,The Deceiver,cdd4875e6865943c
Classes/edible/Tuber_borchii/Tuber_borchii20.png,3,Tuber_borchii20,png,225,225,1.0,0.050625,square,edible,Tuber Borchii,d293cd24e6bf8454
Classes/edible/Tuber_borchii/Tuber_borchii27.png,3,Tuber_borchii27,png,239,211,1.132701421800948,0.050429,landscape,edible,Tuber Borchii,9734056d760973a7
Classes/edible/Tuber_borchii/Tuber_borchii21.png,3,Tuber_borchii21,png,276,183,1.5081967213114753,0.050508,landscape,edible,Tuber Borchii,fe2d85c48cb4317a
Classes/edible/Tuber_borchii/Tuber_borchii13.png,3,Tuber_borchii13,png,259,194,1.3350515463917525,0.050246,landscape,edible,Tuber Borchii,8f09593e72720b9b
Classes/edible/Tuber_borchii/Tuber_borchii0.png,3,Tuber_borchii0,png,100,100,1.0,0.01,square,edible,Tuber Borchii,ece4921b9ad91933
Classes/edible/Tuber_borchii/Tuber_borchii22.png,3,Tuber_borchii22,png,225,225,1.0,0.050625,square,edible,Tuber Borchii,eae8911766e2694d
Classes/edible/Tuber_borchii/Tuber_borchii18.png,3,Tuber_borchii18,png,262,193,1.3575129533678756,0.050566,landscape,edible,Tuber Borchii,eccd933668d324cc
Classes/edible/Polyporus_mylittae/Polyporus_mylittae25.png,3,Polyporus_mylittae25,png,196,257,0.7626459143968871,0.050372,portrait,edible,Polyporus Mylittae,ba814f4eac97c1c3
Classes/edible/Polyporus_mylittae/Polyporus_mylittae29.png,3,Polyporus_mylittae29,png,268,188,1.425531914893617,0.050384,landscape,edible,Polyporus Mylittae,b79b772198cc6431
Classes/edible/Polyporus_mylittae/Polyporus_mylittae1.png,3,Polyporus_mylittae1,png,100,100,1.0,0.01,square,edible,Polyporus Mylittae,a995546aa7265b2b
Classes/edible/Polyporus_mylittae/Polyporus_mylittae15.png,3,Polyporus_mylittae15,png,259,194,1.3350515463917525,0.050246,landscape,edible,Polyporus Mylittae,899c6fc49c7b8916
Classes/edible/Polyporus_mylittae/Polyporus_mylittae18.png,3,Polyporus_mylittae18,png,225,224,1.0044642857142858,0.0504,landscape,edible,Polyporus Mylittae,d6543f063093339f
Classes/edible/Polyporus_mylittae/Polyporus_mylittae5.png,3,Polyporus_mylittae5,png,100,100,1.0,0.01,square,edible,Polyporus Mylittae,c11f66f200ee39ce
Classes/edible/Polyporus_mylittae/Polyporus_mylittae10.png,3,Polyporus_mylittae10,png,100,100,1.0,0.01,square,edible,Polyporus Mylittae,816b3f9570c662cb
Classes/edible/Sparassis_crispa/Sparassis_crispa50.png,3,Sparassis_crispa50,png,269,188,1.430851063829787,0.050572,landscape,edible,Sparassis Crispa,8721726fcc529d78
Classes/edible/Sparassis_crispa/Sparassis_crispa24.png,3,Sparassis_crispa24,png,194,259,0.749034749034749,0.050246,portrait,edible,Sparassis Crispa,97866bfd39632482
Classes/edible/Sparassis_crispa/Sparassis_crispa44.png,3,Sparassis_crispa44,png,275,183,1.5027322404371584,0.050325,landscape,edible,Sparassis Crispa,c1cd6b873c1e343a
Classes/edible/Sparassis_crispa/Sparassis_crispa19.png,3,Sparassis_crispa19,png,263,192,1.3697916666666667,0.050496,landscape,edible,Sparassis Crispa,b5ad3828e21b97d4
Classes/edible/Sparassis_crispa/Sparassis_crispa46.png,3,Sparassis_crispa46,png,220,165,1.3333333333333333,0.0363,landscape,edible,Sparassis Crispa,9bca6064c4e29bdb
Classes/edible/Sparassis_crispa/Sparassis_crispa34.png,3,Sparassis_crispa34,png,259,194,1.3350515463917525,0.050246,landscape,edible,Sparassis Crispa,98d8397493705dd3
Classes/edible/Sparassis_crispa/Sparassis_crispa49.png,3,Sparassis_crispa49,png,259,194,1.3350515463917525,0.050246,landscape,edible,Sparassis Crispa,94953b486637e96a
Classes/edible/Hypsizygus_tessellatus/Hypsizygus_tessellatus27.png,3,Hypsizygus_tessellatus27,png,259,194,1.3350515463917525,0.050246,landscape,edible,Hypsizygus Tessellatus,c02469585ef56d3b
Classes/edible/Hypsizygus_tessellatus/Hypsizygus_tessellatus22.png,3,Hypsizygus_tessellatus22,png,259,195,1.328205128205128,0.050505,landscape,edible,Hypsizygus Tessellatus,97c4329a6d936696
Classes/edible/Hypsizygus_tessellatus/Hypsizygus_tessellatus10.png,3,Hypsizygus_tessellatus10,png,100,100,1.0,0.01,square,edible,Hypsizygus Tessellatus,8206860f2fdf9f1c
Classes/edible/Hypsizygus_tessellatus/Hypsizygus_tessellatus24.png,3,Hypsizygus_tessellatus24,png,259,194,1.3350515463917525,0.050246,landscape,edible,Hypsizygus Tessellatus,ed1a94e1d3828f6c
Classes/edible/Hypsizygus_tessellatus/Hypsizygus_tessellatus29.png,3,Hypsizygus_tessellatus29,png,225,225,1.0,0.050625,square,edible,Hypsizygus Tessellatus,a4d3cea6896c9939
Classes/edible/Hypsizygus_tessellatus/Hypsizygus_tessellatus11.png,3,Hypsizygus_tessellatus11,png,241,209,1.15311004784689,0.050369,landscape,edible,Hypsizygus Tessellatus,c0963fc9f6c476c0
Classes/edible/Hypsizygus_tessellatus/Hypsizygus_tessellatus20.png,3,Hypsizygus_tessellatus20,png,237,213,1.1126760563380282,0.050481,landscape,edible,Hypsizygus Tessellatus,82028e1f3fde9e1c
Classes/edible/Tuber_macrosporum/Tuber_macrosporum9.png,3,Tuber_macrosporum9,png,100,100,1.0,0.01,square,edible,Tuber Macrosporum,9f1d15b1e0ea4e94
Classes/edible/Tuber_macrosporum/Tuber_macrosporum5.png,3,Tuber_macrosporum5,png,100,100,1.0,0.01,square,edible,Tuber Macrosporum,cce8b33374fc4942
Classes/edible/Tuber_macrosporum/Tuber_macrosporum18.png,3,Tuber_macrosporum18,png,199,253,0.7865612648221344,0.050347,portrait,edible,Tuber Macrosporum,eab5954a98bd61d0
Classes/edible/Tuber_macrosporum/Tuber_macrosporum2.png,3,Tuber_macrosporum2,png,100,100,1.0,0.01,square,edible,Tuber Macrosporum,bbe4c01b36a45bc3
Classes/edible/Tuber_macrosporum/Tuber_macrosporum20.png,3,Tuber_macrosporum20,png,314,160,1.9625,0.05024,landscape,edible,Tuber Macrosporum,edc7923069c96c4e
Classes/edible/Tuber_macrosporum/Tuber_macrosporum29.png,3,Tuber_macrosporum29,png,291,173,1.682080924855491,0.050343,landscape,edible,Tuber Macrosporum,fcc09337f4184b1b
Classes/edible/Tuber_macrosporum/Tuber_macrosporum16.png,3,Tuber_macrosporum16,png,259,194,1.3350515463917525,0.050246,landscape,edible,Tuber Macrosporum,a9adf275f0034393
Classes/edible/Pleurotus ostreatus/24190medium.jpeg,3,24190medium,jpeg,500,375,1.3333333333333333,0.1875,landscape,edible,Pleurotus Ostreatus,8fddcbac66232a11
Classes/edible/Pleurotus ostreatus/24153medium.jpg,3,24153medium,jpg,375,500,0.75,0.1875,portrait,edible,Pleurotus Ostreatus,fffd3bc44801c036
Classes/edible/Pleurotus ostreatus/23928medium.jpeg,3,23928medium,jpeg,500,375,1.3333333333333333,0.1875,landscape,edible,Pleurotus Ostreatus,8a9c72c92c639bd6
Classes/edible/Pleurotus ostreatus/24306medium.jpg,3,24306medium,jpg,375,500,0.75,0.1875,portrait,edible,Pleurotus Ostreatus,add52d32daa130cd
Classes/edible/Pleurotus ostreatus/24374medium.jpg,3,24374medium,jpg,500,349,1.4326647564469914,0.1745,landscape,edible,Pleurotus Ostreatus,d39d3ce2c32f3830
Classes/edible/Pleurotus ostreatus/24367medium.jpeg,3,24367medium,jpeg,281,500,0.562,0.1405,portrait,edible,Pleurotus Ostreatus,ed5890e85b0f6b70
Classes/edible/Pleurotus ostreatus/24164medium.jpeg,3,24164medium,jpeg,500,375,1.3333333333333333,0.1875,landscape,edible,Pleurotus Ostreatus,c8332ffa7c80e4c6
Classes/edible/pestle_puffball/7.png,3,7,png,512,512,1.0,0.262144,square,edible,Pestle Puffball,cce6e41d3ac0e3b1
Classes/edible/pestle_puffball/2.png,3,2,png,512,512,1.0,0.262144,square,edible,Pestle Puffball,969fc9386941647e
Classes/edible/pestle_puffball/8.png,3,8,png,512,512,1.0,0.262144,square,edible,Pestle Puffball,9e416975613467f4
Classes/edible/pestle_puffball/1.png,3,1,png,512,512,1.0,0.262144,square,edible,Pestle Puffball,c9c8762172672776
Classes/edible/pestle_puffball/11.png,3,11,png,512,512,1.0,0.262144,square,edible,Pestle Puffball,97726ae2215725da
Classes/edible/pestle_puffball/5.png,3,5,png,512,512,1.0,0.262144,square,edible,Pestle Puffball,87c47b3f383cc838
Classes/edible/pestle_puffball/14.png,3,14,png,512,512,1.0,0.262144,square,edible,Pestle Puffball,c33c3de46d612dc1
Classes/edible/Apioperdon pyriforme/4538medium.jpg,3,4538medium,jpg,375,500,0.75,0.1875,portrait,edible,Apioperdon Pyriforme,c19e3862cdc8e5cd
Classes/edible/Apioperdon pyriforme/4846medium.jpg,3,4846medium,jpg,500,375,1.3333333333333333,0.1875,landscape,edible,Apioperdon Pyriforme,9b3474cbca399926
Classes/edible/Apioperdon pyriforme/4505medium.jpeg,3,4505medium,jpeg,500,281,1.7793594306049825,0.1405,landscape,edible,Apioperdon Pyriforme,cc9525615d4e6a7a
Classes/edible/Apioperdon pyriforme/5145medium.jpeg,3,5145medium,jpeg,500,333,1.5015015015015014,0.1665,landscape,edible,Apioperdon Pyriforme,84ae66171d836af3
Classes/edible/Apioperdon pyriforme/4755medium.jpeg,3,4755medium,jpeg,281,500,0.562,0.1405,portrait,edible,Apioperdon Pyriforme,86a93b66ef808d9c
Classes/edible/Apioperdon pyriforme/4867medium.jpg,3,4867medium,jpg,500,331,1.5105740181268883,0.1655,landscape,edible,Apioperdon Pyriforme,e0980677e3cd099f
Classes/edible/Apioperdon pyriforme/5112medium.jpeg,3,5112medium,jpeg,375,500,0.75,0.1875,portrait,edible,Apioperdon Pyriforme,9ad366789a0f692c
Classes/edible/poplar_fieldcap/7.png,3,7,png,512,512,1.0,0.262144,square,edible,Poplar Fieldcap,8cd8319b96b89bb2
Classes/edible/poplar_fieldcap/2.png,3,2,png,512,512,1.0,0.262144,square,edible,Poplar Fieldcap,db2d619a6619d866
Classes/edible/poplar_fieldcap/8.png,3,8,png,512,512,1.0,0.262144,square,edible,Poplar Fieldcap,d65b6924b3239e98
Classes/edible/poplar_fieldcap/1.png,3,1,png,512,512,1.0,0.262144,square,edible,Poplar Fieldcap,df82e46d2d908ab3
Classes/edible/poplar_fieldcap/11.png,3,11,png,512,512,1.0,0.262144,square,edible,Poplar Fieldcap,9823669cf8cc9367
Classes/edible/poplar_fieldcap/5.png,3,5,png,512,512,1.0,0.262144,square,edible,Poplar Fieldcap,af9ce33365946886
Classes/edible/poplar_fieldcap/14.png,3,14,png,512,512,1.0,0.262144,square,edible,Poplar Fieldcap,d0e32f3cd9cb8641
Classes/edible/wrinkled_peach/7.png,3,7,png,512,512,1.0,0.262144,square,edible,Wrinkled Peach,83a6623a67f9c6c4
Classes/edible/wrinkled_peach/2.png,3,2,png,512,512,1.0,0.262144,square,edible,Wrinkled Peach,cbdf38206237cd98
Classes/edible/wrinkled_peach/8.png,3,8,png,512,512,1.0,0.262144,square,edible,Wrinkled Peach,94c5ae2db199898f
Classes/edible/wrinkled_peach/1.png,3,1,png,512,512,1.0,0.262144,square,edible,Wrinkled Peach,85d06a3db1d19a8f
Classes/edible/wrinkled_peach/11.png,3,11,png,512,512,1.0,0.262144,square,edible,Wrinkled Peach,95c67a68692665ce
Classes/edible/wrinkled_peach/5.png,3,5,png,512,512,1.0,0.262144,square,edible,Wrinkled Peach,a7ab6e917062d389
Classes/edible/wrinkled_peach/14.png,3,14,png,512,512,1.0,0.262144,square,edible,Wrinkled Peach,c1373ecb918c3336
Classes/edible/clustered_domecap/1.png,3,1,png,512,512,1.0,0.262144,square,edible,Clustered Domecap,87f48986f067a19e
Classes/edible/clustered_domecap/3.png,3,3,png,512,512,1.0,0.262144,square,edible,Clustered Domecap,dbda1292cf09e9e0
Classes/edible/clustered_domecap/8.png,3,8,png,512,512,1.0,0.262144,square,edible,Clustered Domecap,8fd150a47f8e8996
Classes/edible/clustered_domecap/2.png,3,2,png,512,512,1.0,0.262144,square,edible,Clustered Domecap,956c48ac68da69de
Classes/edible/clustered_domecap/5.png,3,5,png,512,512,1.0,0.262144,square,edible,Clustered Domecap,c763588fb8b561b0
Classes/edible/clustered_domecap/11.png,3,11,png,512,512,1.0,0.262144,square,edible,Clustered Domecap,d99375cc2e696261
Classes/edible/clustered_domecap/9.png,3,9,png,512,512,1.0,0.262144,square,edible,Clustered Domecap,91a86ef7ab2e3441
Classes/edible/lilac_bonnet/7.png,3,7,png,512,512,1.0,0.262144,square,edible,Lilac Bonnet,97c369b8a53412bb
Classes/edible/lilac_bonnet/2.png,3,2,png,512,512,1.0,0.262144,square,edible,Lilac Bonnet,8d9372b797246456
Classes/edible/lilac_bonnet/8.png,3,8,png,512,512,1.0,0.262144,square,edible,Lilac Bonnet,ced8386561e76706
Classes/edible/lilac_bonnet/1.png,3,1,png,512,512,1.0,0.262144,square,edible,Lilac Bonnet,93c76c7c78989295
Classes/edible/lilac_bonnet/11.png,3,11,png,512,512,1.0,0.262144,square,edible,Lilac Bonnet,989b6121e7c6be98
Classes/edible/lilac_bonnet/5.png,3,5,png,512,512,1.0,0.262144,square,edible,Lilac Bonnet,8fd87166465958ab
Classes/edible/lilac_bonnet/14.png,3,14,png,512,512,1.0,0.262144,square,edible,Lilac Bonnet,95d0639783dad2d2
Classes/edible/chanterelle/7.png,3,7,png,512,512,1.0,0.262144,square,edible,Chanterelle,c5b1334b4a6ee4e4
Classes/edible/chanterelle/2.png,3,2,png,512,512,1.0,0.262144,square,edible,Chanterelle,c985929d6c7f2075
Classes/edible/chanterelle/8.png,3,8,png,512,512,1.0,0.262144,square,edible,Chanterelle,94e0629e2df8371e
Classes/edible/chanterelle/1.png,3,1,png,512,512,1.0,0.262144,square,edible,Chanterelle,d1b11e4a5d9f2466
Classes/edible/chanterelle/11.png,3,11,png,512,512,1.0,0.262144,square,edible,Chanterelle,cbb01c4771ec6393
Classes/edible/chanterelle/5.png,3,5,png,512,512,1.0,0.262144,square,edible,Chanterelle,8e93b3ec29393833
Classes/edible/chanterelle/14.png,3,14,png,512,512,1.0,0.262144,square,edible,Chanterelle,9e87053c3e3ad2c5
Classes/edible/slippery_jack/7.png,3,7,png,512,512,1.0,0.262144,square,edible,Slippery Jack,bec9893e19e16b88
Classes/edible/slippery_jack/2.png,3,2,png,512,512,1.0,0.262144,square,edible,Slippery Jack,c1362af523d82adb
Classes/edible/slippery_jack/8.png,3,8,png,512,512,1.0,0.262144,square,edible,Slippery Jack,9c626c8fcf2435d4
Classes/edible/slippery_jack/1.png,3,1,png,512,512,1.0,0.262144,square,edible,Slippery Jack,94e36f2d34b6a198
Classes/edible/slippery_jack/11.png,3,11,png,512,512,1.0,0.262144,square,edible,Slippery Jack,ee9a6c749887c3d0
Classes/edible/slippery_jack/5.png,3,5,png,512,512,1.0,0.262144,square,edible,Slippery Jack,a6984a21d5f3f0c7
Classes/edible/slippery_jack/14.png,3,14,png,512,512,1.0,0.262144,square,edible,Slippery Jack,8996636c647c36b3
Classes/edible/Hericium_erinaceus/Hericium_erinaceus70.png,3,Hericium_erinaceus70,png,225,225,1.0,0.050625,square,edible,Hericium Erinaceus,80d03f5f3e7a3268
Classes/edible/Hericium_erinaceus/Hericium_erinaceus81.png,3,Hericium_erinaceus81,png,225,225,1.0,0.050625,square,edible,Hericium Erinaceus,848f35111cee7bf0
Classes/edible/Hericium_erinaceus/Hericium_erinaceus86.png,3,Hericium_erinaceus86,png,252,200,1.26,0.0504,landscape,edible,Hericium Erinaceus,ea98904997b77a1a
Classes/edible/Hericium_erinaceus/Hericium_erinaceus0.png,3,Hericium_erinaceus0,png,100,100,1.0,0.01,square,edible,Hericium Erinaceus,db5331b9390c9d0e
Classes/edible/Hericium_erinaceus/Hericium_erinaceus74.png,3,Hericium_erinaceus74,png,194,259,0.749034749034749,0.050246,portrait,edible,Hericium Erinaceus,f0e42f90b76464b3
Classes/edible/Hericium_erinaceus/Hericium_erinaceus21.png,3,Hericium_erinaceus21,png,100,100,1.0,0.01,square,edible,Hericium Erinaceus,e99eb24981b25f16
Classes/edible/Hericium_erinaceus/Hericium_erinaceus85.png,3,Hericium_erinaceus85,png,275,183,1.5027322404371584,0.050325,landscape,edible,Hericium Erinaceus,8eda337253c58c1d
Classes/edible/snowy_waxcap/7.png,3,7,png,512,512,1.0,0.262144,square,edible,Snowy Waxcap,9a9e69616734ce92
Classes/edible/snowy_waxcap/2.png,3,2,png,512,512,1.0,0.262144,square,edible,Snowy Waxcap,9a99616d7676a407
Classes/edible/snowy_waxcap/8.png,3,8,png,512,512,1.0,0.262144,square,edible,Snowy Waxcap,9d86e6696969189e
Classes/edible/snowy_waxcap/1.png,3,1,png,512,512,1.0,0.262144,square,edible,Snowy Waxcap,91e4607a5a7e2637
Classes/edible/snowy_waxcap/11.png,3,11,png,512,512,1.0,0.262144,square,edible,Snowy Waxcap,99d2666c6d697232
Classes/edible/snowy_waxcap/5.png,3,5,png,512,512,1.0,0.262144,square,edible,Snowy Waxcap,9cd6697939613171
Classes/edible/snowy_waxcap/14.png,3,14,png,512,512,1.0,0.262144,square,edible,Snowy Waxcap,989927646d64d3b6
Classes/edible/Coprinus comatus/9261medium.jpeg,3,9261medium,jpeg,375,500,0.75,0.1875,portrait,edible,Coprinus Comatus,ecc219709be70eca
Classes/edible/Coprinus comatus/9310medium.jpeg,3,9310medium,jpeg,333,500,0.666,0.1665,portrait,edible,Coprinus Comatus,ce16314d463a73ec
Classes/edible/Coprinus comatus/9869medium.jpeg,3,9869medium,jpeg,500,500,1.0,0.25,square,edible,Coprinus Comatus,a48b933066e7ccb3
Classes/edible/Coprinus comatus/9565medium.jpeg,3,9565medium,jpeg,375,500,0.75,0.1875,portrait,edible,Coprinus Comatus,9892726dad6456ce
Classes/edible/Coprinus comatus/9286medium.jpeg,3,9286medium,jpeg,375,500,0.75,0.1875,portrait,edible,Coprinus Comatus,8bcb70309e876d3c
Classes/edible/Coprinus comatus/9226medium.jpeg,3,9226medium,jpeg,500,360,1.3888888888888888,0.18,landscape,edible,Coprinus Comatus,cee83029c34bcd3e
Classes/edible/Coprinus comatus/10135medium.jpg,3,10135medium,jpg,333,500,0.666,0.1665,portrait,edible,Coprinus Comatus,ad2d3378638c9167
Classes/edible/aniseed_funnel/7.png,3,7,png,512,512,1.0,0.262144,square,edible,Aniseed Funnel,ce833479c2f168ea
Classes/edible/aniseed_funnel/2.png,3,2,png,512,512,1.0,0.262144,square,edible,Aniseed Funnel,8fcd382531a6e39a
Classes/edible/aniseed_funnel/8.png,3,8,png,512,512,1.0,0.262144,square,edible,Aniseed Funnel,cf3166c318cc27a7
Classes/edible/aniseed_funnel/1.png,3,1,png,512,512,1.0,0.262144,square,edible,Aniseed Funnel,b7874939e267281e
Classes/edible/aniseed_funnel/11.png,3,11,png,512,512,1.0,0.262144,square,edible,Aniseed Funnel,d3867d03749645e5
Classes/edible/aniseed_funnel/5.png,3,5,png,512,512,1.0,0.262144,square,edible,Aniseed Funnel,9c9c676598960e6d
Classes/edible/aniseed_funnel/14.png,3,14,png,512,512,1.0,0.262144,square,edible,Aniseed Funnel,97937229f18cce64
Classes/edible/st_georges_mushroom/7.png,3,7,png,512,512,1.0,0.262144,square,edible,St Georges Mushroom,94cb6a3925a4b796
Classes/edible/st_georges_mushroom/2.png,3,2,png,512,512,1.0,0.262144,square,edible,St Georges Mushroom,9ade6d61b2a55286
Classes/edible/st_georges_mushroom/8.png,3,8,png,512,512,1.0,0.262144,square,edible,St Georges Mushroom,8e846133335e87dd
Classes/edible/st_georges_mushroom/1.png,3,1,png,512,512,1.0,0.262144,square,edible,St Georges Mushroom,96936964c643ee4e
Classes/edible/st_georges_mushroom/11.png,3,11,png,512,512,1.0,0.262144,square,edible,St Georges Mushroom,d1ea322d6e3dc494
Classes/edible/st_georges_mushroom/5.png,3,5,png,512,512,1.0,0.262144,square,edible,St Georges Mushroom,89877c5baa2c33c5
Classes/edible/st_georges_mushroom/14.png,3,14,png,512,512,1.0,0.262144,square,edible,St Georges Mushroom,9cce65723230736b
Classes/edible/honey_fungus/7.png,3,7,png,512,512,1.0,0.262144,square,edible,Honey Fungus,8a9a2ba9bcf3041f
Classes/edible/honey_fungus/2.png,3,2,png,512,512,1.0,0.262144,square,edible,Honey Fungus,d29c49d54ccb6d61
Classes/edible/honey_fungus/8.png,3,8,png,512,512,1.0,0.262144,square,edible,Honey Fungus,80834bbc29eb7a4f
Classes/edible/honey_fungus/1.png,3,1,png,512,512,1.0,0.262144,square,edible,Honey Fungus,ccd3968c713d3364
Classes/edible/honey_fungus/11.png,3,11,png,512,512,1.0,0.262144,square,edible,Honey Fungus,928b346b4f3c3276
Classes/edible/honey_fungus/5.png,3,5,png,512,512,1.0,0.262144,square,edible,Honey Fungus,c3b2b89ca37b4073
Classes/edible/honey_fungus/14.png,3,14,png,512,512,1.0,0.262144,square,edible,Honey Fungus,893642fb1d43d3c9
Classes/edible/Tricholoma_terreum/Tricholoma_terreum12.png,3,Tricholoma_terreum12,png,283,178,1.5898876404494382,0.050374,landscape,edible,Tricholoma Terreum,a5f27a0bc43933c6
Classes/edible/Tricholoma_terreum/Tricholoma_terreum5.png,3,Tricholoma_terreum5,png,100,100,1.0,0.01,square,edible,Tricholoma Terreum,a4c759c6b66985b8
Classes/edible/Tricholoma_terreum/Tricholoma_terreum10.png,3,Tricholoma_terreum10,png,244,207,1.178743961352657,0.050508,landscape,edible,Tricholoma Terreum,9ca47b5bac348395
Classes/edible/Tricholoma_terreum/Tricholoma_terreum3.png,3,Tricholoma_terreum3,png,100,100,1.0,0.01,square,edible,Tricholoma Terreum,8c8c25947de317b6
Classes/edible/Tricholoma_terreum/Tricholoma_terreum9.png,3,Tricholoma_terreum9,png,275,183,1.5027322404371584,0.050325,landscape,edible,Tricholoma Terreum,82e16d3f98bc6b18
Classes/edible/Tricholoma_terreum/Tricholoma_terreum23.png,3,Tricholoma_terreum23,png,250,202,1.2376237623762376,0.0505,landscape,edible,Tricholoma Terreum,9ac26b9ed65b8131
Classes/edible/Tricholoma_terreum/Tricholoma_terreum19.png,3,Tricholoma_terreum19,png,259,194,1.3350515463917525,0.050246,landscape,edible,Tricholoma Terreum,9f96366922cc616e
Classes/edible/Lactarius_salmonicolor/Lactarius_salmonicolor28.png,3,Lactarius_salmonicolor28,png,275,183,1.5027322404371584,0.050325,landscape,edible,Lactarius Salmonicolor,c78e6e6390c36963
Classes/edible/Lactarius_salmonicolor/Lactarius_salmonicolor10.png,3,Lactarius_salmonicolor10,png,100,100,1.0,0.01,square,edible,Lactarius Salmonicolor,bbe0ccc69ec2601f
Classes/edible/Lactarius_salmonicolor/Lactarius_salmonicolor17.png,3,Lactarius_salmonicolor17,png,300,168,1.7857142857142858,0.0504,landscape,edible,Lactarius Salmonicolor,d1c21c1b63393bc7
Classes/edible/Lactarius_salmonicolor/Lactarius_salmonicolor6.png,3,Lactarius_salmonicolor6,png,259,194,1.3350515463917525,0.050246,landscape,edible,Lactarius Salmonicolor,c77f9b1065e2bc80
Classes/edible/Lactarius_salmonicolor/Lactarius_salmonicolor27.png,3,Lactarius_salmonicolor27,png,275,183,1.5027322404371584,0.050325,landscape,edible,Lactarius Salmonicolor,919912d265293b7f
Classes/edible/Lactarius_salmonicolor/Lactarius_salmonicolor33.png,3,Lactarius_salmonicolor33,png,259,194,1.3350515463917525,0.050246,landscape,edible,Lactarius Salmonicolor,deed21941737d980
Classes/edible/Lactarius_salmonicolor/Lactarius_salmonicolor14.png,3,Lactarius_salmonicolor14,png,275,183,1.5027322404371584,0.050325,landscape,edible,Lactarius Salmonicolor,d1302ee7981ee729
Classes/edible/the_prince/7.png,3,7,png,512,512,1.0,0.262144,square,edible,The Prince,925a4b6d69046df3
Classes/edible/the_prince/2.png,3,2,png,512,512,1.0,0.262144,square,edible,The Prince,c1e13ff4b416d268
Classes/edible/the_prince/8.png,3,8,png,512,512,1.0,0.262144,square,edible,The Prince,c16a1fa57cb431e2
Classes/edible/the_prince/1.png,3,1,png,512,512,1.0,0.262144,square,edible,The Prince,cbcf20393433658f
Classes/edible/the_prince/11.png,3,11,png,512,512,1.0,0.262144,square,edible,The Prince,f6bc2b6358531313
Classes/edible/the_prince/5.png,3,5,png,512,512,1.0,0.262144,square,edible,The Prince,94cd66b76b902c66
Classes/edible/the_prince/14.png,3,14,png,512,512,1.0,0.262144,square,edible,The Prince,a19e4e6af19558f0
Classes/edible/the_blusher/7.png,3,7,png,512,512,1.0,0.262144,square,edible,The Blusher,978648b3b45dce86
Classes/edible/the_blusher/2.png,3,2,png,512,512,1.0,0.262144,square,edible,The Blusher,9986fb983859e323
Classes/edible/the_blusher/8.png,3,8,png,512,512,1.0,0.262144,square,edible,The Blusher,9091353d7f6a6ac2
Classes/edible/the_blusher/1.png,3,1,png,512,512,1.0,0.262144,square,edible,The Blusher,c1c68bb1703d2fd1
Classes/edible/the_blusher/11.png,3,11,png,512,512,1.0,0.262144,square,edible,The Blusher,81f77a1ee0689e25
Classes/edible/the_blusher/5.png,3,5,png,512,512,1.0,0.262144,square,edible,The Blusher,9bd4653964b6b324
Classes/edible/the_blusher/14.png,3,14,png,512,512,1.0,0.262144,square,edible,The Blusher,c5e55ad7684a694a
Classes/edible/purple_brittlegill/7.png,3,7,png,512,512,1.0,0.262144,square,edible,Purple Brittlegill,9da612d86726a1ee
Classes/edible/purple_brittlegill/2.png,3,2,png,512,512,1.0,0.262144,square,edible,Purple Brittlegill,9ae52150c6d64afd
Classes/edible/purple_brittlegill/8.png,3,8,png,512,512,1.0,0.262144,square,edible,Purple Brittlegill,99663a8d5a2157ea
Classes/edible/purple_brittlegill/1.png,3,1,png,512,512,1.0,0.262144,square,edible,Purple Brittlegill,cc23a89e72cd5c56
Classes/edible/purple_brittlegill/11.png,3,11,png,512,512,1.0,0.262144,square,edible,Purple Brittlegill,a7c996a95aec0f84
Classes/edible/purple_brittlegill/5.png,3,5,png,512,512,1.0,0.262144,square,edible,Purple Brittlegill,8cff7a4a86088e9e
Classes/edible/purple_brittlegill/14.png,3,14,png,512,512,1.0,0.262144,square,edible,Purple Brittlegill,d9c666d66a696129
Classes/edible/bay_bolete/7.png,3,7,png,512,512,1.0,0.262144,square,edible,Bay Bolete,bb879c4a25675358
Classes/edible/bay_bolete/2.png,3,2,png,512,512,1.0,0.262144,square,edible,Bay Bolete,c6b60fdbb2a600cd
Classes/edible/bay_bolete/8.png,3,8,png,512,512,1.0,0.262144,square,edible,Bay Bolete,9b863c39634d272e
Classes/edible/bay_bolete/1.png,3,1,png,512,512,1.0,0.262144,square,edible,Bay Bolete,84a9331ecbe19c3b
Classes/edible/bay_bolete/11.png,3,11,png,512,512,1.0,0.262144,square,edible,Bay Bolete,fcdc3020c74dcd6c
Classes/edible/bay_bolete/5.png,3,5,png,512,512,1.0,0.262144,square,edible,Bay Bolete,f11c58ba37612637
Classes/edible/bay_bolete/14.png,3,14,png,512,512,1.0,0.262144,square,edible,Bay Bolete,c4f0b3ecb907b08e
Classes/edible/lions_mane/7.png,3,7,png,512,512,1.0,0.262144,square,edible,Lions Mane,854a6fb474b432b6
Classes/edible/lions_mane/2.png,3,2,png,512,512,1.0,0.262144,square,edible,Lions Mane,90061f7a7860e3ef
Classes/edible/lions_mane/8.png,3,8,png,512,512,1.0,0.262144,square,edible,Lions Mane,cb17121b7a727263
Classes/edible/lions_mane/1.png,3,1,png,512,512,1.0,0.262144,square,edible,Lions Mane,cb903c2971656737
Classes/edible/lions_mane/11.png,3,11,png,512,512,1.0,0.262144,square,edible,Lions Mane,c1d4ffeff8c88080
Classes/edible/lions_mane/5.png,3,5,png,512,512,1.0,0.262144,square,edible,Lions Mane,c39c3e91f1456726
Classes/edible/lions_mane/14.png,3,14,png,512,512,1.0,0.262144,square,edible,Lions Mane,d59c3a6063636f46
Classes/edible/Stropharia_rugosoannulata/Stropharia_rugosoannulata28.png,3,Stropharia_rugosoannulata28,png,277,182,1.521978021978022,0.050414,landscape,edible,Stropharia Rugosoannulata,823568c237df69e8
Classes/edible/Stropharia_rugosoannulata/Stropharia_rugosoannulata1.png,3,Stropharia_rugosoannulata1,png,100,100,1.0,0.01,square,edible,Stropharia Rugosoannulata,da424e0a65ebb527
Classes/edible/Stropharia_rugosoannulata/Stropharia_rugosoannulata11.png,3,Stropharia_rugosoannulata11,png,100,100,1.0,0.01,square,edible,Stropharia Rugosoannulata,96e575170e98b564
Classes/edible/Stropharia_rugosoannulata/Stropharia_rugosoannulata2.png,3,Stropharia_rugosoannulata2,png,100,100,1.0,0.01,square,edible,Stropharia Rugosoannulata,ee90c14e37318cf5
Classes/edible/Stropharia_rugosoannulata/Stropharia_rugosoannulata24.png,3,Stropharia_rugosoannulata24,png,259,194,1.3350515463917525,0.050246,landscape,edible,Stropharia Rugosoannulata,ca7c3567c91e06e1
Classes/edible/Stropharia_rugosoannulata/Stropharia_rugosoannulata20.png,3,Stropharia_rugosoannulata20,png,299,168,1.7797619047619049,0.050232,landscape,edible,Stropharia Rugosoannulata,bdfa6e6d5850e204
Classes/edible/Stropharia_rugosoannulata/Stropharia_rugosoannulata16.png,3,Stropharia_rugosoannulata16,png,225,225,1.0,0.050625,square,edible,Stropharia Rugosoannulata,99e289d3263d41cf
Classes/edible/golden_bootleg/1.png,3,1,png,512,512,1.0,0.262144,square,edible,Golden Bootleg,98e69bcf583c2968
Classes/edible/golden_bootleg/9.png,3,9,png,512,512,1.0,0.262144,square,edible,Golden Bootleg,95c6681f96e5918e
Classes/edible/golden_bootleg/6.png,3,6,png,512,512,1.0,0.262144,square,edible,Golden Bootleg,9de668616527d694
Classes/edible/golden_bootleg/8.png,3,8,png,512,512,1.0,0.262144,square,edible,Golden Bootleg,d3a46d9ae43d1ae0
Classes/edible/golden_bootleg/3.png,3,3,png,512,512,1.0,0.262144,square,edible,Golden Bootleg,cdc94a2234de7b23
Classes/edible/golden_bootleg/4.png,3,4,png,512,512,1.0,0.262144,square,edible,Golden Bootleg,cf497c8ab8506fb0
Classes/edible/golden_bootleg/0.png,3,0,png,512,512,1.0,0.262144,square,edible,Golden Bootleg,c4c36d6e33b53470
Classes/edible/chicken_of_the_woods/7.png,3,7,png,512,512,1.0,0.262144,square,edible,Chicken Of The Woods,93b865cc9ce35c51
Classes/edible/chicken_of_the_woods/2.png,3,2,png,512,512,1.0,0.262144,square,edible,Chicken Of The Woods,9e6381b0b625eb4d
Classes/edible/chicken_of_the_woods/8.png,3,8,png,512,512,1.0,0.262144,square,edible,Chicken Of The Woods,dffcd50662d2ac40
Classes/edible/chicken_of_the_woods/1.png,3,1,png,512,512,1.0,0.262144,square,edible,Chicken Of The Woods,d26d8a175a3a259e
Classes/edible/chicken_of_the_woods/11.png,3,11,png,512,512,1.0,0.262144,square,edible,Chicken Of The Woods,b9846a3b2553dae4
Classes/edible/chicken_of_the_woods/5.png,3,5,png,512,512,1.0,0.262144,square,edible,Chicken Of The Woods,93e63b25633236cc
Classes/edible/chicken_of_the_woods/14.png,3,14,png,512,512,1.0,0.262144,square,edible,Chicken Of The Woods,922d67c2698d3597
Classes/edible/Clavariaceae/Clavariaceae25.png,3,Clavariaceae25,png,274,184,1.4891304347826086,0.050416,landscape,edible,Clavariaceae,cc98717133b67847
Classes/edible/Clavariaceae/Clavariaceae1.png,3,Clavariaceae1,png,100,100,1.0,0.01,square,edible,Clavariaceae,dc13a52ea967c255
Classes/edible/Clavariaceae/Clavariaceae20.png,3,Clavariaceae20,png,194,260,0.7461538461538462,0.05044,portrait,edible,Clavariaceae,854f6ea93297721a
Classes/edible/Clavariaceae/Clavariaceae2.png,3,Clavariaceae2,png,100,100,1.0,0.01,square,edible,Clavariaceae,cdd0343f2e0bc34b
Classes/edible/Clavariaceae/Clavariaceae12.png,3,Clavariaceae12,png,275,183,1.5027322404371584,0.050325,landscape,edible,Clavariaceae,865a68e565e7b01b
Classes/edible/Clavariaceae/Clavariaceae13.png,3,Clavariaceae13,png,194,259,0.749034749034749,0.050246,portrait,edible,Clavariaceae,9b8b7127668ec5c8
Classes/edible/Clavariaceae/Clavariaceae27.png,3,Clavariaceae27,png,190,266,0.7142857142857143,0.05054,portrait,edible,Clavariaceae,c5c212933da55f3c
Classes/edible/Agaricus_arvensis/Agaricus_arvensis18.png,3,Agaricus_arvensis18,png,100,100,1.0,0.01,square,edible,Agaricus Arvensis,8db6504fa9b4d38c
Classes/edible/Agaricus_arvensis/Agaricus_arvensis3.png,3,Agaricus_arvensis3,png,100,100,1.0,0.01,square,edible,Agaricus Arvensis,d9f2261823f4f265
Classes/edible/Agaricus_arvensis/Agaricus_arvensis30.png,3,Agaricus_arvensis30,png,268,188,1.425531914893617,0.050384,landscape,edible,Agaricus Arvensis,c75a79b1c2c62de0
Classes/edible/Agaricus_arvensis/Agaricus_arvensis33.png,3,Agaricus_arvensis33,png,259,194,1.3350515463917525,0.050246,landscape,edible,Agaricus Arvensis,c58d2f703217c9ad
Classes/edible/Agaricus_arvensis/Agaricus_arvensis9.png,3,Agaricus_arvensis9,png,100,100,1.0,0.01,square,edible,Agaricus Arvensis,c8c22b2df7b43e22
Classes/edible/Agaricus_arvensis/Agaricus_arvensis31.png,3,Agaricus_arvensis31,png,275,183,1.5027322404371584,0.050325,landscape,edible,Agaricus Arvensis,92f37819cd886de8
Classes/edible/Agaricus_arvensis/Agaricus_arvensis40.png,3,Agaricus_arvensis40,png,300,168,1.7857142857142858,0.0504,landscape,edible,Agaricus Arvensis,83c3693c3c3e7570
Classes/edible/almond_mushroom/1.png,3,1,png,512,512,1.0,0.262144,square,edible,Almond Mushroom,ceb268c89a8c79b9
Classes/edible/almond_mushroom/3.png,3,3,png,512,512,1.0,0.262144,square,edible,Almond Mushroom,c4c7df9c38512746
Classes/edible/almond_mushroom/8.png,3,8,png,512,512,1.0,0.262144,square,edible,Almond Mushroom,cee47099c2244e7f
Classes/edible/almond_mushroom/2.png,3,2,png,512,512,1.0,0.262144,square,edible,Almond Mushroom,9f976c2827b023a7
Classes/edible/almond_mushroom/5.png,3,5,png,512,512,1.0,0.262144,square,edible,Almond Mushroom,9b98fc9267616163
Classes/edible/almond_mushroom/11.png,3,11,png,512,512,1.0,0.262144,square,edible,Almond Mushroom,c8c21a871ece4d7e
Classes/edible/almond_mushroom/9.png,3,9,png,512,512,1.0,0.262144,square,edible,Almond Mushroom,8c0d7316747e36f0
Classes/edible/tawny_grisette/7.png,3,7,png,512,512,1.0,0.262144,square,edible,Tawny Grisette,8b887b74d2729dd0
Classes/edible/tawny_grisette/2.png,3,2,png,512,512,1.0,0.262144,square,edible,Tawny Grisette,85def0d92d716303
Classes/edible/tawny_grisette/8.png,3,8,png,512,512,1.0,0.262144,square,edible,Tawny Grisette,99c3639c72a9631b
Classes/edible/tawny_grisette/3.png,3,3,png,512,512,1.0,0.262144,square,edible,Tawny Grisette,b9cb0c9993666666
Classes/edible/tawny_grisette/11.png,3,11,png,512,512,1.0,0.262144,square,edible,Tawny Grisette,88d9f67c3682938e
Classes/edible/tawny_grisette/5.png,3,5,png,512,512,1.0,0.262144,square,edible,Tawny Grisette,c8865859989976f7
Classes/edible/tawny_grisette/14.png,3,14,png,512,512,1.0,0.262144,square,edible,Tawny Grisette,d9d6b69820016f3f
Classes/edible/meadow_waxcap/7.png,3,7,png,512,512,1.0,0.262144,square,edible,Meadow Waxcap,9e88713032d39fce
Classes/edible/meadow_waxcap/2.png,3,2,png,512,512,1.0,0.262144,square,edible,Meadow Waxcap,c73c638ef8296625
Classes/edible/meadow_waxcap/8.png,3,8,png,512,512,1.0,0.262144,square,edible,Meadow Waxcap,91a51b663a6a7879
Classes/edible/meadow_waxcap/1.png,3,1,png,512,512,1.0,0.262144,square,edible,Meadow Waxcap,9f957c696282a725
Classes/edible/meadow_waxcap/11.png,3,11,png,512,512,1.0,0.262144,square,edible,Meadow Waxcap,d9c6336d6411369b
Classes/edible/meadow_waxcap/5.png,3,5,png,512,512,1.0,0.262144,square,edible,Meadow Waxcap,9db56668d28c89b6
Classes/edible/meadow_waxcap/14.png,3,14,png,512,512,1.0,0.262144,square,edible,Meadow Waxcap,c7df6d84343a9069
Classes/edible/Cyttaria_espinosae/Cyttaria_espinosae6.png,3,Cyttaria_espinosae6,png,100,100,1.0,0.01,square,edible,Cyttaria Espinosae,f40bf465821fc96a
Classes/edible/Cyttaria_espinosae/Cyttaria_espinosae12.png,3,Cyttaria_espinosae12,png,249,202,1.2326732673267329,0.050298,landscape,edible,Cyttaria Espinosae,96c66bd927698d22
Classes/edible/Cyttaria_espinosae/Cyttaria_espinosae1.png,3,Cyttaria_espinosae1,png,100,100,1.0,0.01,square,edible,Cyttaria Espinosae,d49c6bc36986b436
Classes/edible/Cyttaria_espinosae/Cyttaria_espinosae11.png,3,Cyttaria_espinosae11,png,100,100,1.0,0.01,square,edible,Cyttaria Espinosae,908d5a69357e63d4
Classes/edible/Cyttaria_espinosae/Cyttaria_espinosae30.png,3,Cyttaria_espinosae30,png,259,194,1.3350515463917525,0.050246,landscape,edible,Cyttaria Espinosae,928e6c3636476637
Classes/edible/Cyttaria_espinosae/Cyttaria_espinosae24.png,3,Cyttaria_espinosae24,png,259,194,1.3350515463917525,0.050246,landscape,edible,Cyttaria Espinosae,c8377e21c7c4e664
Classes/edible/Cyttaria_espinosae/Cyttaria_espinosae4.png,3,Cyttaria_espinosae4,png,100,100,1.0,0.01,square,edible,Cyttaria Espinosae,c56435b5310fb4e9
Classes/edible/fairy_ring_champignons/7.png,3,7,png,512,512,1.0,0.262144,square,edible,Fairy Ring Champignons,92936be48d396647
Classes/edible/fairy_ring_champignons/2.png,3,2,png,512,512,1.0,0.262144,square,edible,Fairy Ring Champignons,d09fc8613ff0874c
Classes/edible/fairy_ring_champignons/8.png,3,8,png,512,512,1.0,0.262144,square,edible,Fairy Ring Champignons,899e7461cf933272
Classes/edible/fairy_ring_champignons/1.png,3,1,png,512,512,1.0,0.262144,square,edible,Fairy Ring Champignons,c9471ef830245a7f
Classes/edible/fairy_ring_champignons/11.png,3,11,png,512,512,1.0,0.262144,square,edible,Fairy Ring Champignons,c6693eb4304e678d
Classes/edible/fairy_ring_champignons/5.png,3,5,png,512,512,1.0,0.262144,square,edible,Fairy Ring Champignons,81dc3c61e1765eb8
Classes/edible/fairy_ring_champignons/14.png,3,14,png,512,512,1.0,0.262144,square,edible,Fairy Ring Champignons,bdb6b142c24fd129
Classes/edible/beechwood_sickener/7.png,3,7,png,512,512,1.0,0.262144,square,edible,Beechwood Sickener,8cb331ce66c99ba4
Classes/edible/beechwood_sickener/2.png,3,2,png,512,512,1.0,0.262144,square,edible,Beechwood Sickener,ccf3346ce39c310b
Classes/edible/beechwood_sickener/8.png,3,8,png,512,512,1.0,0.262144,square,edible,Beechwood Sickener,84e44bc13ddb318f
Classes/edible/beechwood_sickener/1.png,3,1,png,512,512,1.0,0.262144,square,edible,Beechwood Sickener,d9c666591e2d3323
Classes/edible/beechwood_sickener/11.png,3,11,png,512,512,1.0,0.262144,square,edible,Beechwood Sickener,859c4a722d6a7cad
Classes/edible/beechwood_sickener/5.png,3,5,png,512,512,1.0,0.262144,square,edible,Beechwood Sickener,9dcaa9386b33e432
Classes/edible/beechwood_sickener/14.png,3,14,png,512,512,1.0,0.262144,square,edible,Beechwood Sickener,a2c33d2ce17782d6
Classes/edible/spectacular_rustgill/7.png,3,7,png,512,512,1.0,0.262144,square,edible,Spectacular Rustgill,df80708f9d5849f1
Classes/edible/spectacular_rustgill/2.png,3,2,png,512,512,1.0,0.262144,square,edible,Spectacular Rustgill,cae1875a7a682557
Classes/edible/spectacular_rustgill/8.png,3,8,png,512,512,1.0,0.262144,square,edible,Spectacular Rustgill,cc338e3d3c722327
Classes/edible/spectacular_rustgill/1.png,3,1,png,512,512,1.0,0.262144,square,edible,Spectacular Rustgill,d5042a2f2f7c356c
Classes/edible/spectacular_rustgill/11.png,3,11,png,512,512,1.0,0.262144,square,edible,Spectacular Rustgill,babc81c355794ad8
Classes/edible/spectacular_rustgill/5.png,3,5,png,512,512,1.0,0.262144,square,edible,Spectacular Rustgill,9a4b2925bd3ec21b
Classes/edible/spectacular_rustgill/14.png,3,14,png,512,512,1.0,0.262144,square,edible,Spectacular Rustgill,c53a7fa8067e085d
Classes/edible/red_cracking_bolete/7.png,3,7,png,512,512,1.0,0.262144,square,edible,Red Cracking Bolete,94947ac2602fd78f
Classes/edible/red_cracking_bolete/2.png,3,2,png,512,512,1.0,0.262144,square,edible,Red Cracking Bolete,89869ed939ac3167
Classes/edible/red_cracking_bolete/8.png,3,8,png,512,512,1.0,0.262144,square,edible,Red Cracking Bolete,9996ca07ab797e02
Classes/edible/red_cracking_bolete/1.png,3,1,png,512,512,1.0,0.262144,square,edible,Red Cracking Bolete,c11c7a7169e325d3
Classes/edible/red_cracking_bolete/11.png,3,11,png,512,512,1.0,0.262144,square,edible,Red Cracking Bolete,89867924c6d9a67b
Classes/edible/red_cracking_bolete/5.png,3,5,png,512,512,1.0,0.262144,square,edible,Red Cracking Bolete,8ce6239c2971b7c9
Classes/edible/red_cracking_bolete/14.png,3,14,png,512,512,1.0,0.262144,square,edible,Red Cracking Bolete,8edb973c29294723
Classes/edible/Kalaharituber_pfeilii/Kalaharituber_pfeilii19.png,3,Kalaharituber_pfeilii19,png,247,204,1.21078431372549,0.050388,landscape,edible,Kalaharituber Pfeilii,809c1fd296656b97
Classes/edible/Kalaharituber_pfeilii/Kalaharituber_pfeilii8.png,3,Kalaharituber_pfeilii8,png,100,100,1.0,0.01,square,edible,Kalaharituber Pfeilii,b1968de886c37ca6
Classes/edible/Kalaharituber_pfeilii/Kalaharituber_pfeilii22.png,3,Kalaharituber_pfeilii22,png,195,259,0.752895752895753,0.050505,portrait,edible,Kalaharituber Pfeilii,eba5b51794728a68
Classes/edible/Kalaharituber_pfeilii/Kalaharituber_pfeilii10.png,3,Kalaharituber_pfeilii10,png,100,100,1.0,0.01,square,edible,Kalaharituber Pfeilii,948bc8f243fcc758
Classes/edible/Kalaharituber_pfeilii/Kalaharituber_pfeilii7.png,3,Kalaharituber_pfeilii7,png,100,100,1.0,0.01,square,edible,Kalaharituber Pfeilii,eb69e0cdc47aa505
Classes/edible/Kalaharituber_pfeilii/Kalaharituber_pfeilii27.png,3,Kalaharituber_pfeilii27,png,259,194,1.3350515463917525,0.050246,landscape,edible,Kalaharituber Pfeilii,af2ad0376a10655f
Classes/edible/Kalaharituber_pfeilii/Kalaharituber_pfeilii5.png,3,Kalaharituber_pfeilii5,png,100,100,1.0,0.01,square,edible,Kalaharituber Pfeilii,b6954b43e836906f
Classes/edible/Agaricus_silvaticus/Agaricus_silvaticus9.png,3,Agaricus_silvaticus9,png,100,100,1.0,0.01,square,edible,Agaricus Silvaticus,d0941e7b77f2a403
Classes/edible/Agaricus_silvaticus/Agaricus_silvaticus21.png,3,Agaricus_silvaticus21,png,235,214,1.0981308411214954,0.05029,landscape,edible,Agaricus Silvaticus,858e3eb6c16a96ac
Classes/edible/Agaricus_silvaticus/Agaricus_silvaticus27.png,3,Agaricus_silvaticus27,png,268,188,1.425531914893617,0.050384,landscape,edible,Agaricus Silvaticus,bd38e2c1c70f0cf4
Classes/edible/Agaricus_silvaticus/Agaricus_silvaticus16.png,3,Agaricus_silvaticus16,png,246,205,1.2,0.05043,landscape,edible,Agaricus Silvaticus,91fc6c17236b3691
Classes/edible/Agaricus_silvaticus/Agaricus_silvaticus30.png,3,Agaricus_silvaticus30,png,260,194,1.3402061855670102,0.05044,landscape,edible,Agaricus Silvaticus,93f46d0b869d31e1
Classes/edible/Agaricus_silvaticus/Agaricus_silvaticus18.png,3,Agaricus_silvaticus18,png,262,192,1.3645833333333333,0.050304,landscape,edible,Agaricus Silvaticus,8c9031e3678e1cf7
Classes/edible/Agaricus_silvaticus/Agaricus_silvaticus17.png,3,Agaricus_silvaticus17,png,275,183,1.5027322404371584,0.050325,landscape,edible,Agaricus Silvaticus,9c407eec65b413b9
Classes/edible/Tricholoma_matsutake/Tricholoma_matsutake9.png,3,Tricholoma_matsutake9,png,100,100,1.0,0.01,square,edible,Tricholoma Matsutake,cc878d8806fbe2bc
Classes/edible/Tricholoma_matsutake/Tricholoma_matsutake2.png,3,Tricholoma_matsutake2,png,100,100,1.0,0.01,square,edible,Tricholoma Matsutake,d70b6b6c3434f05a
Classes/edible/Tricholoma_matsutake/Tricholoma_matsutake16.png,3,Tricholoma_matsutake16,png,260,194,1.3402061855670102,0.05044,landscape,edible,Tricholoma Matsutake,f82584721bde83b9
Classes/edible/Tricholoma_matsutake/Tricholoma_matsutake24.png,3,Tricholoma_matsutake24,png,259,194,1.3350515463917525,0.050246,landscape,edible,Tricholoma Matsutake,d9e55a18698d1736
Classes/edible/Tricholoma_matsutake/Tricholoma_matsutake32.png,3,Tricholoma_matsutake32,png,265,190,1.394736842105263,0.05035,landscape,edible,Tricholoma Matsutake,e37394959b86cc4c
Classes/edible/Tricholoma_matsutake/Tricholoma_matsutake1.png,3,Tricholoma_matsutake1,png,100,100,1.0,0.01,square,edible,Tricholoma Matsutake,9d6a9d94423571bc
Classes/edible/Tricholoma_matsutake/Tricholoma_matsutake10.png,3,Tricholoma_matsutake10,png,100,100,1.0,0.01,square,edible,Tricholoma Matsutake,d9eb541d6acc3126
Classes/edible/dryads_saddle/7.png,3,7,png,512,512,1.0,0.262144,square,edible,Dryads Saddle,cd9d36d2d88f9824
Classes/edible/dryads_saddle/2.png,3,2,png,512,512,1.0,0.262144,square,edible,Dryads Saddle,c4613b9fe0fc8329
Classes/edible/dryads_saddle/8.png,3,8,png,512,512,1.0,0.262144,square,edible,Dryads Saddle,809f8775703c8d7c
Classes/edible/dryads_saddle/1.png,3,1,png,512,512,1.0,0.262144,square,edible,Dryads Saddle,95b56e46e128cbc5
Classes/edible/dryads_saddle/11.png,3,11,png,512,512,1.0,0.262144,square,edible,Dryads Saddle,92c06567d6ba0773
Classes/edible/dryads_saddle/5.png,3,5,png,512,512,1.0,0.262144,square,edible,Dryads Saddle,c9037c5c93de4ac9
Classes/edible/dryads_saddle/14.png,3,14,png,512,512,1.0,0.262144,square,edible,Dryads Saddle,c06a5987864b76bb
Classes/edible/Suillus_tomentosus/Suillus_tomentosus4.png,3,Suillus_tomentosus4,png,100,100,1.0,0.01,square,edible,Suillus Tomentosus,83f85d8630db6aa5
Classes/edible/Suillus_tomentosus/Suillus_tomentosus21.png,3,Suillus_tomentosus21,png,275,183,1.5027322404371584,0.050325,landscape,edible,Suillus Tomentosus,90cb27b4c9c3b70e
Classes/edible/Suillus_tomentosus/Suillus_tomentosus15.png,3,Suillus_tomentosus15,png,276,183,1.5081967213114753,0.050508,landscape,edible,Suillus Tomentosus,c0ee4e842f3930fb
Classes/edible/Suillus_tomentosus/Suillus_tomentosus9.png,3,Suillus_tomentosus9,png,259,194,1.3350515463917525,0.050246,landscape,edible,Suillus Tomentosus,c8ad9ec470386f33
Classes/edible/Suillus_tomentosus/Suillus_tomentosus13.png,3,Suillus_tomentosus13,png,259,194,1.3350515463917525,0.050246,landscape,edible,Suillus Tomentosus,cfe6998ce3180fa1
Classes/edible/Suillus_tomentosus/Suillus_tomentosus16.png,3,Suillus_tomentosus16,png,259,194,1.3350515463917525,0.050246,landscape,edible,Suillus Tomentosus,95c76b33b6b19442
Classes/edible/Suillus_tomentosus/Suillus_tomentosus27.png,3,Suillus_tomentosus27,png,263,192,1.3697916666666667,0.050496,landscape,edible,Suillus Tomentosus,9b2c34dbc34d8c6c
Classes/edible/common_bonnet/7.png,3,7,png,512,512,1.0,0.262144,square,edible,Common Bonnet,c5663897e07c8673
Classes/edible/common_bonnet/2.png,3,2,png,512,512,1.0,0.262144,square,edible,Common Bonnet,c8882b9f34b89767
Classes/edible/common_bonnet/8.png,3,8,png,512,512,1.0,0.262144,square,edible,Common Bonnet,c6c1fa3a38d787a0
Classes/edible/common_bonnet/1.png,3,1,png,512,512,1.0,0.262144,square,edible,Common Bonnet,c03f8f9e9ad819d0
Classes/edible/common_bonnet/11.png,3,11,png,512,512,1.0,0.262144,square,edible,Common Bonnet,c49a2f8723c8b59e
Classes/edible/common_bonnet/5.png,3,5,png,512,512,1.0,0.262144,square,edible,Common Bonnet,a1a98263fae407bb
Classes/edible/common_bonnet/14.png,3,14,png,512,512,1.0,0.262144,square,edible,Common Bonnet,e7d787070fb18348
Classes/edible/birch_woodwart/1.png,3,1,png,512,512,1.0,0.262144,square,edible,Birch Woodwart,e619951a5ed8c6cc
Classes/edible/birch_woodwart/3.png,3,3,png,512,512,1.0,0.262144,square,edible,Birch Woodwart,aa8485da93ca9bcd
Classes/edible/birch_woodwart/8.png,3,8,png,512,512,1.0,0.262144,square,edible,Birch Woodwart,c7cc94ca0f6292f6
Classes/edible/birch_woodwart/2.png,3,2,png,512,512,1.0,0.262144,square,edible,Birch Woodwart,e8c0d1363cfc709e
Classes/edible/birch_woodwart/5.png,3,5,png,512,512,1.0,0.262144,square,edible,Birch Woodwart,a8c266b5dcc8e3e4
Classes/edible/birch_woodwart/11.png,3,11,png,512,512,1.0,0.262144,square,edible,Birch Woodwart,a6d851a7fdd05065
Classes/edible/birch_woodwart/9.png,3,9,png,512,512,1.0,0.262144,square,edible,Birch Woodwart,acb68a5263739c3c
Classes/edible/field_blewit/7.png,3,7,png,512,512,1.0,0.262144,square,edible,Field Blewit,978c6b1e6066a1f3
Classes/edible/field_blewit/2.png,3,2,png,512,512,1.0,0.262144,square,edible,Field Blewit,e1e81c5da3c30de9
Classes/edible/field_blewit/8.png,3,8,png,512,512,1.0,0.262144,square,edible,Field Blewit,98b0356d61ce4ed9
Classes/edible/field_blewit/1.png,3,1,png,512,512,1.0,0.262144,square,edible,Field Blewit,c4c3393697b996c4
Classes/edible/field_blewit/11.png,3,11,png,512,512,1.0,0.262144,square,edible,Field Blewit,bfbe7c7c6060c418
Classes/edible/field_blewit/5.png,3,5,png,512,512,1.0,0.262144,square,edible,Field Blewit,d4953f4ae9348ac9
Classes/edible/field_blewit/14.png,3,14,png,512,512,1.0,0.262144,square,edible,Field Blewit,94947b7b69426ce1
Classes/edible/plums_and_custard/7.png,3,7,png,512,512,1.0,0.262144,square,edible,Plums And Custard,f3006a7ff4c04e96
Classes/edible/plums_and_custard/2.png,3,2,png,512,512,1.0,0.262144,square,edible,Plums And Custard,81bc700b3f7e8dc1
Classes/edible/plums_and_custard/8.png,3,8,png,512,512,1.0,0.262144,square,edible,Plums And Custard,d5fa62cc1bc12c93
Classes/edible/plums_and_custard/1.png,3,1,png,512,512,1.0,0.262144,square,edible,Plums And Custard,a383d392c38bd2cd
Classes/edible/plums_and_custard/11.png,3,11,png,512,512,1.0,0.262144,square,edible,Plums And Custard,c39e3c69c3923b2a
Classes/edible/plums_and_custard/5.png,3,5,png,512,512,1.0,0.262144,square,edible,Plums And Custard,c8f14fc46c1f829d
Classes/edible/plums_and_custard/14.png,3,14,png,512,512,1.0,0.262144,square,edible,Plums And Custard,d1860f6e2c0d7c7c
Classes/edible/Merulius tremellosus/18542medium.jpg,3,18542medium,jpg,375,500,0.75,0.1875,portrait,edible,Merulius Tremellosus,8be453e727178991
Classes/edible/Merulius tremellosus/18269medium.jpg,3,18269medium,jpg,500,500,1.0,0.25,square,edible,Merulius Tremellosus,d0572f6c7012e3b5
Classes/edible/Merulius tremellosus/18421medium.jpg,3,18421medium,jpg,500,414,1.207729468599034,0.207,landscape,edible,Merulius Tremellosus,dd842a4a37f0c3f4
Classes/edible/Merulius tremellosus/18502medium.jpeg,3,18502medium,jpeg,500,333,1.5015015015015014,0.1665,landscape,edible,Merulius Tremellosus,f943171c9889e2be
Classes/edible/Merulius tremellosus/18266medium.jpeg,3,18266medium,jpeg,333,500,0.666,0.1665,portrait,edible,Merulius Tremellosus,d8fc23938e4d9c31
Classes/edible/Merulius tremellosus/18558medium.jpeg,3,18558medium,jpeg,500,375,1.3333333333333333,0.1875,landscape,edible,Merulius Tremellosus,c4962e6979c930af
Classes/edible/Merulius tremellosus/18291medium.jpg,3,18291medium,jpg,500,332,1.5060240963855422,0.166,landscape,edible,Merulius Tremellosus,cbf861569ec59924
Classes/edible/morel/7.png,3,7,png,512,512,1.0,0.262144,square,edible,Morel,d2c92e34e186cece
Classes/edible/morel/2.png,3,2,png,512,512,1.0,0.262144,square,edible,Morel,ccd33879236473e8
Classes/edible/morel/8.png,3,8,png,512,512,1.0,0.262144,square,edible,Morel,8e8a71b1832778b7
Classes/edible/morel/1.png,3,1,png,512,512,1.0,0.262144,square,edible,Morel,8eb36d3133ce2256
Classes/edible/morel/11.png,3,11,png,512,512,1.0,0.262144,square,edible,Morel,d8f271ec6786268c
Classes/edible/morel/5.png,3,5,png,512,512,1.0,0.262144,square,edible,Morel,d9e67264378922b9
Classes/edible/morel/14.png,3,14,png,512,512,1.0,0.262144,square,edible,Morel,e3951d38f3270c5c
Classes/edible/Clavulinaceae/Clavulinaceae2.png,3,Clavulinaceae2,png,100,100,1.0,0.01,square,edible,Clavulinaceae,c4c86e3f34b46d58
Classes/edible/Clavulinaceae/Clavulinaceae26.png,3,Clavulinaceae26,png,275,183,1.5027322404371584,0.050325,landscape,edible,Clavulinaceae,8dd9332764bad348
Classes/edible/Clavulinaceae/Clavulinaceae6.png,3,Clavulinaceae6,png,100,100,1.0,0.01,square,edible,Clavulinaceae,c360251f9a3d793c
Classes/edible/Clavulinaceae/Clavulinaceae33.png,3,Clavulinaceae33,png,259,194,1.3350515463917525,0.050246,landscape,edible,Clavulinaceae,907b2fa6d2d86568
Classes/edible/Clavulinaceae/Clavulinaceae12.png,3,Clavulinaceae12,png,100,100,1.0,0.01,square,edible,Clavulinaceae,93362ccd59d8d29c
Classes/edible/Clavulinaceae/Clavulinaceae10.png,3,Clavulinaceae10,png,100,100,1.0,0.01,square,edible,Clavulinaceae,c1831f7cb06572ba
Classes/edible/Clavulinaceae/Clavulinaceae31.png,3,Clavulinaceae31,png,250,202,1.2376237623762376,0.0505,landscape,edible,Clavulinaceae,d0fe680f85251bda
Classes/edible/Craterellus_tubaeformis/Craterellus_tubaeformis21.png,3,Craterellus_tubaeformis21,png,248,203,1.2216748768472907,0.050344,landscape,edible,Craterellus Tubaeformis,c5535a35302d5e3e
Classes/edible/Craterellus_tubaeformis/Craterellus_tubaeformis9.png,3,Craterellus_tubaeformis9,png,100,100,1.0,0.01,square,edible,Craterellus Tubaeformis,af622e8d4c9c5ba2
Classes/edible/Craterellus_tubaeformis/Craterellus_tubaeformis10.png,3,Craterellus_tubaeformis10,png,100,100,1.0,0.01,square,edible,Craterellus Tubaeformis,a8ec97466c29e3d1
Classes/edible/Craterellus_tubaeformis/Craterellus_tubaeformis22.png,3,Craterellus_tubaeformis22,png,233,216,1.0787037037037035,0.050328,landscape,edible,Craterellus Tubaeformis,86b93ce67983239c
Classes/edible/Craterellus_tubaeformis/Craterellus_tubaeformis29.png,3,Craterellus_tubaeformis29,png,275,183,1.5027322404371584,0.050325,landscape,edible,Craterellus Tubaeformis,c6c72dec12927e49
Classes/edible/Craterellus_tubaeformis/Craterellus_tubaeformis47.png,3,Craterellus_tubaeformis47,png,264,191,1.382198952879581,0.050424,landscape,edible,Craterellus Tubaeformis,86b15e19606fb1bc
Classes/edible/Craterellus_tubaeformis/Craterellus_tubaeformis23.png,3,Craterellus_tubaeformis23,png,275,183,1.5027322404371584,0.050325,landscape,edible,Craterellus Tubaeformis,f0d72533ca2a237c
Classes/edible/Pseudohydnum_gelatinosum/Pseudohydnum_gelatinosum2.png,3,Pseudohydnum_gelatinosum2,png,100,100,1.0,0.01,square,edible,Pseudohydnum Gelatinosum,89d27e2de1749e82
Classes/edible/Pseudohydnum_gelatinosum/Pseudohydnum_gelatinosum14.png,3,Pseudohydnum_gelatinosum14,png,276,183,1.5081967213114753,0.050508,landscape,edible,Pseudohydnum Gelatinosum,cadb252cfa7220cb
Classes/edible/Pseudohydnum_gelatinosum/Pseudohydnum_gelatinosum21.png,3,Pseudohydnum_gelatinosum21,png,262,192,1.3645833333333333,0.050304,landscape,edible,Pseudohydnum Gelatinosum,c13ce6479c72a36c
Classes/edible/Pseudohydnum_gelatinosum/Pseudohydnum_gelatinosum17.png,3,Pseudohydnum_gelatinosum17,png,279,181,1.5414364640883975,0.050499,landscape,edible,Pseudohydnum Gelatinosum,95a56a5c6b5a2999
Classes/edible/Pseudohydnum_gelatinosum/Pseudohydnum_gelatinosum0.png,3,Pseudohydnum_gelatinosum0,png,258,196,1.316326530612245,0.050568,landscape,edible,Pseudohydnum Gelatinosum,848f1d693ca13f71
Classes/edible/Pseudohydnum_gelatinosum/Pseudohydnum_gelatinosum3.png,3,Pseudohydnum_gelatinosum3,png,100,100,1.0,0.01,square,edible,Pseudohydnum Gelatinosum,d2d2292bf47534d2
Classes/edible/Pseudohydnum_gelatinosum/Pseudohydnum_gelatinosum5.png,3,Pseudohydnum_gelatinosum5,png,259,194,1.3350515463917525,0.050246,landscape,edible,Pseudohydnum Gelatinosum,d4713395ca4ab5a6
Classes/edible/Calbovista_subsculpta/Calbovista_subsculpta23.png,3,Calbovista_subsculpta23,png,272,185,1.4702702702702704,0.05032,landscape,edible,Calbovista Subsculpta,c6d17e23786b1929
Classes/edible/Calbovista_subsculpta/Calbovista_subsculpta46.png,3,Calbovista_subsculpta46,png,262,192,1.3645833333333333,0.050304,landscape,edible,Calbovista Subsculpta,9e9b61e696c35889
Classes/edible/Calbovista_subsculpta/Calbovista_subsculpta52.png,3,Calbovista_subsculpta52,png,276,183,1.5081967213114753,0.050508,landscape,edible,Calbovista Subsculpta,98866159367fc39c
Classes/edible/Calbovista_subsculpta/Calbovista_subsculpta10.png,3,Calbovista_subsculpta10,png,100,100,1.0,0.01,square,edible,Calbovista Subsculpta,f3420c18e767f0f1
Classes/edible/Calbovista_subsculpta/Calbovista_subsculpta3.png,3,Calbovista_subsculpta3,png,100,100,1.0,0.01,square,edible,Calbovista Subsculpta,809f1f9d3cd03959
Classes/edible/Calbovista_subsculpta/Calbovista_subsculpta15.png,3,Calbovista_subsculpta15,png,259,194,1.3350515463917525,0.050246,landscape,edible,Calbovista Subsculpta,c1c23cb670dbc1cd
Classes/edible/Calbovista_subsculpta/Calbovista_subsculpta21.png,3,Calbovista_subsculpta21,png,221,228,0.9692982456140352,0.050388,portrait,edible,Calbovista Subsculpta,c0942f6e7c2f6435
Classes/edible/cedarwood_waxcap/1.png,3,1,png,512,512,1.0,0.262144,square,edible,Cedarwood Waxcap,c7c768583e3cc8e2
Classes/edible/cedarwood_waxcap/9.png,3,9,png,512,512,1.0,0.262144,square,edible,Cedarwood Waxcap,956e78a529e74474
Classes/edible/cedarwood_waxcap/6.png,3,6,png,512,512,1.0,0.262144,square,edible,Cedarwood Waxcap,99d966269b98c98b
Classes/edible/cedarwood_waxcap/8.png,3,8,png,512,512,1.0,0.262144,square,edible,Cedarwood Waxcap,c9c3c7c6c781869e
Classes/edible/cedarwood_waxcap/3.png,3,3,png,512,512,1.0,0.262144,square,edible,Cedarwood Waxcap,c7963c296cc88797
Classes/edible/cedarwood_waxcap/4.png,3,4,png,512,512,1.0,0.262144,square,edible,Cedarwood Waxcap,c697585879a1a1cf
Classes/edible/cedarwood_waxcap/0.png,3,0,png,512,512,1.0,0.262144,square,edible,Cedarwood Waxcap,c89a9430397b6767
Classes/edible/chestnut_bolete/6.png,3,6,png,512,512,1.0,0.262144,square,edible,Chestnut Bolete,9cc0617db696c3d2
Classes/edible/chestnut_bolete/3.png,3,3,png,512,512,1.0,0.262144,square,edible,Chestnut Bolete,dbcf60682e861cbc
Classes/edible/chestnut_bolete/8.png,3,8,png,512,512,1.0,0.262144,square,edible,Chestnut Bolete,86996e847137d17c
Classes/edible/chestnut_bolete/1.png,3,1,png,512,512,1.0,0.262144,square,edible,Chestnut Bolete,b3f07a913832659e
Classes/edible/chestnut_bolete/10.png,3,10,png,512,512,1.0,0.262144,square,edible,Chestnut Bolete,b1941d25371dd399
Classes/edible/chestnut_bolete/7.png,3,7,png,512,512,1.0,0.262144,square,edible,Chestnut Bolete,989b704d25c8ceed
Classes/edible/chestnut_bolete/14.png,3,14,png,512,512,1.0,0.262144,square,edible,Chestnut Bolete,85c3672e19b8eb19
Classes/edible/Craterellus_cornucopioides/Craterellus_cornucopioides7.png,3,Craterellus_cornucopioides7,png,100,100,1.0,0.01,square,edible,Craterellus Cornucopioides,979ce5e590e4c670
Classes/edible/Craterellus_cornucopioides/Craterellus_cornucopioides18.png,3,Craterellus_cornucopioides18,png,259,194,1.3350515463917525,0.050246,landscape,edible,Craterellus Cornucopioides,fba389ce98984a2e
Classes/edible/Craterellus_cornucopioides/Craterellus_cornucopioides31.png,3,Craterellus_cornucopioides31,png,251,200,1.255,0.0502,landscape,edible,Craterellus Cornucopioides,be8c9593cea38316
Classes/edible/Craterellus_cornucopioides/Craterellus_cornucopioides30.png,3,Craterellus_cornucopioides30,png,247,204,1.21078431372549,0.050388,landscape,edible,Craterellus Cornucopioides,e19fc6928fb90c54
Classes/edible/Craterellus_cornucopioides/Craterellus_cornucopioides1.png,3,Craterellus_cornucopioides1,png,100,100,1.0,0.01,square,edible,Craterellus Cornucopioides,e287d91fd106ae29
Classes/edible/Craterellus_cornucopioides/Craterellus_cornucopioides51.png,3,Craterellus_cornucopioides51,png,199,254,0.7834645669291339,0.050546,portrait,edible,Craterellus Cornucopioides,e6c99d52b2747a48
Classes/edible/Craterellus_cornucopioides/Craterellus_cornucopioides45.png,3,Craterellus_cornucopioides45,png,231,218,1.0596330275229358,0.050358,landscape,edible,Craterellus Cornucopioides,e5dc18fe4923d24c
Classes/edible/Daedaleopsis confragosa/8491medium.jpeg,3,8491medium,jpeg,500,334,1.497005988023952,0.167,landscape,edible,Daedaleopsis Confragosa,e5da2722d94566b2
Classes/edible/Daedaleopsis confragosa/8250medium.jpg,3,8250medium,jpg,375,500,0.75,0.1875,portrait,edible,Daedaleopsis Confragosa,f3f11f83fc680123
Classes/edible/Daedaleopsis confragosa/8234medium.jpeg,3,8234medium,jpeg,375,500,0.75,0.1875,portrait,edible,Daedaleopsis Confragosa,aef989f284a5952c
Classes/edible/Daedaleopsis confragosa/8253medium.jpeg,3,8253medium,jpeg,500,375,1.3333333333333333,0.1875,landscape,edible,Daedaleopsis Confragosa,fcb6ca839c4f03a4
Classes/edible/Daedaleopsis confragosa/8215medium.jpeg,3,8215medium,jpeg,375,500,0.75,0.1875,portrait,edible,Daedaleopsis Confragosa,9c8eabba9c9c6a82
Classes/edible/Daedaleopsis confragosa/8281medium.jpeg,3,8281medium,jpeg,500,333,1.5015015015015014,0.1665,landscape,edible,Daedaleopsis Confragosa,93666c99b238da65
Classes/edible/Daedaleopsis confragosa/8616medium.jpeg,3,8616medium,jpeg,500,333,1.5015015015015014,0.1665,landscape,edible,Daedaleopsis Confragosa,8aba745dc3a08d9b
Classes/edible/Suillus_bovinus/Suillus_bovinus23.png,3,Suillus_bovinus23,png,262,192,1.3645833333333333,0.050304,landscape,edible,Suillus Bovinus,a5a336d878941ec7
Classes/edible/Suillus_bovinus/Suillus_bovinus2.png,3,Suillus_bovinus2,png,100,100,1.0,0.01,square,edible,Suillus Bovinus,96d92376c9cc981b
Classes/edible/Suillus_bovinus/Suillus_bovinus0.png,3,Suillus_bovinus0,png,100,100,1.0,0.01,square,edible,Suillus Bovinus,96912376c9cd989b
Classes/edible/Suillus_bovinus/Suillus_bovinus14.png,3,Suillus_bovinus14,png,250,202,1.2376237623762376,0.0505,landscape,edible,Suillus Bovinus,b59aa41e92a17e6c
Classes/edible/Suillus_bovinus/Suillus_bovinus34.png,3,Suillus_bovinus34,png,250,202,1.2376237623762376,0.0505,landscape,edible,Suillus Bovinus,9ce7918c67d04d93
Classes/edible/Suillus_bovinus/Suillus_bovinus15.png,3,Suillus_bovinus15,png,270,187,1.4438502673796791,0.05049,landscape,edible,Suillus Bovinus,84c53b2cc8636fbc
Classes/edible/Suillus_bovinus/Suillus_bovinus40.png,3,Suillus_bovinus40,png,259,194,1.3350515463917525,0.050246,landscape,edible,Suillus Bovinus,fa1b583067c78d92
Classes/edible/Pleurotus/Pleurotus40.png,3,Pleurotus40,png,194,259,0.749034749034749,0.050246,portrait,edible,Pleurotus,eae117841329ed6d
Classes/edible/Pleurotus/Pleurotus45.png,3,Pleurotus45,png,259,194,1.3350515463917525,0.050246,landscape,edible,Pleurotus,86a52d5a687376e2
Classes/edible/Pleurotus/Pleurotus34.png,3,Pleurotus34,png,259,194,1.3350515463917525,0.050246,landscape,edible,Pleurotus,cfd86c7cb46c6092
Classes/edible/Pleurotus/Pleurotus6.png,3,Pleurotus6,png,100,100,1.0,0.01,square,edible,Pleurotus,a6a8e55549eab8c6
Classes/edible/Pleurotus/Pleurotus19.png,3,Pleurotus19,png,100,100,1.0,0.01,square,edible,Pleurotus,fec2819c562e82dd
Classes/edible/Pleurotus/Pleurotus17.png,3,Pleurotus17,png,100,100,1.0,0.01,square,edible,Pleurotus,956956215da4e33d
Classes/edible/Pleurotus/Pleurotus1.png,3,Pleurotus1,png,100,100,1.0,0.01,square,edible,Pleurotus,c10822b4176fddf3
Classes/edible/Polyporus_squamosus/Polyporus_squamosus42.png,3,Polyporus_squamosus42,png,259,194,1.3350515463917525,0.050246,landscape,edible,Polyporus Squamosus,c7c4783f91684697
Classes/edible/Polyporus_squamosus/Polyporus_squamosus7.png,3,Polyporus_squamosus7,png,100,100,1.0,0.01,square,edible,Polyporus Squamosus,a8ec0e06e979d1b9
Classes/edible/Polyporus_squamosus/Polyporus_squamosus2.png,3,Polyporus_squamosus2,png,100,100,1.0,0.01,square,edible,Polyporus Squamosus,c0d0ca681fce8fb5
Classes/edible/Polyporus_squamosus/Polyporus_squamosus36.png,3,Polyporus_squamosus36,png,259,194,1.3350515463917525,0.050246,landscape,edible,Polyporus Squamosus,d2316d8e2ed390bc
Classes/edible/Polyporus_squamosus/Polyporus_squamosus17.png,3,Polyporus_squamosus17,png,100,100,1.0,0.01,square,edible,Polyporus Squamosus,e384ebe074912eb6
Classes/edible/Polyporus_squamosus/Polyporus_squamosus0.png,3,Polyporus_squamosus0,png,100,100,1.0,0.01,square,edible,Polyporus Squamosus,93b728583e81a7d9
Classes/edible/Polyporus_squamosus/Polyporus_squamosus19.png,3,Polyporus_squamosus19,png,100,100,1.0,0.01,square,edible,Polyporus Squamosus,e092bdcd434ccb35
Classes/edible/golden_waxcap/7.png,3,7,png,512,512,1.0,0.262144,square,edible,Golden Waxcap,8db5621a5bc7a5b0
Classes/edible/golden_waxcap/2.png,3,2,png,512,512,1.0,0.262144,square,edible,Golden Waxcap,ccae1b856659259d
Classes/edible/golden_waxcap/8.png,3,8,png,512,512,1.0,0.262144,square,edible,Golden Waxcap,91957e62c1bd869a
Classes/edible/golden_waxcap/1.png,3,1,png,512,512,1.0,0.262144,square,edible,Golden Waxcap,9b96696943e1a596
Classes/edible/golden_waxcap/11.png,3,11,png,512,512,1.0,0.262144,square,edible,Golden Waxcap,e1b41b49ec9ed2c8
Classes/edible/golden_waxcap/5.png,3,5,png,512,512,1.0,0.262144,square,edible,Golden Waxcap,aa0506151f1f1f3f
Classes/edible/golden_waxcap/14.png,3,14,png,512,512,1.0,0.262144,square,edible,Golden Waxcap,b2e1491e3fb1a2d1
Classes/edible/Cortinarius_variicolor/Cortinarius_variicolor28.png,3,Cortinarius_variicolor28,png,275,184,1.4945652173913044,0.0506,landscape,edible,Cortinarius Variicolor,aa9c8f2363d81dc9
Classes/edible/Cortinarius_variicolor/Cortinarius_variicolor13.png,3,Cortinarius_variicolor13,png,275,183,1.5027322404371584,0.050325,landscape,edible,Cortinarius Variicolor,92fc2903ecbc93e1
Classes/edible/Cortinarius_variicolor/Cortinarius_variicolor29.png,3,Cortinarius_variicolor29,png,275,183,1.5027322404371584,0.050325,landscape,edible,Cortinarius Variicolor,8b727668cad6b12c
Classes/edible/Cortinarius_variicolor/Cortinarius_variicolor18.png,3,Cortinarius_variicolor18,png,259,194,1.3350515463917525,0.050246,landscape,edible,Cortinarius Variicolor,8b86b57e70d6c036
Classes/edible/Cortinarius_variicolor/Cortinarius_variicolor2.png,3,Cortinarius_variicolor2,png,100,100,1.0,0.01,square,edible,Cortinarius Variicolor,a6b31145fad9c3a4
Classes/edible/Cortinarius_variicolor/Cortinarius_variicolor17.png,3,Cortinarius_variicolor17,png,275,183,1.5027322404371584,0.050325,landscape,edible,Cortinarius Variicolor,85d07aa3ddb8cb41
Classes/edible/Cortinarius_variicolor/Cortinarius_variicolor21.png,3,Cortinarius_variicolor21,png,275,183,1.5027322404371584,0.050325,landscape,edible,Cortinarius Variicolor,989c77cd1f232646
Classes/edible/fly_agaric/7.png,3,7,png,512,512,1.0,0.262144,square,edible,Fly Agaric,f493895a0a9ea7d4
Classes/edible/fly_agaric/2.png,3,2,png,512,512,1.0,0.262144,square,edible,Fly Agaric,d996365937c6b128
Classes/edible/fly_agaric/8.png,3,8,png,512,512,1.0,0.262144,square,edible,Fly Agaric,8fb8e68939c4197a
Classes/edible/fly_agaric/1.png,3,1,png,512,512,1.0,0.262144,square,edible,Fly Agaric,d5e64e1b5a34312b
Classes/edible/fly_agaric/11.png,3,11,png,512,512,1.0,0.262144,square,edible,Fly Agaric,d29c3e33d0436e1e
Classes/edible/fly_agaric/5.png,3,5,png,512,512,1.0,0.262144,square,edible,Fly Agaric,95d55aca696c2569
Classes/edible/fly_agaric/14.png,3,14,png,512,512,1.0,0.262144,square,edible,Fly Agaric,d82f6dc9962b9862
Classes/edible/Amanita_caesarea/Amanita_caesarea5.png,3,Amanita_caesarea5,png,100,100,1.0,0.01,square,edible,Amanita Caesarea,90ed47d06a1bc9f2
Classes/edible/Amanita_caesarea/Amanita_caesarea9.png,3,Amanita_caesarea9,png,100,100,1.0,0.01,square,edible,Amanita Caesarea,c1993f4e70660bcb
Classes/edible/Amanita_caesarea/Amanita_caesarea38.png,3,Amanita_caesarea38,png,194,259,0.749034749034749,0.050246,portrait,edible,Amanita Caesarea,de26643d62a2ce53
Classes/edible/Amanita_caesarea/Amanita_caesarea20.png,3,Amanita_caesarea20,png,100,100,1.0,0.01,square,edible,Amanita Caesarea,99e62c6d309af299
Classes/edible/Amanita_caesarea/Amanita_caesarea16.png,3,Amanita_caesarea16,png,100,100,1.0,0.01,square,edible,Amanita Caesarea,c0483d275e8d16ef
Classes/edible/Amanita_caesarea/Amanita_caesarea30.png,3,Amanita_caesarea30,png,194,259,0.749034749034749,0.050246,portrait,edible,Amanita Caesarea,a887c774996a4735
Classes/edible/Amanita_caesarea/Amanita_caesarea45.png,3,Amanita_caesarea45,png,175,288,0.6076388888888888,0.0504,portrait,edible,Amanita Caesarea,ae2ccdf196d0d0c6
Classes/edible/Tuber_indicum/Tuber_indicum14.png,3,Tuber_indicum14,png,262,192,1.3645833333333333,0.050304,landscape,edible,Tuber Indicum,b8a807c36bb67625
Classes/edible/Tuber_indicum/Tuber_indicum17.png,3,Tuber_indicum17,png,200,200,1.0,0.04,square,edible,Tuber Indicum,eec0913b72ec6c83
Classes/edible/Tuber_indicum/Tuber_indicum11.png,3,Tuber_indicum11,png,223,226,0.986725663716814,0.050398,portrait,edible,Tuber Indicum,fe13f83f88728c41
Classes/edible/Tuber_indicum/Tuber_indicum8.png,3,Tuber_indicum8,png,277,182,1.521978021978022,0.050414,landscape,edible,Tuber Indicum,b295c0df055c3a73
Classes/edible/Tuber_indicum/Tuber_indicum0.png,3,Tuber_indicum0,png,259,194,1.3350515463917525,0.050246,landscape,edible,Tuber Indicum,ae06c86ec6ed74c2
Classes/edible/Tuber_indicum/Tuber_indicum3.png,3,Tuber_indicum3,png,261,193,1.3523316062176165,0.050373,landscape,edible,Tuber Indicum,eb85f99c165a2b06
Classes/edible/Tuber_indicum/Tuber_indicum7.png,3,Tuber_indicum7,png,252,200,1.26,0.0504,landscape,edible,Tuber Indicum,ca858af386767364
Classes/edible/smoky_bracket/1.png,3,1,png,512,512,1.0,0.262144,square,edible,Smoky Bracket,c2e10e2f39bc353a
Classes/edible/smoky_bracket/9.png,3,9,png,512,512,1.0,0.262144,square,edible,Smoky Bracket,8f937bcd20616f22
Classes/edible/smoky_bracket/6.png,3,6,png,512,512,1.0,0.262144,square,edible,Smoky Bracket,ce67671e512c7924
Classes/edible/smoky_bracket/8.png,3,8,png,512,512,1.0,0.262144,square,edible,Smoky Bracket,c46c3eb1e9993662
Classes/edible/smoky_bracket/3.png,3,3,png,512,512,1.0,0.262144,square,edible,Smoky Bracket,946dbec8b59ac262
Classes/edible/smoky_bracket/4.png,3,4,png,512,512,1.0,0.262144,square,edible,Smoky Bracket,8687571e3e7aa868
Classes/edible/smoky_bracket/0.png,3,0,png,512,512,1.0,0.262144,square,edible,Smoky Bracket,d7cd69340eb07872
Classes/edible/Boletus_badius/Boletus_badius7.png,3,Boletus_badius7,png,100,100,1.0,0.01,square,edible,Boletus Badius,93e5689335c96a66
Classes/edible/Boletus_badius/Boletus_badius5.png,3,Boletus_badius5,png,100,100,1.0,0.01,square,edible,Boletus Badius,eb060edfb0da411e
Classes/edible/Boletus_badius/Boletus_badius0.png,3,Boletus_badius0,png,100,100,1.0,0.01,square,edible,Boletus Badius,9ec72f3871496266
Classes/edible/Boletus_badius/Boletus_badius34.png,3,Boletus_badius34,png,275,183,1.5027322404371584,0.050325,landscape,edible,Boletus Badius,b59d4a62a5f10dc9
Classes/edible/Boletus_badius/Boletus_badius28.png,3,Boletus_badius28,png,338,149,2.2684563758389262,0.050362,landscape,edible,Boletus Badius,ea9e55c57191360e
Classes/edible/Boletus_badius/Boletus_badius24.png,3,Boletus_badius24,png,272,185,1.4702702702702704,0.05032,landscape,edible,Boletus Badius,c7943c7b4bcac04b
Classes/edible/Boletus_badius/Boletus_badius18.png,3,Boletus_badius18,png,221,228,0.9692982456140352,0.050388,portrait,edible,Boletus Badius,d82763112cd9f783
Classes/edible/Coltricia perennis/6632medium.jpeg,3,6632medium,jpeg,375,500,0.75,0.1875,portrait,edible,Coltricia Perennis,ed64d1e3c5c22933
Classes/edible/Coltricia perennis/6553medium.jpeg,3,6553medium,jpeg,500,333,1.5015015015015014,0.1665,landscape,edible,Coltricia Perennis,c8857cd28f5e5c0d
Classes/edible/Coltricia perennis/6544medium.jpeg,3,6544medium,jpeg,500,333,1.5015015015015014,0.1665,landscape,edible,Coltricia Perennis,92336c1e8aa4fab6
Classes/edible/Coltricia perennis/6626medium.jpg,3,6626medium,jpg,500,333,1.5015015015015014,0.1665,landscape,edible,Coltricia Perennis,8a543ed7359a718a
Classes/edible/Coltricia perennis/6727medium.jpg,3,6727medium,jpg,375,500,0.75,0.1875,portrait,edible,Coltricia Perennis,8f3c7027ccd36e84
Classes/edible/Coltricia perennis/6508medium.jpeg,3,6508medium,jpeg,333,500,0.666,0.1665,portrait,edible,Coltricia Perennis,9cf53cc670388e65
Classes/edible/Coltricia perennis/6712medium.jpeg,3,6712medium,jpeg,500,433,1.1547344110854505,0.2165,landscape,edible,Coltricia Perennis,b7c582196be086be
Classes/edible/woodland_inkcap/7.png,3,7,png,512,512,1.0,0.262144,square,edible,Woodland Inkcap,db4e718d252772e0
Classes/edible/woodland_inkcap/2.png,3,2,png,512,512,1.0,0.262144,square,edible,Woodland Inkcap,ac9bb5e003bd43d1
Classes/edible/woodland_inkcap/8.png,3,8,png,512,512,1.0,0.262144,square,edible,Woodland Inkcap,d8b3cf0c3233b343
Classes/edible/woodland_inkcap/1.png,3,1,png,512,512,1.0,0.262144,square,edible,Woodland Inkcap,d4dd7a0391e8c9e1
Classes/edible/woodland_inkcap/11.png,3,11,png,512,512,1.0,0.262144,square,edible,Woodland Inkcap,a594338d476d5b64
Classes/edible/woodland_inkcap/5.png,3,5,png,512,512,1.0,0.262144,square,edible,Woodland Inkcap,859a2be971563687
Classes/edible/woodland_inkcap/14.png,3,14,png,512,512,1.0,0.262144,square,edible,Woodland Inkcap,b9d993c6ccc462e8
Classes/edible/Hygrophorus_chrysodon/Hygrophorus_chrysodon29.png,3,Hygrophorus_chrysodon29,png,276,183,1.5081967213114753,0.050508,landscape,edible,Hygrophorus Chrysodon,d3662f9c61d81c33
Classes/edible/Hygrophorus_chrysodon/Hygrophorus_chrysodon1.png,3,Hygrophorus_chrysodon1,png,100,100,1.0,0.01,square,edible,Hygrophorus Chrysodon,96d5391c261b2de6
Classes/edible/Hygrophorus_chrysodon/Hygrophorus_chrysodon12.png,3,Hygrophorus_chrysodon12,png,100,100,1.0,0.01,square,edible,Hygrophorus Chrysodon,aca56e5237ccd832
Classes/edible/Hygrophorus_chrysodon/Hygrophorus_chrysodon34.png,3,Hygrophorus_chrysodon34,png,242,208,1.1634615384615383,0.050336,landscape,edible,Hygrophorus Chrysodon,96c4393c6e1b25e5
Classes/edible/Hygrophorus_chrysodon/Hygrophorus_chrysodon5.png,3,Hygrophorus_chrysodon5,png,100,100,1.0,0.01,square,edible,Hygrophorus Chrysodon,c59c3d6362c69595
Classes/edible/Hygrophorus_chrysodon/Hygrophorus_chrysodon26.png,3,Hygrophorus_chrysodon26,png,247,204,1.21078431372549,0.050388,landscape,edible,Hygrophorus Chrysodon,9ae3f0879ce00f78
Classes/edible/Hygrophorus_chrysodon/Hygrophorus_chrysodon28.png,3,Hygrophorus_chrysodon28,png,259,194,1.3350515463917525,0.050246,landscape,edible,Hygrophorus Chrysodon,9ccd4b2d31d96433
Classes/edible/cucumber_cap/7.png,3,7,png,512,512,1.0,0.262144,square,edible,Cucumber Cap,8ca7e78c62d80b67
Classes/edible/cucumber_cap/2.png,3,2,png,512,512,1.0,0.262144,square,edible,Cucumber Cap,83805a3f94d5e47d
Classes/edible/cucumber_cap/8.png,3,8,png,512,512,1.0,0.262144,square,edible,Cucumber Cap,d6e03b1731bcde20
Classes/edible/cucumber_cap/1.png,3,1,png,512,512,1.0,0.262144,square,edible,Cucumber Cap,ec9ab16384ba5ac3
Classes/edible/cucumber_cap/11.png,3,11,png,512,512,1.0,0.262144,square,edible,Cucumber Cap,c61626a2727df5c4
Classes/edible/cucumber_cap/5.png,3,5,png,512,512,1.0,0.262144,square,edible,Cucumber Cap,ad89969d86d0d3d2
Classes/edible/cucumber_cap/14.png,3,14,png,512,512,1.0,0.262144,square,edible,Cucumber Cap,d2e57161d6938dc8
Classes/edible/Aleuria_aurantia/Aleuria_aurantia9.png,3,Aleuria_aurantia9,png,259,194,1.3350515463917525,0.050246,landscape,edible,Aleuria Aurantia,f68c386d6067aec8
Classes/edible/Aleuria_aurantia/Aleuria_aurantia24.png,3,Aleuria_aurantia24,png,275,183,1.5027322404371584,0.050325,landscape,edible,Aleuria Aurantia,81a3e134e2e3f4cd
Classes/edible/Aleuria_aurantia/Aleuria_aurantia8.png,3,Aleuria_aurantia8,png,211,239,0.8828451882845189,0.050429,portrait,edible,Aleuria Aurantia,cf223f6d329331c4
Classes/edible/Aleuria_aurantia/Aleuria_aurantia23.png,3,Aleuria_aurantia23,png,273,184,1.483695652173913,0.050232,landscape,edible,Aleuria Aurantia,ff858647863ca0f8
Classes/edible/Aleuria_aurantia/Aleuria_aurantia14.png,3,Aleuria_aurantia14,png,276,183,1.5081967213114753,0.050508,landscape,edible,Aleuria Aurantia,87ac6c52ec60da5e
Classes/edible/Aleuria_aurantia/Aleuria_aurantia7.png,3,Aleuria_aurantia7,png,100,100,1.0,0.01,square,edible,Aleuria Aurantia,9d0be2368d4d8d63
Classes/edible/Aleuria_aurantia/Aleuria_aurantia0.png,3,Aleuria_aurantia0,png,100,100,1.0,0.01,square,edible,Aleuria Aurantia,973728561d6e11f1
Classes/edible/Tuber_aestivum/Tuber_aestivum19.png,3,Tuber_aestivum19,png,276,183,1.5081967213114753,0.050508,landscape,edible,Tuber Aestivum,db519b70a66465c6
Classes/edible/Tuber_aestivum/Tuber_aestivum3.png,3,Tuber_aestivum3,png,100,100,1.0,0.01,square,edible,Tuber Aestivum,aaba9ad5a7948d60
Classes/edible/Tuber_aestivum/Tuber_aestivum15.png,3,Tuber_aestivum15,png,100,100,1.0,0.01,square,edible,Tuber Aestivum,a768b897c5323d58
Classes/edible/Tuber_aestivum/Tuber_aestivum29.png,3,Tuber_aestivum29,png,275,183,1.5027322404371584,0.050325,landscape,edible,Tuber Aestivum,bb6d9142cab88f19
Classes/edible/Tuber_aestivum/Tuber_aestivum32.png,3,Tuber_aestivum32,png,290,174,1.6666666666666667,0.05046,landscape,edible,Tuber Aestivum,e4929b6d4d32669a
Classes/edible/Tuber_aestivum/Tuber_aestivum14.png,3,Tuber_aestivum14,png,100,100,1.0,0.01,square,edible,Tuber Aestivum,95137e1a93c582bb
Classes/edible/Tuber_aestivum/Tuber_aestivum0.png,3,Tuber_aestivum0,png,100,100,1.0,0.01,square,edible,Tuber Aestivum,8aa1a554f41ec73e
Classes/edible/Phallus impudicus/21336medium.jpeg,3,21336medium,jpeg,500,500,1.0,0.25,square,edible,Phallus Impudicus,cc6633d9213d701f
Classes/edible/Phallus impudicus/21265medium.jpeg,3,21265medium,jpeg,500,374,1.3368983957219251,0.187,landscape,edible,Phallus Impudicus,e9ac3473d570907a
Classes/edible/Phallus impudicus/21435medium.jpeg,3,21435medium,jpeg,500,375,1.3333333333333333,0.1875,landscape,edible,Phallus Impudicus,94366bc894356eda
Classes/edible/Phallus impudicus/21429medium.jpg,3,21429medium,jpg,500,375,1.3333333333333333,0.1875,landscape,edible,Phallus Impudicus,9c9d65269399cdc1
Classes/edible/Phallus impudicus/21283medium.jpeg,3,21283medium,jpeg,500,375,1.3333333333333333,0.1875,landscape,edible,Phallus Impudicus,c4de3b70e58f5814
Classes/edible/Phallus impudicus/21434medium.jpeg,3,21434medium,jpeg,375,500,0.75,0.1875,portrait,edible,Phallus Impudicus,9eb37062cc98b366
Classes/edible/Phallus impudicus/21330medium.jpeg,3,21330medium,jpeg,375,500,0.75,0.1875,portrait,edible,Phallus Impudicus,a6a15b998b3162f9
Classes/edible/Mutinus ravenelii/18672medium.jpeg,3,18672medium,jpeg,500,398,1.256281407035176,0.199,landscape,edible,Mutinus Ravenelii,984d247b998c5e75
Classes/edible/Mutinus ravenelii/18761medium.jpg,3,18761medium,jpg,375,500,0.75,0.1875,portrait,edible,Mutinus Ravenelii,dc9bfa864ee3b100
Classes/edible/Mutinus ravenelii/18720medium.jpeg,3,18720medium,jpeg,375,500,0.75,0.1875,portrait,edible,Mutinus Ravenelii,c8f1676ccbb14274
Classes/edible/Mutinus ravenelii/18727medium.jpg,3,18727medium,jpg,500,375,1.3333333333333333,0.1875,landscape,edible,Mutinus Ravenelii,d9f26623c2996a6c
Classes/edible/Mutinus ravenelii/18831medium.jpeg,3,18831medium,jpeg,375,500,0.75,0.1875,portrait,edible,Mutinus Ravenelii,8b46f64987af580e
Classes/edible/Mutinus ravenelii/18713medium.jpg,3,18713medium,jpg,500,375,1.3333333333333333,0.1875,landscape,edible,Mutinus Ravenelii,97b5a3986e8c9664
Classes/edible/Mutinus ravenelii/18783medium.jpeg,3,18783medium,jpeg,375,500,0.75,0.1875,portrait,edible,Mutinus Ravenelii,c59763689b39312d
Classes/edible/poplar_bell/7.png,3,7,png,512,512,1.0,0.262144,square,edible,Poplar Bell,dc42e3359279d4a6
Classes/edible/poplar_bell/2.png,3,2,png,512,512,1.0,0.262144,square,edible,Poplar Bell,873d5878394bdb09
Classes/edible/poplar_bell/8.png,3,8,png,512,512,1.0,0.262144,square,edible,Poplar Bell,8dd3cac5516072f3
Classes/edible/poplar_bell/1.png,3,1,png,512,512,1.0,0.262144,square,edible,Poplar Bell,818733de9d611be2
Classes/edible/poplar_bell/11.png,3,11,png,512,512,1.0,0.262144,square,edible,Poplar Bell,dc91a3c64d329e1b
Classes/edible/poplar_bell/5.png,3,5,png,512,512,1.0,0.262144,square,edible,Poplar Bell,c17413d327723b39
Classes/edible/poplar_bell/14.png,3,14,png,512,512,1.0,0.262144,square,edible,Poplar Bell,8c0b33f4590d66f5
Classes/edible/Schizophyllum commune/38258medium.jpeg,3,38258medium,jpeg,281,500,0.562,0.1405,portrait,edible,Schizophyllum Commune,b6b6d61ba404457d
Classes/edible/Schizophyllum commune/37695medium.jpeg,3,37695medium,jpeg,375,500,0.75,0.1875,portrait,edible,Schizophyllum Commune,982e055973fc45d3
Classes/edible/Schizophyllum commune/37310medium.jpg,3,37310medium,jpg,500,375,1.3333333333333333,0.1875,landscape,edible,Schizophyllum Commune,e9be0f611a30746e
Classes/edible/Schizophyllum commune/37862medium.jpg,3,37862medium,jpg,500,375,1.3333333333333333,0.1875,landscape,edible,Schizophyllum Commune,89d9636697c90d96
Classes/edible/Schizophyllum commune/37953medium.jpeg,3,37953medium,jpeg,375,500,0.75,0.1875,portrait,edible,Schizophyllum Commune,8d25b298e5c6d933
Classes/edible/Schizophyllum commune/37592medium.jpeg,3,37592medium,jpeg,500,351,1.4245014245014245,0.1755,landscape,edible,Schizophyllum Commune,8ab337c665469867
Classes/edible/Schizophyllum commune/37733medium.jpg,3,37733medium,jpg,374,500,0.748,0.187,portrait,edible,Schizophyllum Commune,d9131b13e55aca65
Classes/edible/Agaricus_bisporus/Agaricus_bisporus61.png,3,Agaricus_bisporus61,png,224,225,0.9955555555555556,0.0504,portrait,edible,Agaricus Bisporus,9e93636d30a7cc32
Classes/edible/Agaricus_bisporus/Agaricus_bisporus24.png,3,Agaricus_bisporus24,png,100,100,1.0,0.01,square,edible,Agaricus Bisporus,afc7d0384b8c36c3
Classes/edible/Agaricus_bisporus/Agaricus_bisporus9.png,3,Agaricus_bisporus9,png,100,100,1.0,0.01,square,edible,Agaricus Bisporus,921e4f952d99b991
Classes/edible/Agaricus_bisporus/Agaricus_bisporus18.png,3,Agaricus_bisporus18,png,100,100,1.0,0.01,square,edible,Agaricus Bisporus,b89d19926510bbeb
Classes/edible/Agaricus_bisporus/Agaricus_bisporus70.png,3,Agaricus_bisporus70,png,277,182,1.521978021978022,0.050414,landscape,edible,Agaricus Bisporus,93d47aaf3712e058
Classes/edible/Agaricus_bisporus/Agaricus_bisporus54.png,3,Agaricus_bisporus54,png,100,100,1.0,0.01,square,edible,Agaricus Bisporus,89897e3ea463c39c
Classes/edible/Agaricus_bisporus/Agaricus_bisporus40.png,3,Agaricus_bisporus40,png,218,232,0.9396551724137931,0.050576,portrait,edible,Agaricus Bisporus,91580e475ae5673d
Classes/edible/Platismatia glauca/23782medium.jpeg,3,23782medium,jpeg,375,500,0.75,0.1875,portrait,edible,Platismatia Glauca,abb8485156d2fc65
Classes/edible/Platismatia glauca/23848medium.jpg,3,23848medium,jpg,375,500,0.75,0.1875,portrait,edible,Platismatia Glauca,cf732127a69209fc
Classes/edible/Platismatia glauca/23806medium.jpeg,3,23806medium,jpeg,500,375,1.3333333333333333,0.1875,landscape,edible,Platismatia Glauca,8103ef6b19c1e78b
Classes/edible/Platismatia glauca/23735medium.jpg,3,23735medium,jpg,375,500,0.75,0.1875,portrait,edible,Platismatia Glauca,df9810c7747f1348
Classes/edible/Platismatia glauca/23797medium.jpeg,3,23797medium,jpeg,439,500,0.878,0.2195,portrait,edible,Platismatia Glauca,df485cb12137f069
Classes/edible/Platismatia glauca/23660medium.jpeg,3,23660medium,jpeg,500,406,1.2315270935960592,0.203,landscape,edible,Platismatia Glauca,e70d1f784372c859
Classes/edible/Platismatia glauca/23573medium.jpg,3,23573medium,jpg,500,375,1.3333333333333333,0.1875,landscape,edible,Platismatia Glauca,9e847923da33c9cc
Classes/edible/porcelain_fungus/7.png,3,7,png,512,512,1.0,0.262144,square,edible,Porcelain Fungus,fcda7b357081894a
Classes/edible/porcelain_fungus/2.png,3,2,png,512,512,1.0,0.262144,square,edible,Porcelain Fungus,8dc83a5b3c64e4a7
Classes/edible/porcelain_fungus/8.png,3,8,png,512,512,1.0,0.262144,square,edible,Porcelain Fungus,9e88152f95cea5d2
Classes/edible/porcelain_fungus/1.png,3,1,png,512,512,1.0,0.262144,square,edible,Porcelain Fungus,c78f7871a5323319
Classes/edible/porcelain_fungus/11.png,3,11,png,512,512,1.0,0.262144,square,edible,Porcelain Fungus,cf88e3fc87b0b230
Classes/edible/porcelain_fungus/5.png,3,5,png,512,512,1.0,0.262144,square,edible,Porcelain Fungus,939435674e6c5955
Classes/edible/porcelain_fungus/14.png,3,14,png,512,512,1.0,0.262144,square,edible,Porcelain Fungus,ce8a7074373386ce
Classes/edible/Volvariella_volvacea/Volvariella_volvacea49.png,3,Volvariella_volvacea49,png,275,183,1.5027322404371584,0.050325,landscape,edible,Volvariella Volvacea,ec3c92c3c34f233c
Classes/edible/Volvariella_volvacea/Volvariella_volvacea2.png,3,Volvariella_volvacea2,png,100,100,1.0,0.01,square,edible,Volvariella Volvacea,e0635b0f353cb48b
Classes/edible/Volvariella_volvacea/Volvariella_volvacea45.png,3,Volvariella_volvacea45,png,262,192,1.3645833333333333,0.050304,landscape,edible,Volvariella Volvacea,e1861eb9698f30e6
Classes/edible/Volvariella_volvacea/Volvariella_volvacea32.png,3,Volvariella_volvacea32,png,318,159,2.0,0.050562,landscape,edible,Volvariella Volvacea,9dc83436a3922fb6
Classes/edible/Volvariella_volvacea/Volvariella_volvacea39.png,3,Volvariella_volvacea39,png,237,212,1.1179245283018868,0.050244,landscape,edible,Volvariella Volvacea,8cde4e23743c72c5
Classes/edible/Volvariella_volvacea/Volvariella_volvacea13.png,3,Volvariella_volvacea13,png,100,100,1.0,0.01,square,edible,Volvariella Volvacea,f203fd563ddc2031
Classes/edible/Volvariella_volvacea/Volvariella_volvacea47.png,3,Volvariella_volvacea47,png,275,183,1.5027322404371584,0.050325,landscape,edible,Volvariella Volvacea,b18ec6393c65939a
Classes/edible/blue_roundhead/7.png,3,7,png,512,512,1.0,0.262144,square,edible,Blue Roundhead,8cd5aa24784cc7db
Classes/edible/blue_roundhead/2.png,3,2,png,512,512,1.0,0.262144,square,edible,Blue Roundhead,cecbe64c7ce0e4c0
Classes/edible/blue_roundhead/8.png,3,8,png,512,512,1.0,0.262144,square,edible,Blue Roundhead,8b8e797d24a1e136
Classes/edible/blue_roundhead/1.png,3,1,png,512,512,1.0,0.262144,square,edible,Blue Roundhead,c19e1e4926a5e17b
Classes/edible/blue_roundhead/11.png,3,11,png,512,512,1.0,0.262144,square,edible,Blue Roundhead,dc926565c1c6e1f8
Classes/edible/blue_roundhead/5.png,3,5,png,512,512,1.0,0.262144,square,edible,Blue Roundhead,989c67ed24a4e1da
Classes/edible/blue_roundhead/14.png,3,14,png,512,512,1.0,0.262144,square,edible,Blue Roundhead,f3e04bc272a5e2e8
Classes/edible/summer_bolete/7.png,3,7,png,512,512,1.0,0.262144,square,edible,Summer Bolete,c98d713072d3cd8d
Classes/edible/summer_bolete/2.png,3,2,png,512,512,1.0,0.262144,square,edible,Summer Bolete,ee8dadea21a58392
Classes/edible/summer_bolete/8.png,3,8,png,512,512,1.0,0.262144,square,edible,Summer Bolete,9c95c88ec8da6cd9
Classes/edible/summer_bolete/1.png,3,1,png,512,512,1.0,0.262144,square,edible,Summer Bolete,9aca61ba693925e5
Classes/edible/summer_bolete/11.png,3,11,png,512,512,1.0,0.262144,square,edible,Summer Bolete,98b5739ad1d87524
Classes/edible/summer_bolete/5.png,3,5,png,512,512,1.0,0.262144,square,edible,Summer Bolete,dcf37cda63246604
Classes/edible/summer_bolete/14.png,3,14,png,512,512,1.0,0.262144,square,edible,Summer Bolete,f3fce0a12487a596
Classes/edible/Tuber_brumale/Tuber_brumale27.png,3,Tuber_brumale27,png,276,183,1.5081967213114753,0.050508,landscape,edible,Tuber Brumale,a7104bc7b863e71c
Classes/edible/Tuber_brumale/Tuber_brumale10.png,3,Tuber_brumale10,png,100,100,1.0,0.01,square,edible,Tuber Brumale,f83c91439ec76c94
Classes/edible/Tuber_brumale/Tuber_brumale26.png,3,Tuber_brumale26,png,290,174,1.6666666666666667,0.05046,landscape,edible,Tuber Brumale,b982c63939c6e49b
Classes/edible/Tuber_brumale/Tuber_brumale29.png,3,Tuber_brumale29,png,224,224,1.0,0.050176,square,edible,Tuber Brumale,ecc693386ce46c9a
Classes/edible/Tuber_brumale/Tuber_brumale22.png,3,Tuber_brumale22,png,225,225,1.0,0.050625,square,edible,Tuber Brumale,aeb3d148ce9d30b2
Classes/edible/Tuber_brumale/Tuber_brumale2.png,3,Tuber_brumale2,png,100,100,1.0,0.01,square,edible,Tuber Brumale,aa68ddc58129f393
Classes/edible/Tuber_brumale/Tuber_brumale5.png,3,Tuber_brumale5,png,100,100,1.0,0.01,square,edible,Tuber Brumale,b969414f4a38f0d7
Classes/edible/common_puffball/7.png,3,7,png,512,512,1.0,0.262144,square,edible,Common Puffball,a4b60b69fcb2c0b5
Classes/edible/common_puffball/2.png,3,2,png,512,512,1.0,0.262144,square,edible,Common Puffball,cd8c393323669a8f
Classes/edible/common_puffball/8.png,3,8,png,512,512,1.0,0.262144,square,edible,Common Puffball,dada2d2486b6ce91
Classes/edible/common_puffball/1.png,3,1,png,512,512,1.0,0.262144,square,edible,Common Puffball,96ce793585c096c7
Classes/edible/common_puffball/11.png,3,11,png,512,512,1.0,0.262144,square,edible,Common Puffball,9a9a397164e3a6c6
Classes/edible/common_puffball/5.png,3,5,png,512,512,1.0,0.262144,square,edible,Common Puffball,e5c61a3de1c25b19
Classes/edible/common_puffball/14.png,3,14,png,512,512,1.0,0.262144,square,edible,Common Puffball,87b1381f7986aa87
Classes/edible/Rhizopogon_luteolus/Rhizopogon_luteolus21.png,3,Rhizopogon_luteolus21,png,274,184,1.4891304347826086,0.050416,landscape,edible,Rhizopogon Luteolus,885873b78f5e88f0
Classes/edible/Rhizopogon_luteolus/Rhizopogon_luteolus41.png,3,Rhizopogon_luteolus41,png,275,183,1.5027322404371584,0.050325,landscape,edible,Rhizopogon Luteolus,dbc52b1a26fb0998
Classes/edible/Rhizopogon_luteolus/Rhizopogon_luteolus20.png,3,Rhizopogon_luteolus20,png,259,194,1.3350515463917525,0.050246,landscape,edible,Rhizopogon Luteolus,94a3634c7871df8c
Classes/edible/Rhizopogon_luteolus/Rhizopogon_luteolus47.png,3,Rhizopogon_luteolus47,png,228,221,1.0316742081447965,0.050388,landscape,edible,Rhizopogon Luteolus,c69e3c288141dedf
Classes/edible/Rhizopogon_luteolus/Rhizopogon_luteolus36.png,3,Rhizopogon_luteolus36,png,259,194,1.3350515463917525,0.050246,landscape,edible,Rhizopogon Luteolus,f13a3e94d861a72c
Classes/edible/Rhizopogon_luteolus/Rhizopogon_luteolus33.png,3,Rhizopogon_luteolus33,png,272,185,1.4702702702702704,0.05032,landscape,edible,Rhizopogon Luteolus,db33a4c65b99812d
Classes/edible/Rhizopogon_luteolus/Rhizopogon_luteolus10.png,3,Rhizopogon_luteolus10,png,100,100,1.0,0.01,square,edible,Rhizopogon Luteolus,f10c0eef89f49532
Classes/edible/velvet_shank/7.png,3,7,png,512,512,1.0,0.262144,square,edible,Velvet Shank,dbd66538b4898b26
Classes/edible/velvet_shank/2.png,3,2,png,512,512,1.0,0.262144,square,edible,Velvet Shank,e79999783c68c1c5
Classes/edible/velvet_shank/8.png,3,8,png,512,512,1.0,0.262144,square,edible,Velvet Shank,d5f9a304279cc44f
Classes/edible/velvet_shank/1.png,3,1,png,512,512,1.0,0.262144,square,edible,Velvet Shank,8eb2474cdce12d69
Classes/edible/velvet_shank/11.png,3,11,png,512,512,1.0,0.262144,square,edible,Velvet Shank,d6c5bc06d529ee11
Classes/edible/velvet_shank/5.png,3,5,png,512,512,1.0,0.262144,square,edible,Velvet Shank,97c360b6d528cd87
Classes/edible/velvet_shank/14.png,3,14,png,512,512,1.0,0.262144,square,edible,Velvet Shank,853b26c6b4a6987b
Classes/edible/Phallus_indusiatus/Phallus_indusiatus60.png,3,Phallus_indusiatus60,png,275,183,1.5027322404371584,0.050325,landscape,edible,Phallus Indusiatus,cd2632d931d8ce3a
Classes/edible/Phallus_indusiatus/Phallus_indusiatus19.png,3,Phallus_indusiatus19,png,183,276,0.6630434782608695,0.050508,portrait,edible,Phallus Indusiatus,c61e39f0914fcc6c
Classes/edible/Phallus_indusiatus/Phallus_indusiatus36.png,3,Phallus_indusiatus36,png,194,259,0.749034749034749,0.050246,portrait,edible,Phallus Indusiatus,cc3f31b1c31f8874
Classes/edible/Phallus_indusiatus/Phallus_indusiatus2.png,3,Phallus_indusiatus2,png,100,100,1.0,0.01,square,edible,Phallus Indusiatus,8ca7739aa509e9e2
Classes/edible/Phallus_indusiatus/Phallus_indusiatus21.png,3,Phallus_indusiatus21,png,208,242,0.859504132231405,0.050336,portrait,edible,Phallus Indusiatus,83e2699d1ad8e764
Classes/edible/Phallus_indusiatus/Phallus_indusiatus11.png,3,Phallus_indusiatus11,png,100,100,1.0,0.01,square,edible,Phallus Indusiatus,9678680fddd4f244
Classes/edible/Phallus_indusiatus/Phallus_indusiatus59.png,3,Phallus_indusiatus59,png,271,186,1.456989247311828,0.050406,landscape,edible,Phallus Indusiatus,cd6c309163b77a23
Classes/edible/Hydnum_repandum/Hydnum_repandum26.png,3,Hydnum_repandum26,png,300,168,1.7857142857142858,0.0504,landscape,edible,Hydnum Repandum,d09162e7295cbd3a
Classes/edible/Hydnum_repandum/Hydnum_repandum5.png,3,Hydnum_repandum5,png,100,100,1.0,0.01,square,edible,Hydnum Repandum,ed3a49c692cd92c9
Classes/edible/Hydnum_repandum/Hydnum_repandum7.png,3,Hydnum_repandum7,png,275,183,1.5027322404371584,0.050325,landscape,edible,Hydnum Repandum,8dc50e5a4fb581f1
Classes/edible/Hydnum_repandum/Hydnum_repandum31.png,3,Hydnum_repandum31,png,100,100,1.0,0.01,square,edible,Hydnum Repandum,cedc09a337733226
Classes/edible/Hydnum_repandum/Hydnum_repandum22.png,3,Hydnum_repandum22,png,262,192,1.3645833333333333,0.050304,landscape,edible,Hydnum Repandum,d2e539b28dc166cc
Classes/edible/Hydnum_repandum/Hydnum_repandum18.png,3,Hydnum_repandum18,png,256,197,1.299492385786802,0.050432,landscape,edible,Hydnum Repandum,85a37a0b953416f7
Classes/edible/Hydnum_repandum/Hydnum_repandum17.png,3,Hydnum_repandum17,png,259,194,1.3350515463917525,0.050246,landscape,edible,Hydnum Repandum,919d2e624f0de18f
Classes/edible/Marasmius_oreades/Marasmius_oreades20.png,3,Marasmius_oreades20,png,100,100,1.0,0.01,square,edible,Marasmius Oreades,d3896e6e61e0919b
Classes/edible/Marasmius_oreades/Marasmius_oreades23.png,3,Marasmius_oreades23,png,100,100,1.0,0.01,square,edible,Marasmius Oreades,f4db421a3a2548ef
Classes/edible/Marasmius_oreades/Marasmius_oreades38.png,3,Marasmius_oreades38,png,259,195,1.328205128205128,0.050505,landscape,edible,Marasmius Oreades,cc82ed593d34b2e2
Classes/edible/Marasmius_oreades/Marasmius_oreades46.png,3,Marasmius_oreades46,png,275,183,1.5027322404371584,0.050325,landscape,edible,Marasmius Oreades,90d42e39e1e70cdd
Classes/edible/Marasmius_oreades/Marasmius_oreades19.png,3,Marasmius_oreades19,png,94,94,1.0,0.008836,square,edible,Marasmius Oreades,d9cc0de3d3190e65
Classes/edible/Marasmius_oreades/Marasmius_oreades24.png,3,Marasmius_oreades24,png,100,100,1.0,0.01,square,edible,Marasmius Oreades,b9d2f88c6a3e0653
Classes/edible/Marasmius_oreades/Marasmius_oreades28.png,3,Marasmius_oreades28,png,279,181,1.5414364640883975,0.050499,landscape,edible,Marasmius Oreades,e0d8b3f3162c5b61
Classes/edible/sulphur_tuft/7.png,3,7,png,512,512,1.0,0.262144,square,edible,Sulphur Tuft,f1f078cf050cc8f3
Classes/edible/sulphur_tuft/2.png,3,2,png,512,512,1.0,0.262144,square,edible,Sulphur Tuft,f38d4cdabc247829
Classes/edible/sulphur_tuft/8.png,3,8,png,512,512,1.0,0.262144,square,edible,Sulphur Tuft,8b4275e33a8ae8e3
Classes/edible/sulphur_tuft/1.png,3,1,png,512,512,1.0,0.262144,square,edible,Sulphur Tuft,810e597cf2e806bf
Classes/edible/sulphur_tuft/11.png,3,11,png,512,512,1.0,0.262144,square,edible,Sulphur Tuft,dbba6cc12f24908f
Classes/edible/sulphur_tuft/5.png,3,5,png,512,512,1.0,0.262144,square,edible,Sulphur Tuft,918b6bf429b4878e
Classes/edible/sulphur_tuft/14.png,3,14,png,512,512,1.0,0.262144,square,edible,Sulphur Tuft,d0a5f5c09db2e0cd
Classes/edible/tawny_funnel/7.png,3,7,png,512,512,1.0,0.262144,square,edible,Tawny Funnel,f6395ee1e10834d6
Classes/edible/tawny_funnel/2.png,3,2,png,512,512,1.0,0.262144,square,edible,Tawny Funnel,8f8f3138389b2771
Classes/edible/tawny_funnel/8.png,3,8,png,512,512,1.0,0.262144,square,edible,Tawny Funnel,8ddd7eb029069273
Classes/edible/tawny_funnel/1.png,3,1,png,512,512,1.0,0.262144,square,edible,Tawny Funnel,cdf6188e890a5f39
Classes/edible/tawny_funnel/11.png,3,11,png,512,512,1.0,0.262144,square,edible,Tawny Funnel,859f1ab8b3d70d48
Classes/edible/tawny_funnel/5.png,3,5,png,512,512,1.0,0.262144,square,edible,Tawny Funnel,91952f79e1664ad8
Classes/edible/tawny_funnel/14.png,3,14,png,512,512,1.0,0.262144,square,edible,Tawny Funnel,81c6426a6a7db6ad
Classes/edible/Cyclocybe_aegerita/Cyclocybe_aegerita17.png,3,Cyclocybe_aegerita17,png,267,189,1.4126984126984128,0.050463,landscape,edible,Cyclocybe Aegerita,909d6b72cb0df630
Classes/edible/Cyclocybe_aegerita/Cyclocybe_aegerita12.png,3,Cyclocybe_aegerita12,png,275,184,1.4945652173913044,0.0506,landscape,edible,Cyclocybe Aegerita,d3ad6c3eb1c84623
Classes/edible/Cyclocybe_aegerita/Cyclocybe_aegerita14.png,3,Cyclocybe_aegerita14,png,225,224,1.0044642857142858,0.0504,landscape,edible,Cyclocybe Aegerita,801f3bf09770c79c
Classes/edible/Cyclocybe_aegerita/Cyclocybe_aegerita3.png,3,Cyclocybe_aegerita3,png,100,100,1.0,0.01,square,edible,Cyclocybe Aegerita,c917417f32bc0be4
Classes/edible/Cyclocybe_aegerita/Cyclocybe_aegerita25.png,3,Cyclocybe_aegerita25,png,275,183,1.5027322404371584,0.050325,landscape,edible,Cyclocybe Aegerita,87d33b01316eb4f4
Classes/edible/Cyclocybe_aegerita/Cyclocybe_aegerita9.png,3,Cyclocybe_aegerita9,png,100,100,1.0,0.01,square,edible,Cyclocybe Aegerita,ebc34d861b9f6504
Classes/edible/Cyclocybe_aegerita/Cyclocybe_aegerita16.png,3,Cyclocybe_aegerita16,png,201,250,0.804,0.05025,portrait,edible,Cyclocybe Aegerita,e92c94d2ca991f1b
Classes/edible/common_morel/7.png,3,7,png,512,512,1.0,0.262144,square,edible,Common Morel,d9e64dc967d93220
Classes/edible/common_morel/2.png,3,2,png,512,512,1.0,0.262144,square,edible,Common Morel,a6b30ec971cc35ac
Classes/edible/common_morel/8.png,3,8,png,512,512,1.0,0.262144,square,edible,Common Morel,9e98284631e6cff8
Classes/edible/common_morel/1.png,3,1,png,512,512,1.0,0.262144,square,edible,Common Morel,ec9299bd331242f5
Classes/edible/common_morel/11.png,3,11,png,512,512,1.0,0.262144,square,edible,Common Morel,e4b18d0c3b4c79cb
Classes/edible/common_morel/5.png,3,5,png,512,512,1.0,0.262144,square,edible,Common Morel,8cb327dc71878f60
Classes/edible/common_morel/14.png,3,14,png,512,512,1.0,0.262144,square,edible,Common Morel,ecd392ad73062ee0
Classes/edible/Calvatia_gigantea/Calvatia_gigantea36.png,3,Calvatia_gigantea36,png,275,183,1.5027322404371584,0.050325,landscape,edible,Calvatia Gigantea,86927d697069727a
Classes/edible/Calvatia_gigantea/Calvatia_gigantea14.png,3,Calvatia_gigantea14,png,100,100,1.0,0.01,square,edible,Calvatia Gigantea,c31f3dd0d0cbc29c
Classes/edible/Calvatia_gigantea/Calvatia_gigantea17.png,3,Calvatia_gigantea17,png,100,100,1.0,0.01,square,edible,Calvatia Gigantea,e4a41b5b7c9c62e2
Classes/edible/Calvatia_gigantea/Calvatia_gigantea28.png,3,Calvatia_gigantea28,png,275,183,1.5027322404371584,0.050325,landscape,edible,Calvatia Gigantea,91916e7fe96c8191
Classes/edible/Calvatia_gigantea/Calvatia_gigantea50.png,3,Calvatia_gigantea50,png,300,168,1.7857142857142858,0.0504,landscape,edible,Calvatia Gigantea,9a9865613667ce36
Classes/edible/Calvatia_gigantea/Calvatia_gigantea56.png,3,Calvatia_gigantea56,png,275,183,1.5027322404371584,0.050325,landscape,edible,Calvatia Gigantea,9e9939c1654666bc
Classes/edible/Calvatia_gigantea/Calvatia_gigantea3.png,3,Calvatia_gigantea3,png,100,100,1.0,0.01,square,edible,Calvatia Gigantea,c08f6b7d657065b0
Classes/edible/beefsteak_fungus/7.png,3,7,png,512,512,1.0,0.262144,square,edible,Beefsteak Fungus,f3bfe263989e0130
Classes/edible/beefsteak_fungus/2.png,3,2,png,512,512,1.0,0.262144,square,edible,Beefsteak Fungus,95aa6897347ce724
Classes/edible/beefsteak_fungus/8.png,3,8,png,512,512,1.0,0.262144,square,edible,Beefsteak Fungus,b071eb1297aa9e68
Classes/edible/beefsteak_fungus/1.png,3,1,png,512,512,1.0,0.262144,square,edible,Beefsteak Fungus,9dd06b4796b1c81b
Classes/edible/beefsteak_fungus/11.png,3,11,png,512,512,1.0,0.262144,square,edible,Beefsteak Fungus,8ae53f9468192773
Classes/edible/beefsteak_fungus/5.png,3,5,png,512,512,1.0,0.262144,square,edible,Beefsteak Fungus,e37ec3b009223f93
Classes/edible/beefsteak_fungus/14.png,3,14,png,512,512,1.0,0.262144,square,edible,Beefsteak Fungus,881e3f61ca1ecd99
Classes/edible/Cortinarius_caperatus/Cortinarius_caperatus30.png,3,Cortinarius_caperatus30,png,275,183,1.5027322404371584,0.050325,landscape,edible,Cortinarius Caperatus,93922a6ae2a96d6d
Classes/edible/Cortinarius_caperatus/Cortinarius_caperatus51.png,3,Cortinarius_caperatus51,png,200,147,1.3605442176870748,0.0294,landscape,edible,Cortinarius Caperatus,915a5ee1e1256d4e
Classes/edible/Cortinarius_caperatus/Cortinarius_caperatus24.png,3,Cortinarius_caperatus24,png,220,229,0.960698689956332,0.05038,portrait,edible,Cortinarius Caperatus,95da14c59a3ec3e4
Classes/edible/Cortinarius_caperatus/Cortinarius_caperatus46.png,3,Cortinarius_caperatus46,png,253,199,1.271356783919598,0.050347,landscape,edible,Cortinarius Caperatus,963b68e52786969a
Classes/edible/Cortinarius_caperatus/Cortinarius_caperatus0.png,3,Cortinarius_caperatus0,png,100,100,1.0,0.01,square,edible,Cortinarius Caperatus,e8c91539eb3c1e16
Classes/edible/Cortinarius_caperatus/Cortinarius_caperatus36.png,3,Cortinarius_caperatus36,png,100,100,1.0,0.01,square,edible,Cortinarius Caperatus,96c4265a647d6da5
Classes/edible/Cortinarius_caperatus/Cortinarius_caperatus16.png,3,Cortinarius_caperatus16,png,276,183,1.5081967213114753,0.050508,landscape,edible,Cortinarius Caperatus,d2933d4c62e6adc1
Classes/edible/Lactarius_deterrimus/Lactarius_deterrimus21.png,3,Lactarius_deterrimus21,png,274,184,1.4891304347826086,0.050416,landscape,edible,Lactarius Deterrimus,95c1293e4a71b5d3
Classes/edible/Lactarius_deterrimus/Lactarius_deterrimus11.png,3,Lactarius_deterrimus11,png,275,183,1.5027322404371584,0.050325,landscape,edible,Lactarius Deterrimus,919d6e63a4dbcc24
Classes/edible/Lactarius_deterrimus/Lactarius_deterrimus26.png,3,Lactarius_deterrimus26,png,289,175,1.6514285714285717,0.050575,landscape,edible,Lactarius Deterrimus,a7d2586d21f89587
Classes/edible/Lactarius_deterrimus/Lactarius_deterrimus7.png,3,Lactarius_deterrimus7,png,100,100,1.0,0.01,square,edible,Lactarius Deterrimus,d45b63b72841f30e
Classes/edible/Lactarius_deterrimus/Lactarius_deterrimus13.png,3,Lactarius_deterrimus13,png,276,183,1.5081967213114753,0.050508,landscape,edible,Lactarius Deterrimus,f0385c6cf391153e
Classes/edible/Lactarius_deterrimus/Lactarius_deterrimus23.png,3,Lactarius_deterrimus23,png,259,194,1.3350515463917525,0.050246,landscape,edible,Lactarius Deterrimus,92e4b6a9357b5846
Classes/deadly/Lepiota_castanea/Lepiota_castanea11.png,3,Lepiota_castanea11,png,276,183,1.5081967213114753,0.050508,landscape,deadly,Lepiota Castanea,a292960ddc8d696f
Classes/deadly/Lepiota_castanea/Lepiota_castanea10.png,3,Lepiota_castanea10,png,259,194,1.3350515463917525,0.050246,landscape,deadly,Lepiota Castanea,c88b2727609ddf70
Classes/deadly/Lepiota_castanea/Lepiota_castanea12.png,3,Lepiota_castanea12,png,262,192,1.3645833333333333,0.050304,landscape,deadly,Lepiota Castanea,e1893eb642eb919c
Classes/deadly/Lepiota_castanea/Lepiota_castanea13.png,3,Lepiota_castanea13,png,259,194,1.3350515463917525,0.050246,landscape,deadly,Lepiota Castanea,a7955a6da22123fa
Classes/deadly/Lepiota_castanea/Lepiota_castanea17.png,3,Lepiota_castanea17,png,180,280,0.6428571428571429,0.0504,portrait,deadly,Lepiota Castanea,94cc63333d2c6d6c
Classes/deadly/Lepiota_castanea/Lepiota_castanea16.png,3,Lepiota_castanea16,png,266,190,1.4,0.05054,landscape,deadly,Lepiota Castanea,ec6184a783c3e27e
Classes/deadly/Lepiota_castanea/Lepiota_castanea14.png,3,Lepiota_castanea14,png,264,191,1.382198952879581,0.050424,landscape,deadly,Lepiota Castanea,9f8dcc4eee292134
Classes/deadly/Lepiota_castanea/Lepiota_castanea28.png,3,Lepiota_castanea28,png,275,183,1.5027322404371584,0.050325,landscape,deadly,Lepiota Castanea,980564989ee66df3
Classes/deadly/Lepiota_castanea/Lepiota_castanea29.png,3,Lepiota_castanea29,png,275,183,1.5027322404371584,0.050325,landscape,deadly,Lepiota Castanea,ce0e7269393271d9
Classes/deadly/Lepiota_castanea/Lepiota_castanea15.png,3,Lepiota_castanea15,png,183,275,0.6654545454545454,0.050325,portrait,deadly,Lepiota Castanea,99cbb0603a9ecba6
Classes/deadly/Lepiota_castanea/Lepiota_castanea1.png,3,Lepiota_castanea1,png,100,100,1.0,0.01,square,deadly,Lepiota Castanea,91f256252d86ad3b
Classes/deadly/Lepiota_castanea/Lepiota_castanea3.png,3,Lepiota_castanea3,png,100,100,1.0,0.01,square,deadly,Lepiota Castanea,dc922521f28acf75
Classes/deadly/Lepiota_castanea/Lepiota_castanea2.png,3,Lepiota_castanea2,png,100,100,1.0,0.01,square,deadly,Lepiota Castanea,939e76e421a19c9b
Classes/deadly/Lepiota_castanea/Lepiota_castanea6.png,3,Lepiota_castanea6,png,100,100,1.0,0.01,square,deadly,Lepiota Castanea,8ea5af31e6e1a8a1
Classes/deadly/Lepiota_castanea/Lepiota_castanea7.png,3,Lepiota_castanea7,png,100,100,1.0,0.01,square,deadly,Lepiota Castanea,8ccea17623f68b98
Classes/deadly/Lepiota_castanea/Lepiota_castanea5.png,3,Lepiota_castanea5,png,100,100,1.0,0.01,square,deadly,Lepiota Castanea,eddc4c8d03363c3a
Classes/deadly/Lepiota_castanea/Lepiota_castanea4.png,3,Lepiota_castanea4,png,100,100,1.0,0.01,square,deadly,Lepiota Castanea,f31c40816dbc67c7
Classes/deadly/Lepiota_castanea/Lepiota_castanea9.png,3,Lepiota_castanea9,png,100,100,1.0,0.01,square,deadly,Lepiota Castanea,9393e669677c3828
Classes/deadly/Lepiota_castanea/Lepiota_castanea8.png,3,Lepiota_castanea8,png,100,100,1.0,0.01,square,deadly,Lepiota Castanea,d0973d726eeca0a1
Classes/deadly/Lepiota_castanea/Lepiota_castanea18.png,3,Lepiota_castanea18,png,262,192,1.3645833333333333,0.050304,landscape,deadly,Lepiota Castanea,d6906fa43ce671c1
Classes/deadly/Lepiota_castanea/Lepiota_castanea24.png,3,Lepiota_castanea24,png,188,268,0.7014925373134329,0.050384,portrait,deadly,Lepiota Castanea,93b96e683996b883
Classes/deadly/Lepiota_castanea/Lepiota_castanea25.png,3,Lepiota_castanea25,png,259,194,1.3350515463917525,0.050246,landscape,deadly,Lepiota Castanea,c3963c6b68cc85b5
Classes/deadly/Lepiota_castanea/Lepiota_castanea19.png,3,Lepiota_castanea19,png,225,225,1.0,0.050625,square,deadly,Lepiota Castanea,a88ba727f7931321
Classes/deadly/Lepiota_castanea/Lepiota_castanea26.png,3,Lepiota_castanea26,png,205,246,0.8333333333333334,0.05043,portrait,deadly,Lepiota Castanea,86c51d3b72763c34
Classes/deadly/Lepiota_castanea/Lepiota_castanea22.png,3,Lepiota_castanea22,png,184,274,0.6715328467153284,0.050416,portrait,deadly,Lepiota Castanea,9996e27d6b4d9c80
Classes/deadly/Lepiota_castanea/Lepiota_castanea23.png,3,Lepiota_castanea23,png,248,203,1.2216748768472907,0.050344,landscape,deadly,Lepiota Castanea,ce4af165ab32946c
Classes/deadly/Lepiota_castanea/Lepiota_castanea21.png,3,Lepiota_castanea21,png,268,188,1.425531914893617,0.050384,landscape,deadly,Lepiota Castanea,f828af0f9713e06c
Classes/deadly/Lepiota_castanea/Lepiota_castanea20.png,3,Lepiota_castanea20,png,270,187,1.4438502673796791,0.05049,landscape,deadly,Lepiota Castanea,c0ce2d3bb266c999
Classes/deadly/Lepiota_brunneolilacea/Lepiota_brunneolilacea9.png,3,Lepiota_brunneolilacea9,png,100,100,1.0,0.01,square,deadly,Lepiota Brunneolilacea,8d8ca76164c696de
Classes/deadly/Lepiota_brunneolilacea/Lepiota_brunneolilacea8.png,3,Lepiota_brunneolilacea8,png,100,100,1.0,0.01,square,deadly,Lepiota Brunneolilacea,8e8bda6661756839
Classes/deadly/Lepiota_brunneolilacea/Lepiota_brunneolilacea17.png,3,Lepiota_brunneolilacea17,png,275,183,1.5027322404371584,0.050325,landscape,deadly,Lepiota Brunneolilacea,c1d81c2da73371f1
Classes/deadly/Lepiota_brunneolilacea/Lepiota_brunneolilacea16.png,3,Lepiota_brunneolilacea16,png,259,194,1.3350515463917525,0.050246,landscape,deadly,Lepiota Brunneolilacea,a93cd41991ed9783
Classes/deadly/Lepiota_brunneolilacea/Lepiota_brunneolilacea14.png,3,Lepiota_brunneolilacea14,png,246,205,1.2,0.05043,landscape,deadly,Lepiota Brunneolilacea,ed9e1f23a40f4a68
Classes/deadly/Lepiota_brunneolilacea/Lepiota_brunneolilacea28.png,3,Lepiota_brunneolilacea28,png,275,183,1.5027322404371584,0.050325,landscape,deadly,Lepiota Brunneolilacea,94973f48ccadc90d
Classes/deadly/Lepiota_brunneolilacea/Lepiota_brunneolilacea29.png,3,Lepiota_brunneolilacea29,png,150,113,1.327433628318584,0.01695,landscape,deadly,Lepiota Brunneolilacea,d2c54c6a2797d8d8
Classes/deadly/Lepiota_brunneolilacea/Lepiota_brunneolilacea15.png,3,Lepiota_brunneolilacea15,png,194,259,0.749034749034749,0.050246,portrait,deadly,Lepiota Brunneolilacea,ad92d3bdd56a2680
Classes/deadly/Lepiota_brunneolilacea/Lepiota_brunneolilacea11.png,3,Lepiota_brunneolilacea11,png,100,100,1.0,0.01,square,deadly,Lepiota Brunneolilacea,94d27739ccc68c6a
Classes/deadly/Lepiota_brunneolilacea/Lepiota_brunneolilacea10.png,3,Lepiota_brunneolilacea10,png,100,100,1.0,0.01,square,deadly,Lepiota Brunneolilacea,b8bc0606beb4d84f
Classes/deadly/Lepiota_brunneolilacea/Lepiota_brunneolilacea12.png,3,Lepiota_brunneolilacea12,png,100,100,1.0,0.01,square,deadly,Lepiota Brunneolilacea,95d26d7d3a1894c6
Classes/deadly/Lepiota_brunneolilacea/Lepiota_brunneolilacea13.png,3,Lepiota_brunneolilacea13,png,279,181,1.5414364640883975,0.050499,landscape,deadly,Lepiota Brunneolilacea,dc846b78c62338ee
Classes/deadly/Lepiota_brunneolilacea/Lepiota_brunneolilacea22.png,3,Lepiota_brunneolilacea22,png,225,225,1.0,0.050625,square,deadly,Lepiota Brunneolilacea,d4d42f24dccd86d2
Classes/deadly/Lepiota_brunneolilacea/Lepiota_brunneolilacea23.png,3,Lepiota_brunneolilacea23,png,225,225,1.0,0.050625,square,deadly,Lepiota Brunneolilacea,efc840674398bfb0
Classes/deadly/Lepiota_brunneolilacea/Lepiota_brunneolilacea21.png,3,Lepiota_brunneolilacea21,png,259,195,1.328205128205128,0.050505,landscape,deadly,Lepiota Brunneolilacea,c89f35e19a27c19c
Classes/deadly/Lepiota_brunneolilacea/Lepiota_brunneolilacea18.png,3,Lepiota_brunneolilacea18,png,259,194,1.3350515463917525,0.050246,landscape,deadly,Lepiota Brunneolilacea,9c9d5b4435647539
Classes/deadly/Lepiota_brunneolilacea/Lepiota_brunneolilacea24.png,3,Lepiota_brunneolilacea24,png,269,188,1.430851063829787,0.050572,landscape,deadly,Lepiota Brunneolilacea,c6d3591c336a65b4
Classes/deadly/Lepiota_brunneolilacea/Lepiota_brunneolilacea30.png,3,Lepiota_brunneolilacea30,png,259,194,1.3350515463917525,0.050246,landscape,deadly,Lepiota Brunneolilacea,d0b42b13b4cd67d8
Classes/deadly/Lepiota_brunneolilacea/Lepiota_brunneolilacea31.png,3,Lepiota_brunneolilacea31,png,275,183,1.5027322404371584,0.050325,landscape,deadly,Lepiota Brunneolilacea,90d10f6ef4b55748
Classes/deadly/Lepiota_brunneolilacea/Lepiota_brunneolilacea25.png,3,Lepiota_brunneolilacea25,png,194,259,0.749034749034749,0.050246,portrait,deadly,Lepiota Brunneolilacea,c0e736db2980c779
Classes/deadly/Lepiota_brunneolilacea/Lepiota_brunneolilacea19.png,3,Lepiota_brunneolilacea19,png,259,194,1.3350515463917525,0.050246,landscape,deadly,Lepiota Brunneolilacea,bd242f60e1f1931b
Classes/deadly/Lepiota_brunneolilacea/Lepiota_brunneolilacea27.png,3,Lepiota_brunneolilacea27,png,259,194,1.3350515463917525,0.050246,landscape,deadly,Lepiota Brunneolilacea,90ca7a31ccc69d6d
Classes/deadly/Lepiota_brunneolilacea/Lepiota_brunneolilacea26.png,3,Lepiota_brunneolilacea26,png,259,194,1.3350515463917525,0.050246,landscape,deadly,Lepiota Brunneolilacea,919b1e6b708ccb6c
Classes/deadly/Lepiota_brunneolilacea/Lepiota_brunneolilacea32.png,3,Lepiota_brunneolilacea32,png,259,194,1.3350515463917525,0.050246,landscape,deadly,Lepiota Brunneolilacea,b5890ff2e40fd238
Classes/deadly/Lepiota_brunneolilacea/Lepiota_brunneolilacea4.png,3,Lepiota_brunneolilacea4,png,100,100,1.0,0.01,square,deadly,Lepiota Brunneolilacea,eb1f1323ac07527c
Classes/deadly/Lepiota_brunneolilacea/Lepiota_brunneolilacea6.png,3,Lepiota_brunneolilacea6,png,100,100,1.0,0.01,square,deadly,Lepiota Brunneolilacea,8a3cfc5ab0e994e2
Classes/deadly/Lepiota_brunneolilacea/Lepiota_brunneolilacea7.png,3,Lepiota_brunneolilacea7,png,100,100,1.0,0.01,square,deadly,Lepiota Brunneolilacea,cfa8591fc7311c64
Classes/deadly/Lepiota_brunneolilacea/Lepiota_brunneolilacea3.png,3,Lepiota_brunneolilacea3,png,100,100,1.0,0.01,square,deadly,Lepiota Brunneolilacea,b0971fe26348662f
Classes/deadly/Lepiota_brunneolilacea/Lepiota_brunneolilacea0.png,3,Lepiota_brunneolilacea0,png,100,100,1.0,0.01,square,deadly,Lepiota Brunneolilacea,c4d31b0d386c6bae
Classes/deadly/Lepiota_brunneolilacea/Lepiota_brunneolilacea1.png,3,Lepiota_brunneolilacea1,png,100,100,1.0,0.01,square,deadly,Lepiota Brunneolilacea,d09c1f2d613138fe
Classes/deadly/Amanita_ocreata/Amanita_ocreata23.png,3,Amanita_ocreata23,png,268,188,1.425531914893617,0.050384,landscape,deadly,Amanita Ocreata,93e49299ec56a51b
Classes/deadly/Amanita_ocreata/Amanita_ocreata22.png,3,Amanita_ocreata22,png,187,269,0.6951672862453532,0.050303,portrait,deadly,Amanita Ocreata,cdb0330e6f5a70e1
Classes/deadly/Amanita_ocreata/Amanita_ocreata20.png,3,Amanita_ocreata20,png,233,216,1.0787037037037035,0.050328,landscape,deadly,Amanita Ocreata,d39c6d633c94e01e
Classes/deadly/Amanita_ocreata/Amanita_ocreata21.png,3,Amanita_ocreata21,png,201,251,0.8007968127490039,0.050451,portrait,deadly,Amanita Ocreata,89c3d7296a39ea94
Classes/deadly/Amanita_ocreata/Amanita_ocreata25.png,3,Amanita_ocreata25,png,269,187,1.4385026737967914,0.050303,landscape,deadly,Amanita Ocreata,b2913d6e7a0ec598
Classes/deadly/Amanita_ocreata/Amanita_ocreata19.png,3,Amanita_ocreata19,png,219,230,0.9521739130434784,0.05037,portrait,deadly,Amanita Ocreata,999666792179245f
Classes/deadly/Amanita_ocreata/Amanita_ocreata18.png,3,Amanita_ocreata18,png,259,194,1.3350515463917525,0.050246,landscape,deadly,Amanita Ocreata,966b780e29b99c66
Classes/deadly/Amanita_ocreata/Amanita_ocreata24.png,3,Amanita_ocreata24,png,168,300,0.56,0.0504,portrait,deadly,Amanita Ocreata,d8c2f3992e273d24
Classes/deadly/Amanita_ocreata/Amanita_ocreata26.png,3,Amanita_ocreata26,png,275,183,1.5027322404371584,0.050325,landscape,deadly,Amanita Ocreata,92973f61646ccb1c
Classes/deadly/Amanita_ocreata/Amanita_ocreata27.png,3,Amanita_ocreata27,png,303,166,1.8253012048192772,0.050298,landscape,deadly,Amanita Ocreata,943b0bb47115f74c
Classes/deadly/Amanita_ocreata/Amanita_ocreata9.png,3,Amanita_ocreata9,png,259,194,1.3350515463917525,0.050246,landscape,deadly,Amanita Ocreata,c1e23e956b34933c
Classes/deadly/Amanita_ocreata/Amanita_ocreata4.png,3,Amanita_ocreata4,png,100,100,1.0,0.01,square,deadly,Amanita Ocreata,d992f0ef4c196343
Classes/deadly/Amanita_ocreata/Amanita_ocreata16.png,3,Amanita_ocreata16,png,259,194,1.3350515463917525,0.050246,landscape,deadly,Amanita Ocreata,d3bd0d1266c259cb
Classes/deadly/Amanita_ocreata/Amanita_ocreata17.png,3,Amanita_ocreata17,png,266,190,1.4,0.05054,landscape,deadly,Amanita Ocreata,d4e17b6936219596
Classes/deadly/Amanita_ocreata/Amanita_ocreata15.png,3,Amanita_ocreata15,png,259,194,1.3350515463917525,0.050246,landscape,deadly,Amanita Ocreata,c49a4aad6c671be1
Classes/deadly/Amanita_ocreata/Amanita_ocreata14.png,3,Amanita_ocreata14,png,254,198,1.2828282828282829,0.050292,landscape,deadly,Amanita Ocreata,d3d81ab76465e42c
Classes/deadly/Amanita_ocreata/Amanita_ocreata6.png,3,Amanita_ocreata6,png,100,100,1.0,0.01,square,deadly,Amanita Ocreata,c8c693c9c6c8ecd9
Classes/deadly/Amanita_ocreata/Amanita_ocreata2.png,3,Amanita_ocreata2,png,100,100,1.0,0.01,square,deadly,Amanita Ocreata,d63909d67ea4e02e
Classes/deadly/Amanita_ocreata/Amanita_ocreata10.png,3,Amanita_ocreata10,png,271,186,1.456989247311828,0.050406,landscape,deadly,Amanita Ocreata,d9de0621a97ed644
Classes/deadly/Amanita_ocreata/Amanita_ocreata11.png,3,Amanita_ocreata11,png,276,183,1.5081967213114753,0.050508,landscape,deadly,Amanita Ocreata,cc8f4b48b4b46f4c
Classes/deadly/Amanita_ocreata/Amanita_ocreata3.png,3,Amanita_ocreata3,png,100,100,1.0,0.01,square,deadly,Amanita Ocreata,a99a1c656b6827ba
Classes/deadly/Amanita_ocreata/Amanita_ocreata1.png,3,Amanita_ocreata1,png,100,100,1.0,0.01,square,deadly,Amanita Ocreata,c64469ce3e7419f2
Classes/deadly/Amanita_ocreata/Amanita_ocreata13.png,3,Amanita_ocreata13,png,259,194,1.3350515463917525,0.050246,landscape,deadly,Amanita Ocreata,93d76c1b262b3d0c
Classes/deadly/Amanita_ocreata/Amanita_ocreata12.png,3,Amanita_ocreata12,png,259,194,1.3350515463917525,0.050246,landscape,deadly,Amanita Ocreata,d11d3c62ef09d21e
Classes/deadly/Amanita_ocreata/Amanita_ocreata0.png,3,Amanita_ocreata0,png,100,100,1.0,0.01,square,deadly,Amanita Ocreata,ccf1573ebda4c0c0
Classes/deadly/Amanita_verna/Amanita_verna17.png,3,Amanita_verna17,png,260,194,1.3402061855670102,0.05044,landscape,deadly,Amanita Verna,99641b6d3436b2d3
Classes/deadly/Amanita_verna/Amanita_verna16.png,3,Amanita_verna16,png,194,259,0.749034749034749,0.050246,portrait,deadly,Amanita Verna,99d662696a879770
Classes/deadly/Amanita_verna/Amanita_verna14.png,3,Amanita_verna14,png,227,222,1.0225225225225223,0.050394,landscape,deadly,Amanita Verna,d98c86b939336327
Classes/deadly/Amanita_verna/Amanita_verna15.png,3,Amanita_verna15,png,259,194,1.3350515463917525,0.050246,landscape,deadly,Amanita Verna,d1c24f9d1d7270e1
Classes/deadly/Amanita_verna/Amanita_verna10.png,3,Amanita_verna10,png,260,194,1.3402061855670102,0.05044,landscape,deadly,Amanita Verna,c0c63e48253fda3b
Classes/deadly/Amanita_verna/Amanita_verna12.png,3,Amanita_verna12,png,259,195,1.328205128205128,0.050505,landscape,deadly,Amanita Verna,cbdb2abc7065e0e0
Classes/deadly/Amanita_verna/Amanita_verna13.png,3,Amanita_verna13,png,180,250,0.72,0.045,portrait,deadly,Amanita Verna,cd11f0c7c71c1f13
Classes/deadly/Amanita_verna/Amanita_verna9.png,3,Amanita_verna9,png,194,259,0.749034749034749,0.050246,portrait,deadly,Amanita Verna,9962336d48c793b3
Classes/deadly/Amanita_verna/Amanita_verna0.png,3,Amanita_verna0,png,100,100,1.0,0.01,square,deadly,Amanita Verna,bb94763e36a900cb
Classes/deadly/Amanita_verna/Amanita_verna1.png,3,Amanita_verna1,png,100,100,1.0,0.01,square,deadly,Amanita Verna,a47a748d219e4f27
Classes/deadly/Amanita_verna/Amanita_verna3.png,3,Amanita_verna3,png,100,100,1.0,0.01,square,deadly,Amanita Verna,93c448436d7e0d3f
Classes/deadly/Amanita_verna/Amanita_verna6.png,3,Amanita_verna6,png,100,100,1.0,0.01,square,deadly,Amanita Verna,bfc40caa77732161
Classes/deadly/Amanita_verna/Amanita_verna5.png,3,Amanita_verna5,png,100,100,1.0,0.01,square,deadly,Amanita Verna,9a998cc637e31d34
Classes/deadly/Amanita_verna/Amanita_verna4.png,3,Amanita_verna4,png,100,100,1.0,0.01,square,deadly,Amanita Verna,9dc2376c684d9396
Classes/deadly/Amanita_verna/Amanita_verna22.png,3,Amanita_verna22,png,275,184,1.4945652173913044,0.0506,landscape,deadly,Amanita Verna,c38c3d396461b9b6
Classes/deadly/Amanita_verna/Amanita_verna23.png,3,Amanita_verna23,png,275,183,1.5027322404371584,0.050325,landscape,deadly,Amanita Verna,8ecb7274358323ba
Classes/deadly/Amanita_verna/Amanita_verna21.png,3,Amanita_verna21,png,251,201,1.2487562189054726,0.050451,landscape,deadly,Amanita Verna,8db12b69232fcc99
Classes/deadly/Amanita_verna/Amanita_verna20.png,3,Amanita_verna20,png,192,262,0.732824427480916,0.050304,portrait,deadly,Amanita Verna,9d926c7968a4e365
Classes/deadly/Amanita_verna/Amanita_verna18.png,3,Amanita_verna18,png,194,259,0.749034749034749,0.050246,portrait,deadly,Amanita Verna,9312346f6d676638
Classes/deadly/Amanita_verna/Amanita_verna24.png,3,Amanita_verna24,png,243,208,1.1682692307692308,0.050544,landscape,deadly,Amanita Verna,cee60e0d13f87171
Classes/deadly/Amanita_verna/Amanita_verna25.png,3,Amanita_verna25,png,183,275,0.6654545454545454,0.050325,portrait,deadly,Amanita Verna,9081763f7f6ae0d0
Classes/deadly/Amanita_verna/Amanita_verna19.png,3,Amanita_verna19,png,300,168,1.7857142857142858,0.0504,landscape,deadly,Amanita Verna,fcca0b043d864ef3
Classes/deadly/Amanita_verna/Amanita_verna27.png,3,Amanita_verna27,png,265,190,1.394736842105263,0.05035,landscape,deadly,Amanita Verna,81e76959363d1c36
Classes/deadly/Amanita_verna/Amanita_verna26.png,3,Amanita_verna26,png,225,225,1.0,0.050625,square,deadly,Amanita Verna,bcb372cc0d6c278c
Classes/deadly/Cortinarius_splendens/Cortinarius_splendens4.png,3,Cortinarius_splendens4,png,100,100,1.0,0.01,square,deadly,Cortinarius Splendens,8f9a40cc37363c8f
Classes/deadly/Cortinarius_splendens/Cortinarius_splendens6.png,3,Cortinarius_splendens6,png,100,100,1.0,0.01,square,deadly,Cortinarius Splendens,86c96b120d97377a
Classes/deadly/Cortinarius_splendens/Cortinarius_splendens7.png,3,Cortinarius_splendens7,png,100,100,1.0,0.01,square,deadly,Cortinarius Splendens,e2b91e02307cbbf2
Classes/deadly/Cortinarius_splendens/Cortinarius_splendens3.png,3,Cortinarius_splendens3,png,100,100,1.0,0.01,square,deadly,Cortinarius Splendens,c5342a907d4d36cf
Classes/deadly/Cortinarius_splendens/Cortinarius_splendens0.png,3,Cortinarius_splendens0,png,100,100,1.0,0.01,square,deadly,Cortinarius Splendens,8ced748b715025f6
Classes/deadly/Cortinarius_splendens/Cortinarius_splendens1.png,3,Cortinarius_splendens1,png,100,100,1.0,0.01,square,deadly,Cortinarius Splendens,9cc493e34cb46e5a
Classes/deadly/Cortinarius_splendens/Cortinarius_splendens14.png,3,Cortinarius_splendens14,png,275,183,1.5027322404371584,0.050325,landscape,deadly,Cortinarius Splendens,8c916f8d727a718c
Classes/deadly/Cortinarius_splendens/Cortinarius_splendens28.png,3,Cortinarius_splendens28,png,183,275,0.6654545454545454,0.050325,portrait,deadly,Cortinarius Splendens,8cd0c3336f1c3763
Classes/deadly/Cortinarius_splendens/Cortinarius_splendens29.png,3,Cortinarius_splendens29,png,237,213,1.1126760563380282,0.050481,landscape,deadly,Cortinarius Splendens,fed91d87c8d042e4
Classes/deadly/Cortinarius_splendens/Cortinarius_splendens15.png,3,Cortinarius_splendens15,png,276,183,1.5081967213114753,0.050508,landscape,deadly,Cortinarius Splendens,9e152568c7a1b8b7
Classes/deadly/Cortinarius_splendens/Cortinarius_splendens17.png,3,Cortinarius_splendens17,png,259,194,1.3350515463917525,0.050246,landscape,deadly,Cortinarius Splendens,eee12bb4911ed88a
Classes/deadly/Cortinarius_splendens/Cortinarius_splendens16.png,3,Cortinarius_splendens16,png,275,183,1.5027322404371584,0.050325,landscape,deadly,Cortinarius Splendens,c19b72d12fa7244b
Classes/deadly/Cortinarius_splendens/Cortinarius_splendens12.png,3,Cortinarius_splendens12,png,100,100,1.0,0.01,square,deadly,Cortinarius Splendens,c86ecd98363362c7
Classes/deadly/Cortinarius_splendens/Cortinarius_splendens13.png,3,Cortinarius_splendens13,png,100,100,1.0,0.01,square,deadly,Cortinarius Splendens,ece31bb4b00cdd92
Classes/deadly/Cortinarius_splendens/Cortinarius_splendens11.png,3,Cortinarius_splendens11,png,100,100,1.0,0.01,square,deadly,Cortinarius Splendens,be92cc6aa4bf022d
Classes/deadly/Cortinarius_splendens/Cortinarius_splendens10.png,3,Cortinarius_splendens10,png,100,100,1.0,0.01,square,deadly,Cortinarius Splendens,84ab6b4ce338bca3
Classes/deadly/Cortinarius_splendens/Cortinarius_splendens21.png,3,Cortinarius_splendens21,png,259,194,1.3350515463917525,0.050246,landscape,deadly,Cortinarius Splendens,95f47689534b2656
Classes/deadly/Cortinarius_splendens/Cortinarius_splendens20.png,3,Cortinarius_splendens20,png,243,208,1.1682692307692308,0.050544,landscape,deadly,Cortinarius Splendens,ce0cbcf0d07c3e2c
Classes/deadly/Cortinarius_splendens/Cortinarius_splendens22.png,3,Cortinarius_splendens22,png,259,194,1.3350515463917525,0.050246,landscape,deadly,Cortinarius Splendens,86cd6b3b1c92726a
Classes/deadly/Cortinarius_splendens/Cortinarius_splendens23.png,3,Cortinarius_splendens23,png,225,225,1.0,0.050625,square,deadly,Cortinarius Splendens,c0930da63cf9ce4d
Classes/deadly/Cortinarius_splendens/Cortinarius_splendens27.png,3,Cortinarius_splendens27,png,275,183,1.5027322404371584,0.050325,landscape,deadly,Cortinarius Splendens,a3d11eaf3340d2d3
Classes/deadly/Cortinarius_splendens/Cortinarius_splendens32.png,3,Cortinarius_splendens32,png,259,194,1.3350515463917525,0.050246,landscape,deadly,Cortinarius Splendens,c6203f9b780c7aec
Classes/deadly/Cortinarius_splendens/Cortinarius_splendens26.png,3,Cortinarius_splendens26,png,259,194,1.3350515463917525,0.050246,landscape,deadly,Cortinarius Splendens,c28b3469db87617c
Classes/deadly/Cortinarius_splendens/Cortinarius_splendens18.png,3,Cortinarius_splendens18,png,243,208,1.1682692307692308,0.050544,landscape,deadly,Cortinarius Splendens,ee0d213651c9c37b
Classes/deadly/Cortinarius_splendens/Cortinarius_splendens30.png,3,Cortinarius_splendens30,png,273,184,1.483695652173913,0.050232,landscape,deadly,Cortinarius Splendens,d687294c666b19ae
Classes/deadly/Cortinarius_splendens/Cortinarius_splendens24.png,3,Cortinarius_splendens24,png,255,197,1.2944162436548223,0.050235,landscape,deadly,Cortinarius Splendens,d4f5691c7146371a
Classes/deadly/Cortinarius_splendens/Cortinarius_splendens25.png,3,Cortinarius_splendens25,png,225,225,1.0,0.050625,square,deadly,Cortinarius Splendens,cc577d3c83868969
Classes/deadly/Cortinarius_splendens/Cortinarius_splendens31.png,3,Cortinarius_splendens31,png,251,201,1.2487562189054726,0.050451,landscape,deadly,Cortinarius Splendens,9389b14c6732bcd3
Classes/deadly/Cortinarius_splendens/Cortinarius_splendens19.png,3,Cortinarius_splendens19,png,194,259,0.749034749034749,0.050246,portrait,deadly,Cortinarius Splendens,c8ee1f913667c0cc
Classes/deadly/Cortinarius_splendens/Cortinarius_splendens9.png,3,Cortinarius_splendens9,png,100,100,1.0,0.01,square,deadly,Cortinarius Splendens,952d9ab569c35638
Classes/deadly/Cortinarius_splendens/Cortinarius_splendens8.png,3,Cortinarius_splendens8,png,100,100,1.0,0.01,square,deadly,Cortinarius Splendens,919ab14e63358e97
Classes/deadly/Boletus_pulcherrimus/Boletus_pulcherrimus20.png,3,Boletus_pulcherrimus20,png,252,200,1.26,0.0504,landscape,deadly,Boletus Pulcherrimus,9b7066db386d2166
Classes/deadly/Boletus_pulcherrimus/Boletus_pulcherrimus26.png,3,Boletus_pulcherrimus26,png,275,183,1.5027322404371584,0.050325,landscape,deadly,Boletus Pulcherrimus,9d9ee82332708b3e
Classes/deadly/Boletus_pulcherrimus/Boletus_pulcherrimus27.png,3,Boletus_pulcherrimus27,png,224,225,0.9955555555555556,0.0504,portrait,deadly,Boletus Pulcherrimus,bc87856c372afac0
Classes/deadly/Boletus_pulcherrimus/Boletus_pulcherrimus19.png,3,Boletus_pulcherrimus19,png,203,249,0.8152610441767069,0.050547,portrait,deadly,Boletus Pulcherrimus,939c6ed2622af1b1
Classes/deadly/Boletus_pulcherrimus/Boletus_pulcherrimus24.png,3,Boletus_pulcherrimus24,png,252,200,1.26,0.0504,landscape,deadly,Boletus Pulcherrimus,c2d33dc03c076b3b
Classes/deadly/Boletus_pulcherrimus/Boletus_pulcherrimus17.png,3,Boletus_pulcherrimus17,png,195,259,0.752895752895753,0.050505,portrait,deadly,Boletus Pulcherrimus,9fc9200a7c68d9b7
Classes/deadly/Boletus_pulcherrimus/Boletus_pulcherrimus4.png,3,Boletus_pulcherrimus4,png,100,100,1.0,0.01,square,deadly,Boletus Pulcherrimus,979c3cd4686a38b3
Classes/deadly/Boletus_pulcherrimus/Boletus_pulcherrimus5.png,3,Boletus_pulcherrimus5,png,100,100,1.0,0.01,square,deadly,Boletus Pulcherrimus,bc4b7a2431fce524
Classes/deadly/Boletus_pulcherrimus/Boletus_pulcherrimus3.png,3,Boletus_pulcherrimus3,png,100,100,1.0,0.01,square,deadly,Boletus Pulcherrimus,dfc9850e6c49c1b9
Classes/deadly/Boletus_pulcherrimus/Boletus_pulcherrimus0.png,3,Boletus_pulcherrimus0,png,100,100,1.0,0.01,square,deadly,Boletus Pulcherrimus,8f9d71666dc8a648
Classes/deadly/Amanita_sphaerobulbosa/Amanita_sphaerobulbosa7.png,3,Amanita_sphaerobulbosa7,png,100,100,1.0,0.01,square,deadly,Amanita Sphaerobulbosa,c0b6ac593654ed53
Classes/deadly/Amanita_sphaerobulbosa/Amanita_sphaerobulbosa26.png,3,Amanita_sphaerobulbosa26,png,238,212,1.1226415094339623,0.050456,landscape,deadly,Amanita Sphaerobulbosa,cdb630a0339bccc7
Classes/deadly/Amanita_sphaerobulbosa/Amanita_sphaerobulbosa18.png,3,Amanita_sphaerobulbosa18,png,228,221,1.0316742081447965,0.050388,landscape,deadly,Amanita Sphaerobulbosa,c2c7c03b7b1b4b4a
Classes/deadly/Amanita_sphaerobulbosa/Amanita_sphaerobulbosa24.png,3,Amanita_sphaerobulbosa24,png,183,275,0.6654545454545454,0.050325,portrait,deadly,Amanita Sphaerobulbosa,8e193364dbcf7424
Classes/deadly/Amanita_sphaerobulbosa/Amanita_sphaerobulbosa4.png,3,Amanita_sphaerobulbosa4,png,100,100,1.0,0.01,square,deadly,Amanita Sphaerobulbosa,cc97c32e237602fa
Classes/deadly/Amanita_sphaerobulbosa/Amanita_sphaerobulbosa5.png,3,Amanita_sphaerobulbosa5,png,100,100,1.0,0.01,square,deadly,Amanita Sphaerobulbosa,92ac69e996d4643b
Classes/deadly/Amanita_sphaerobulbosa/Amanita_sphaerobulbosa25.png,3,Amanita_sphaerobulbosa25,png,198,254,0.7795275590551181,0.050292,portrait,deadly,Amanita Sphaerobulbosa,c9a712ce5296e9d8
Classes/deadly/Amanita_sphaerobulbosa/Amanita_sphaerobulbosa19.png,3,Amanita_sphaerobulbosa19,png,259,194,1.3350515463917525,0.050246,landscape,deadly,Amanita Sphaerobulbosa,999b666476e683c2
Classes/deadly/Amanita_sphaerobulbosa/Amanita_sphaerobulbosa12.png,3,Amanita_sphaerobulbosa12,png,183,275,0.6654545454545454,0.050325,portrait,deadly,Amanita Sphaerobulbosa,9cb6262cf2964b69
Classes/deadly/Amanita_sphaerobulbosa/Amanita_sphaerobulbosa13.png,3,Amanita_sphaerobulbosa13,png,270,187,1.4438502673796791,0.05049,landscape,deadly,Amanita Sphaerobulbosa,d4e1e3526559da52
Classes/deadly/Amanita_sphaerobulbosa/Amanita_sphaerobulbosa10.png,3,Amanita_sphaerobulbosa10,png,225,225,1.0,0.050625,square,deadly,Amanita Sphaerobulbosa,d0d17f6969212537
Classes/deadly/Amanita_sphaerobulbosa/Amanita_sphaerobulbosa14.png,3,Amanita_sphaerobulbosa14,png,199,133,1.4962406015037597,0.026467,landscape,deadly,Amanita Sphaerobulbosa,dc9931ccd2bb4d60
Classes/deadly/Amanita_sphaerobulbosa/Amanita_sphaerobulbosa9.png,3,Amanita_sphaerobulbosa9,png,275,183,1.5027322404371584,0.050325,landscape,deadly,Amanita Sphaerobulbosa,d49e2b49c19f32c6
Classes/deadly/Pleurocybella_porrigens/Pleurocybella_porrigens23.png,3,Pleurocybella_porrigens23,png,259,194,1.3350515463917525,0.050246,landscape,deadly,Pleurocybella Porrigens,dfc449293e12a5f2
Classes/deadly/Pleurocybella_porrigens/Pleurocybella_porrigens22.png,3,Pleurocybella_porrigens22,png,259,194,1.3350515463917525,0.050246,landscape,deadly,Pleurocybella Porrigens,87e3714d712c1f0b
Classes/deadly/Pleurocybella_porrigens/Pleurocybella_porrigens20.png,3,Pleurocybella_porrigens20,png,275,183,1.5027322404371584,0.050325,landscape,deadly,Pleurocybella Porrigens,970c34537f794ae0
Classes/deadly/Pleurocybella_porrigens/Pleurocybella_porrigens21.png,3,Pleurocybella_porrigens21,png,195,258,0.7558139534883721,0.05031,portrait,deadly,Pleurocybella Porrigens,85636ae537583363
Classes/deadly/Pleurocybella_porrigens/Pleurocybella_porrigens19.png,3,Pleurocybella_porrigens19,png,259,194,1.3350515463917525,0.050246,landscape,deadly,Pleurocybella Porrigens,81996eb5616a31be
Classes/deadly/Pleurocybella_porrigens/Pleurocybella_porrigens25.png,3,Pleurocybella_porrigens25,png,259,194,1.3350515463917525,0.050246,landscape,deadly,Pleurocybella Porrigens,c8333edbe0c13699
Classes/deadly/Pleurocybella_porrigens/Pleurocybella_porrigens24.png,3,Pleurocybella_porrigens24,png,210,158,1.3291139240506329,0.03318,landscape,deadly,Pleurocybella Porrigens,8c5e33b398c6d8ac
Classes/deadly/Pleurocybella_porrigens/Pleurocybella_porrigens18.png,3,Pleurocybella_porrigens18,png,259,194,1.3350515463917525,0.050246,landscape,deadly,Pleurocybella Porrigens,c690376f5c4e58c3
Classes/deadly/Pleurocybella_porrigens/Pleurocybella_porrigens26.png,3,Pleurocybella_porrigens26,png,262,192,1.3645833333333333,0.050304,landscape,deadly,Pleurocybella Porrigens,90cf6e3871861fd2
Classes/deadly/Pleurocybella_porrigens/Pleurocybella_porrigens8.png,3,Pleurocybella_porrigens8,png,275,183,1.5027322404371584,0.050325,landscape,deadly,Pleurocybella Porrigens,954a3db767353032
Classes/deadly/Pleurocybella_porrigens/Pleurocybella_porrigens9.png,3,Pleurocybella_porrigens9,png,294,171,1.719298245614035,0.050274,landscape,deadly,Pleurocybella Porrigens,93cd6d3d34321ac6
Classes/deadly/Pleurocybella_porrigens/Pleurocybella_porrigens16.png,3,Pleurocybella_porrigens16,png,275,183,1.5027322404371584,0.050325,landscape,deadly,Pleurocybella Porrigens,94f06b0f2b6ca533
Classes/deadly/Pleurocybella_porrigens/Pleurocybella_porrigens4.png,3,Pleurocybella_porrigens4,png,100,100,1.0,0.01,square,deadly,Pleurocybella Porrigens,85db2d0b513d62e9
Classes/deadly/Pleurocybella_porrigens/Pleurocybella_porrigens5.png,3,Pleurocybella_porrigens5,png,100,100,1.0,0.01,square,deadly,Pleurocybella Porrigens,d23732644de13b4b
Classes/deadly/Pleurocybella_porrigens/Pleurocybella_porrigens17.png,3,Pleurocybella_porrigens17,png,258,195,1.323076923076923,0.05031,landscape,deadly,Pleurocybella Porrigens,d2c23bbdcce65242
Classes/deadly/Pleurocybella_porrigens/Pleurocybella_porrigens15.png,3,Pleurocybella_porrigens15,png,275,183,1.5027322404371584,0.050325,landscape,deadly,Pleurocybella Porrigens,da9271d733684c27
Classes/deadly/Pleurocybella_porrigens/Pleurocybella_porrigens7.png,3,Pleurocybella_porrigens7,png,275,183,1.5027322404371584,0.050325,landscape,deadly,Pleurocybella Porrigens,c3e372189f3b19e0
Classes/deadly/Pleurocybella_porrigens/Pleurocybella_porrigens6.png,3,Pleurocybella_porrigens6,png,100,100,1.0,0.01,square,deadly,Pleurocybella Porrigens,d5c412afcbe15272
Classes/deadly/Pleurocybella_porrigens/Pleurocybella_porrigens14.png,3,Pleurocybella_porrigens14,png,266,178,1.4943820224719102,0.047348,landscape,deadly,Pleurocybella Porrigens,95cb3c2d4a3467a5
Classes/deadly/Pleurocybella_porrigens/Pleurocybella_porrigens10.png,3,Pleurocybella_porrigens10,png,261,193,1.3523316062176165,0.050373,landscape,deadly,Pleurocybella Porrigens,c23b3b624cc7b14b
Classes/deadly/Pleurocybella_porrigens/Pleurocybella_porrigens2.png,3,Pleurocybella_porrigens2,png,100,100,1.0,0.01,square,deadly,Pleurocybella Porrigens,92c5859b5a788f1b
Classes/deadly/Pleurocybella_porrigens/Pleurocybella_porrigens3.png,3,Pleurocybella_porrigens3,png,100,100,1.0,0.01,square,deadly,Pleurocybella Porrigens,8a6b30cf5a25c6cb
Classes/deadly/Pleurocybella_porrigens/Pleurocybella_porrigens11.png,3,Pleurocybella_porrigens11,png,294,171,1.719298245614035,0.050274,landscape,deadly,Pleurocybella Porrigens,d09c9eb263267a8e
Classes/deadly/Pleurocybella_porrigens/Pleurocybella_porrigens13.png,3,Pleurocybella_porrigens13,png,260,194,1.3402061855670102,0.05044,landscape,deadly,Pleurocybella Porrigens,cbc8642f1e37623c
Classes/deadly/Pleurocybella_porrigens/Pleurocybella_porrigens0.png,3,Pleurocybella_porrigens0,png,100,100,1.0,0.01,square,deadly,Pleurocybella Porrigens,978f3c70f147c948
Classes/deadly/Pleurocybella_porrigens/Pleurocybella_porrigens12.png,3,Pleurocybella_porrigens12,png,304,166,1.8313253012048192,0.050464,landscape,deadly,Pleurocybella Porrigens,d0d47ae2e364cd0d
Classes/deadly/Lepiota_subincarnata/Lepiota_subincarnata8.png,3,Lepiota_subincarnata8,png,100,100,1.0,0.01,square,deadly,Lepiota Subincarnata,baf2664c193f8d0a
Classes/deadly/Lepiota_subincarnata/Lepiota_subincarnata12.png,3,Lepiota_subincarnata12,png,100,100,1.0,0.01,square,deadly,Lepiota Subincarnata,c506307b8de65a5b
Classes/deadly/Lepiota_subincarnata/Lepiota_subincarnata13.png,3,Lepiota_subincarnata13,png,100,100,1.0,0.01,square,deadly,Lepiota Subincarnata,84c34b6c3a3de52d
Classes/deadly/Lepiota_subincarnata/Lepiota_subincarnata11.png,3,Lepiota_subincarnata11,png,100,100,1.0,0.01,square,deadly,Lepiota Subincarnata,dfd600191938bdf1
Classes/deadly/Lepiota_subincarnata/Lepiota_subincarnata10.png,3,Lepiota_subincarnata10,png,100,100,1.0,0.01,square,deadly,Lepiota Subincarnata,e99b1ce6e57c6021
Classes/deadly/Lepiota_subincarnata/Lepiota_subincarnata28.png,3,Lepiota_subincarnata28,png,262,192,1.3645833333333333,0.050304,landscape,deadly,Lepiota Subincarnata,ccc963368d9d3331
Classes/deadly/Lepiota_subincarnata/Lepiota_subincarnata14.png,3,Lepiota_subincarnata14,png,100,100,1.0,0.01,square,deadly,Lepiota Subincarnata,e6854a787e3ea0d1
Classes/deadly/Lepiota_subincarnata/Lepiota_subincarnata15.png,3,Lepiota_subincarnata15,png,260,194,1.3402061855670102,0.05044,landscape,deadly,Lepiota Subincarnata,8d8da66366c79ac8
Classes/deadly/Lepiota_subincarnata/Lepiota_subincarnata29.png,3,Lepiota_subincarnata29,png,228,221,1.0316742081447965,0.050388,landscape,deadly,Lepiota Subincarnata,96b9490722f7783c
Classes/deadly/Lepiota_subincarnata/Lepiota_subincarnata17.png,3,Lepiota_subincarnata17,png,275,183,1.5027322404371584,0.050325,landscape,deadly,Lepiota Subincarnata,e1953c60a39fb871
Classes/deadly/Lepiota_subincarnata/Lepiota_subincarnata16.png,3,Lepiota_subincarnata16,png,259,194,1.3350515463917525,0.050246,landscape,deadly,Lepiota Subincarnata,d99a32696164c7d6
Classes/deadly/Lepiota_subincarnata/Lepiota_subincarnata1.png,3,Lepiota_subincarnata1,png,100,100,1.0,0.01,square,deadly,Lepiota Subincarnata,cbfe3430d362094f
Classes/deadly/Lepiota_subincarnata/Lepiota_subincarnata27.png,3,Lepiota_subincarnata27,png,262,192,1.3645833333333333,0.050304,landscape,deadly,Lepiota Subincarnata,d2f6641c2cabd2c6
Classes/deadly/Lepiota_subincarnata/Lepiota_subincarnata33.png,3,Lepiota_subincarnata33,png,225,225,1.0,0.050625,square,deadly,Lepiota Subincarnata,9a93644937fef202
Classes/deadly/Lepiota_subincarnata/Lepiota_subincarnata32.png,3,Lepiota_subincarnata32,png,258,195,1.323076923076923,0.05031,landscape,deadly,Lepiota Subincarnata,c7073b7805c66b4b
Classes/deadly/Lepiota_subincarnata/Lepiota_subincarnata26.png,3,Lepiota_subincarnata26,png,260,194,1.3402061855670102,0.05044,landscape,deadly,Lepiota Subincarnata,c6c3652e3930cddc
Classes/deadly/Lepiota_subincarnata/Lepiota_subincarnata0.png,3,Lepiota_subincarnata0,png,100,100,1.0,0.01,square,deadly,Lepiota Subincarnata,cb9930718ba38dce
Classes/deadly/Lepiota_subincarnata/Lepiota_subincarnata2.png,3,Lepiota_subincarnata2,png,100,100,1.0,0.01,square,deadly,Lepiota Subincarnata,f6b10d68d2959c72
Classes/deadly/Lepiota_subincarnata/Lepiota_subincarnata30.png,3,Lepiota_subincarnata30,png,262,192,1.3645833333333333,0.050304,landscape,deadly,Lepiota Subincarnata,8bd9606673b34d86
Classes/deadly/Lepiota_subincarnata/Lepiota_subincarnata24.png,3,Lepiota_subincarnata24,png,259,194,1.3350515463917525,0.050246,landscape,deadly,Lepiota Subincarnata,85f97a2e34d0cc6a
Classes/deadly/Lepiota_subincarnata/Lepiota_subincarnata18.png,3,Lepiota_subincarnata18,png,281,179,1.5698324022346368,0.050299,landscape,deadly,Lepiota Subincarnata,8783791c353476f2
Classes/deadly/Lepiota_subincarnata/Lepiota_subincarnata25.png,3,Lepiota_subincarnata25,png,194,259,0.749034749034749,0.050246,portrait,deadly,Lepiota Subincarnata,cb18347acf8a745c
Classes/deadly/Lepiota_subincarnata/Lepiota_subincarnata31.png,3,Lepiota_subincarnata31,png,300,168,1.7857142857142858,0.0504,landscape,deadly,Lepiota Subincarnata,91f3664d193d1c3c
Classes/deadly/Lepiota_subincarnata/Lepiota_subincarnata3.png,3,Lepiota_subincarnata3,png,100,100,1.0,0.01,square,deadly,Lepiota Subincarnata,88f7679b8b82299c
Classes/deadly/Lepiota_subincarnata/Lepiota_subincarnata7.png,3,Lepiota_subincarnata7,png,100,100,1.0,0.01,square,deadly,Lepiota Subincarnata,dc9d8363674cccb0
Classes/deadly/Lepiota_subincarnata/Lepiota_subincarnata21.png,3,Lepiota_subincarnata21,png,275,183,1.5027322404371584,0.050325,landscape,deadly,Lepiota Subincarnata,c08d19e6e623673e
Classes/deadly/Lepiota_subincarnata/Lepiota_subincarnata20.png,3,Lepiota_subincarnata20,png,259,194,1.3350515463917525,0.050246,landscape,deadly,Lepiota Subincarnata,d0c03f1f3b3590e3
Classes/deadly/Lepiota_subincarnata/Lepiota_subincarnata34.png,3,Lepiota_subincarnata34,png,275,183,1.5027322404371584,0.050325,landscape,deadly,Lepiota Subincarnata,a7a4393fe2c8c41e
Classes/deadly/Lepiota_subincarnata/Lepiota_subincarnata4.png,3,Lepiota_subincarnata4,png,100,100,1.0,0.01,square,deadly,Lepiota Subincarnata,9ea221f1e48fda19
Classes/deadly/Lepiota_subincarnata/Lepiota_subincarnata22.png,3,Lepiota_subincarnata22,png,334,151,2.2119205298013247,0.050434,landscape,deadly,Lepiota Subincarnata,81b67e43ceca89a5
Classes/deadly/Lepiota_subincarnata/Lepiota_subincarnata23.png,3,Lepiota_subincarnata23,png,214,235,0.9106382978723404,0.05029,portrait,deadly,Lepiota Subincarnata,84c36b6c3f35e521
Classes/deadly/Lepiota_subincarnata/Lepiota_subincarnata5.png,3,Lepiota_subincarnata5,png,100,100,1.0,0.01,square,deadly,Lepiota Subincarnata,84db5b063df2cc46
Classes/deadly/Lepiota_brunneoincarnata/Lepiota_brunneoincarnata3.png,3,Lepiota_brunneoincarnata3,png,100,100,1.0,0.01,square,deadly,Lepiota Brunneoincarnata,95856a7a5fd56068
Classes/deadly/Lepiota_brunneoincarnata/Lepiota_brunneoincarnata2.png,3,Lepiota_brunneoincarnata2,png,100,100,1.0,0.01,square,deadly,Lepiota Brunneoincarnata,e3e24c35b90da63a
Classes/deadly/Lepiota_brunneoincarnata/Lepiota_brunneoincarnata0.png,3,Lepiota_brunneoincarnata0,png,100,100,1.0,0.01,square,deadly,Lepiota Brunneoincarnata,81191f7978c30edd
Classes/deadly/Lepiota_brunneoincarnata/Lepiota_brunneoincarnata1.png,3,Lepiota_brunneoincarnata1,png,100,100,1.0,0.01,square,deadly,Lepiota Brunneoincarnata,a1885768f06371fe
Classes/deadly/Lepiota_brunneoincarnata/Lepiota_brunneoincarnata6.png,3,Lepiota_brunneoincarnata6,png,100,100,1.0,0.01,square,deadly,Lepiota Brunneoincarnata,d09a2f2578cca63e
Classes/deadly/Lepiota_brunneoincarnata/Lepiota_brunneoincarnata7.png,3,Lepiota_brunneoincarnata7,png,100,100,1.0,0.01,square,deadly,Lepiota Brunneoincarnata,95e45ac36aca619b
Classes/deadly/Lepiota_brunneoincarnata/Lepiota_brunneoincarnata11.png,3,Lepiota_brunneoincarnata11,png,251,201,1.2487562189054726,0.050451,landscape,deadly,Lepiota Brunneoincarnata,d98766316960679e
Classes/deadly/Lepiota_brunneoincarnata/Lepiota_brunneoincarnata13.png,3,Lepiota_brunneoincarnata13,png,255,198,1.2878787878787878,0.05049,landscape,deadly,Lepiota Brunneoincarnata,c3993d2669c4c63e
Classes/deadly/Lepiota_brunneoincarnata/Lepiota_brunneoincarnata12.png,3,Lepiota_brunneoincarnata12,png,256,197,1.299492385786802,0.050432,landscape,deadly,Lepiota Brunneoincarnata,c3611dc4349772db
Classes/deadly/Lepiota_brunneoincarnata/Lepiota_brunneoincarnata16.png,3,Lepiota_brunneoincarnata16,png,238,212,1.1226415094339623,0.050456,landscape,deadly,Lepiota Brunneoincarnata,95d65aca69ca6589
Classes/deadly/Lepiota_brunneoincarnata/Lepiota_brunneoincarnata17.png,3,Lepiota_brunneoincarnata17,png,269,187,1.4385026737967914,0.050303,landscape,deadly,Lepiota Brunneoincarnata,8d8f3eb0707ac8e1
Classes/deadly/Lepiota_brunneoincarnata/Lepiota_brunneoincarnata15.png,3,Lepiota_brunneoincarnata15,png,261,193,1.3523316062176165,0.050373,landscape,deadly,Lepiota Brunneoincarnata,9e8b6470795d92a6
Classes/deadly/Lepiota_brunneoincarnata/Lepiota_brunneoincarnata14.png,3,Lepiota_brunneoincarnata14,png,262,192,1.3645833333333333,0.050304,landscape,deadly,Lepiota Brunneoincarnata,9b47b2ac69481f95
Classes/deadly/Lepiota_brunneoincarnata/Lepiota_brunneoincarnata28.png,3,Lepiota_brunneoincarnata28,png,255,197,1.2944162436548223,0.050235,landscape,deadly,Lepiota Brunneoincarnata,c7b87ac739a46886
Classes/deadly/Lepiota_brunneoincarnata/Lepiota_brunneoincarnata25.png,3,Lepiota_brunneoincarnata25,png,194,259,0.749034749034749,0.050246,portrait,deadly,Lepiota Brunneoincarnata,84d3696a5d87d52a
Classes/deadly/Lepiota_brunneoincarnata/Lepiota_brunneoincarnata19.png,3,Lepiota_brunneoincarnata19,png,200,200,1.0,0.04,square,deadly,Lepiota Brunneoincarnata,d1f04ed869e26527
Classes/deadly/Lepiota_brunneoincarnata/Lepiota_brunneoincarnata18.png,3,Lepiota_brunneoincarnata18,png,177,285,0.6210526315789474,0.050445,portrait,deadly,Lepiota Brunneoincarnata,c1d6d838707e6f22
Classes/deadly/Lepiota_brunneoincarnata/Lepiota_brunneoincarnata24.png,3,Lepiota_brunneoincarnata24,png,274,184,1.4891304347826086,0.050416,landscape,deadly,Lepiota Brunneoincarnata,c1c54e12b93f16f1
Classes/deadly/Lepiota_brunneoincarnata/Lepiota_brunneoincarnata26.png,3,Lepiota_brunneoincarnata26,png,194,259,0.749034749034749,0.050246,portrait,deadly,Lepiota Brunneoincarnata,c7c50d971d0754bc
Classes/deadly/Lepiota_brunneoincarnata/Lepiota_brunneoincarnata27.png,3,Lepiota_brunneoincarnata27,png,259,194,1.3350515463917525,0.050246,landscape,deadly,Lepiota Brunneoincarnata,d3b92ee0c9299696
Classes/deadly/Lepiota_brunneoincarnata/Lepiota_brunneoincarnata23.png,3,Lepiota_brunneoincarnata23,png,224,225,0.9955555555555556,0.0504,portrait,deadly,Lepiota Brunneoincarnata,84d05e986a377d9c
Classes/deadly/Lepiota_brunneoincarnata/Lepiota_brunneoincarnata22.png,3,Lepiota_brunneoincarnata22,png,275,183,1.5027322404371584,0.050325,landscape,deadly,Lepiota Brunneoincarnata,92923869c3cd3eb3
Classes/deadly/Lepiota_brunneoincarnata/Lepiota_brunneoincarnata20.png,3,Lepiota_brunneoincarnata20,png,276,183,1.5081967213114753,0.050508,landscape,deadly,Lepiota Brunneoincarnata,d46965991b799607
Classes/deadly/Lepiota_brunneoincarnata/Lepiota_brunneoincarnata21.png,3,Lepiota_brunneoincarnata21,png,262,192,1.3645833333333333,0.050304,landscape,deadly,Lepiota Brunneoincarnata,8e953868732369bb
Classes/deadly/Clitocybe_rivulosa/Clitocybe_rivulosa11.png,3,Clitocybe_rivulosa11,png,100,100,1.0,0.01,square,deadly,Clitocybe Rivulosa,c7f0984753dca34a
Classes/deadly/Clitocybe_rivulosa/Clitocybe_rivulosa13.png,3,Clitocybe_rivulosa13,png,100,100,1.0,0.01,square,deadly,Clitocybe Rivulosa,916f6cc41ff02c63
Classes/deadly/Clitocybe_rivulosa/Clitocybe_rivulosa12.png,3,Clitocybe_rivulosa12,png,100,100,1.0,0.01,square,deadly,Clitocybe Rivulosa,c5d6e6c5a5c90c1e
Classes/deadly/Clitocybe_rivulosa/Clitocybe_rivulosa15.png,3,Clitocybe_rivulosa15,png,265,190,1.394736842105263,0.05035,landscape,deadly,Clitocybe Rivulosa,c64e5ab0ed4d928e
Classes/deadly/Clitocybe_rivulosa/Clitocybe_rivulosa29.png,3,Clitocybe_rivulosa29,png,198,255,0.7764705882352941,0.05049,portrait,deadly,Clitocybe Rivulosa,956f6cc437b16185
Classes/deadly/Clitocybe_rivulosa/Clitocybe_rivulosa28.png,3,Clitocybe_rivulosa28,png,268,188,1.425531914893617,0.050384,landscape,deadly,Clitocybe Rivulosa,83d969a73c26234f
Classes/deadly/Clitocybe_rivulosa/Clitocybe_rivulosa14.png,3,Clitocybe_rivulosa14,png,268,188,1.425531914893617,0.050384,landscape,deadly,Clitocybe Rivulosa,d2c43f0bad6cca86
Classes/deadly/Clitocybe_rivulosa/Clitocybe_rivulosa31.png,3,Clitocybe_rivulosa31,png,243,208,1.1682692307692308,0.050544,landscape,deadly,Clitocybe Rivulosa,921d78c1d69a695e
Classes/deadly/Clitocybe_rivulosa/Clitocybe_rivulosa7.png,3,Clitocybe_rivulosa7,png,100,100,1.0,0.01,square,deadly,Clitocybe Rivulosa,93c50adc2f3fb610
Classes/deadly/Clitocybe_rivulosa/Clitocybe_rivulosa6.png,3,Clitocybe_rivulosa6,png,334,151,2.2119205298013247,0.050434,landscape,deadly,Clitocybe Rivulosa,c6cb0eb13c90da1f
Classes/deadly/Clitocybe_rivulosa/Clitocybe_rivulosa30.png,3,Clitocybe_rivulosa30,png,275,183,1.5027322404371584,0.050325,landscape,deadly,Clitocybe Rivulosa,8d5e39ad62933661
Classes/deadly/Clitocybe_rivulosa/Clitocybe_rivulosa18.png,3,Clitocybe_rivulosa18,png,274,184,1.4891304347826086,0.050416,landscape,deadly,Clitocybe Rivulosa,91d25a4b7731393c
Classes/deadly/Clitocybe_rivulosa/Clitocybe_rivulosa4.png,3,Clitocybe_rivulosa4,png,100,100,1.0,0.01,square,deadly,Clitocybe Rivulosa,e64555bcea4ab48c
Classes/deadly/Clitocybe_rivulosa/Clitocybe_rivulosa33.png,3,Clitocybe_rivulosa33,png,200,200,1.0,0.04,square,deadly,Clitocybe Rivulosa,80c03d8f719e4fb6
Classes/deadly/Clitocybe_rivulosa/Clitocybe_rivulosa1.png,3,Clitocybe_rivulosa1,png,100,100,1.0,0.01,square,deadly,Clitocybe Rivulosa,85d117427a2f613f
Classes/deadly/Clitocybe_rivulosa/Clitocybe_rivulosa23.png,3,Clitocybe_rivulosa23,png,259,194,1.3350515463917525,0.050246,landscape,deadly,Clitocybe Rivulosa,959d32d6ca648cce
Classes/deadly/Clitocybe_rivulosa/Clitocybe_rivulosa0.png,3,Clitocybe_rivulosa0,png,100,100,1.0,0.01,square,deadly,Clitocybe Rivulosa,9d62591c27b05adb
Classes/deadly/Clitocybe_rivulosa/Clitocybe_rivulosa34.png,3,Clitocybe_rivulosa34,png,284,177,1.6045197740112995,0.050268,landscape,deadly,Clitocybe Rivulosa,d34b64b6192d266e
Classes/deadly/Clitocybe_rivulosa/Clitocybe_rivulosa2.png,3,Clitocybe_rivulosa2,png,100,100,1.0,0.01,square,deadly,Clitocybe Rivulosa,d1db6be00c27714b
Classes/deadly/Clitocybe_rivulosa/Clitocybe_rivulosa3.png,3,Clitocybe_rivulosa3,png,100,100,1.0,0.01,square,deadly,Clitocybe Rivulosa,dc814d5ae371b487
Classes/deadly/Lepiota_helveola/Lepiota_helveola23.png,3,Lepiota_helveola23,png,275,183,1.5027322404371584,0.050325,landscape,deadly,Lepiota Helveola,9e94696392cc6dd2
Classes/deadly/Lepiota_helveola/Lepiota_helveola22.png,3,Lepiota_helveola22,png,262,192,1.3645833333333333,0.050304,landscape,deadly,Lepiota Helveola,d9b50ee8e44a4747
Classes/deadly/Lepiota_helveola/Lepiota_helveola1.png,3,Lepiota_helveola1,png,100,100,1.0,0.01,square,deadly,Lepiota Helveola,9ea107dee45660d5
Classes/deadly/Lepiota_helveola/Lepiota_helveola3.png,3,Lepiota_helveola3,png,100,100,1.0,0.01,square,deadly,Lepiota Helveola,d88f845e1fcb4a34
Classes/deadly/Lepiota_helveola/Lepiota_helveola20.png,3,Lepiota_helveola20,png,297,170,1.7470588235294118,0.05049,landscape,deadly,Lepiota Helveola,b03ceee3c7830333
Classes/deadly/Lepiota_helveola/Lepiota_helveola31.png,3,Lepiota_helveola31,png,275,184,1.4945652173913044,0.0506,landscape,deadly,Lepiota Helveola,95903f6e4ac0d1ed
Classes/deadly/Lepiota_helveola/Lepiota_helveola18.png,3,Lepiota_helveola18,png,225,225,1.0,0.050625,square,deadly,Lepiota Helveola,de252994a643db69
Classes/deadly/Lepiota_helveola/Lepiota_helveola30.png,3,Lepiota_helveola30,png,313,161,1.9440993788819876,0.050393,landscape,deadly,Lepiota Helveola,98b771580eed8d61
Classes/deadly/Lepiota_helveola/Lepiota_helveola24.png,3,Lepiota_helveola24,png,313,161,1.9440993788819876,0.050393,landscape,deadly,Lepiota Helveola,88b7714a0eab9d65
Classes/deadly/Lepiota_helveola/Lepiota_helveola7.png,3,Lepiota_helveola7,png,100,100,1.0,0.01,square,deadly,Lepiota Helveola,d90a26a51e3a3779
Classes/deadly/Lepiota_helveola/Lepiota_helveola5.png,3,Lepiota_helveola5,png,100,100,1.0,0.01,square,deadly,Lepiota Helveola,ba6c246de56c616c
Classes/deadly/Lepiota_helveola/Lepiota_helveola32.png,3,Lepiota_helveola32,png,262,192,1.3645833333333333,0.050304,landscape,deadly,Lepiota Helveola,b5c24ab534d273c6
Classes/deadly/Lepiota_helveola/Lepiota_helveola27.png,3,Lepiota_helveola27,png,199,254,0.7834645669291339,0.050546,portrait,deadly,Lepiota Helveola,f89f855e37e1c030
Classes/deadly/Lepiota_helveola/Lepiota_helveola4.png,3,Lepiota_helveola4,png,100,100,1.0,0.01,square,deadly,Lepiota Helveola,9e0ee9f9e0999930
Classes/deadly/Lepiota_helveola/Lepiota_helveola16.png,3,Lepiota_helveola16,png,275,183,1.5027322404371584,0.050325,landscape,deadly,Lepiota Helveola,84c56b3a3f3cccc1
Classes/deadly/Lepiota_helveola/Lepiota_helveola29.png,3,Lepiota_helveola29,png,259,194,1.3350515463917525,0.050246,landscape,deadly,Lepiota Helveola,d68e393116cd9b32
Classes/deadly/Lepiota_helveola/Lepiota_helveola15.png,3,Lepiota_helveola15,png,275,183,1.5027322404371584,0.050325,landscape,deadly,Lepiota Helveola,c4bc7b3e27c41926
Classes/deadly/Lepiota_helveola/Lepiota_helveola14.png,3,Lepiota_helveola14,png,300,168,1.7857142857142858,0.0504,landscape,deadly,Lepiota Helveola,969c6f63f2a52541
Classes/deadly/Lepiota_helveola/Lepiota_helveola10.png,3,Lepiota_helveola10,png,100,100,1.0,0.01,square,deadly,Lepiota Helveola,c4e35b3c26d39435
Classes/deadly/Lepiota_helveola/Lepiota_helveola11.png,3,Lepiota_helveola11,png,100,100,1.0,0.01,square,deadly,Lepiota Helveola,84854d7ebbe921d1
Classes/deadly/Lepiota_helveola/Lepiota_helveola13.png,3,Lepiota_helveola13,png,257,196,1.3112244897959184,0.050372,landscape,deadly,Lepiota Helveola,c01f27c638f93279
Classes/deadly/Lepiota_helveola/Lepiota_helveola12.png,3,Lepiota_helveola12,png,100,100,1.0,0.01,square,deadly,Lepiota Helveola,833d7cd6a3a8ca70
Classes/deadly/Amanita_arocheae/Amanita_arocheae36.png,3,Amanita_arocheae36,png,265,190,1.394736842105263,0.05035,landscape,deadly,Amanita Arocheae,d343a41ebe1ae865
Classes/deadly/Amanita_arocheae/Amanita_arocheae22.png,3,Amanita_arocheae22,png,194,259,0.749034749034749,0.050246,portrait,deadly,Amanita Arocheae,9992e66566de1968
Classes/deadly/Amanita_arocheae/Amanita_arocheae8.png,3,Amanita_arocheae8,png,207,243,0.8518518518518519,0.050301,portrait,deadly,Amanita Arocheae,8790c993783b782f
Classes/deadly/Amanita_arocheae/Amanita_arocheae23.png,3,Amanita_arocheae23,png,183,275,0.6654545454545454,0.050325,portrait,deadly,Amanita Arocheae,d9963269670d3d89
Classes/deadly/Amanita_arocheae/Amanita_arocheae37.png,3,Amanita_arocheae37,png,242,208,1.1634615384615383,0.050336,landscape,deadly,Amanita Arocheae,93943a3a68476e6b
Classes/deadly/Amanita_arocheae/Amanita_arocheae21.png,3,Amanita_arocheae21,png,177,285,0.6210526315789474,0.050445,portrait,deadly,Amanita Arocheae,cc923085d89f36ed
Classes/deadly/Amanita_arocheae/Amanita_arocheae35.png,3,Amanita_arocheae35,png,196,257,0.7626459143968871,0.050372,portrait,deadly,Amanita Arocheae,c857733970a6d1c3
Classes/deadly/Amanita_arocheae/Amanita_arocheae34.png,3,Amanita_arocheae34,png,225,225,1.0,0.050625,square,deadly,Amanita Arocheae,dc9127e319ec6613
Classes/deadly/Amanita_arocheae/Amanita_arocheae30.png,3,Amanita_arocheae30,png,192,262,0.732824427480916,0.050304,portrait,deadly,Amanita Arocheae,9c926c7978a4e365
Classes/deadly/Amanita_arocheae/Amanita_arocheae18.png,3,Amanita_arocheae18,png,194,259,0.749034749034749,0.050246,portrait,deadly,Amanita Arocheae,dbe66461269ad961
Classes/deadly/Amanita_arocheae/Amanita_arocheae19.png,3,Amanita_arocheae19,png,276,182,1.5164835164835164,0.050232,landscape,deadly,Amanita Arocheae,8963279c3accc63d
Classes/deadly/Amanita_arocheae/Amanita_arocheae33.png,3,Amanita_arocheae33,png,183,275,0.6654545454545454,0.050325,portrait,deadly,Amanita Arocheae,ddd714c8723662d2
Classes/deadly/Amanita_arocheae/Amanita_arocheae27.png,3,Amanita_arocheae27,png,257,196,1.3112244897959184,0.050372,landscape,deadly,Amanita Arocheae,9ec3e934f9b091c2
Classes/deadly/Amanita_arocheae/Amanita_arocheae41.png,3,Amanita_arocheae41,png,183,275,0.6654545454545454,0.050325,portrait,deadly,Amanita Arocheae,dc86564c3950d776
Classes/deadly/Amanita_arocheae/Amanita_arocheae40.png,3,Amanita_arocheae40,png,255,198,1.2878787878787878,0.05049,landscape,deadly,Amanita Arocheae,c6b232cd49cc693d
Classes/deadly/Amanita_arocheae/Amanita_arocheae42.png,3,Amanita_arocheae42,png,194,259,0.749034749034749,0.050246,portrait,deadly,Amanita Arocheae,b3826c6d46ea93b2
Classes/deadly/Amanita_arocheae/Amanita_arocheae43.png,3,Amanita_arocheae43,png,270,187,1.4438502673796791,0.05049,landscape,deadly,Amanita Arocheae,c68969ec3c363633
Classes/deadly/Amanita_arocheae/Amanita_arocheae47.png,3,Amanita_arocheae47,png,259,194,1.3350515463917525,0.050246,landscape,deadly,Amanita Arocheae,94336a46676c9c9d
Classes/deadly/Amanita_arocheae/Amanita_arocheae46.png,3,Amanita_arocheae46,png,224,225,0.9955555555555556,0.0504,portrait,deadly,Amanita Arocheae,d7084ad4be5275b2
Classes/deadly/Amanita_arocheae/Amanita_arocheae44.png,3,Amanita_arocheae44,png,261,193,1.3523316062176165,0.050373,landscape,deadly,Amanita Arocheae,956972952f994c27
Classes/deadly/Amanita_arocheae/Amanita_arocheae45.png,3,Amanita_arocheae45,png,259,194,1.3350515463917525,0.050246,landscape,deadly,Amanita Arocheae,99b9af31a233634c
Classes/deadly/Amanita_arocheae/Amanita_arocheae48.png,3,Amanita_arocheae48,png,259,194,1.3350515463917525,0.050246,landscape,deadly,Amanita Arocheae,c0c46b3ae4993b37
Classes/deadly/Amanita_arocheae/Amanita_arocheae49.png,3,Amanita_arocheae49,png,262,192,1.3645833333333333,0.050304,landscape,deadly,Amanita Arocheae,c692194deff2b013
Classes/deadly/Amanita_arocheae/Amanita_arocheae17.png,3,Amanita_arocheae17,png,225,225,1.0,0.050625,square,deadly,Amanita Arocheae,9987f58639782b38
Classes/deadly/Amanita_arocheae/Amanita_arocheae0.png,3,Amanita_arocheae0,png,183,275,0.6654545454545454,0.050325,portrait,deadly,Amanita Arocheae,ceb833383133398f
Classes/deadly/Amanita_arocheae/Amanita_arocheae16.png,3,Amanita_arocheae16,png,272,185,1.4702702702702704,0.05032,landscape,deadly,Amanita Arocheae,c1636f85b4583f2c
Classes/deadly/Amanita_arocheae/Amanita_arocheae28.png,3,Amanita_arocheae28,png,200,133,1.5037593984962403,0.0266,landscape,deadly,Amanita Arocheae,ce312473c32eb3cc
Classes/deadly/Amanita_arocheae/Amanita_arocheae14.png,3,Amanita_arocheae14,png,225,225,1.0,0.050625,square,deadly,Amanita Arocheae,cc935a0cb187c3cf
Classes/deadly/Amanita_arocheae/Amanita_arocheae3.png,3,Amanita_arocheae3,png,194,259,0.749034749034749,0.050246,portrait,deadly,Amanita Arocheae,d98d26b3f1e40665
Classes/deadly/Amanita_arocheae/Amanita_arocheae2.png,3,Amanita_arocheae2,png,276,182,1.5164835164835164,0.050232,landscape,deadly,Amanita Arocheae,dae54b898e2c34f2
Classes/deadly/Amanita_arocheae/Amanita_arocheae29.png,3,Amanita_arocheae29,png,194,260,0.7461538461538462,0.05044,portrait,deadly,Amanita Arocheae,c7c329ec393d1cb0
Classes/deadly/Amanita_arocheae/Amanita_arocheae11.png,3,Amanita_arocheae11,png,183,275,0.6654545454545454,0.050325,portrait,deadly,Amanita Arocheae,ccd633386340c7cf
Classes/deadly/Amanita_arocheae/Amanita_arocheae39.png,3,Amanita_arocheae39,png,275,183,1.5027322404371584,0.050325,landscape,deadly,Amanita Arocheae,d7c968909e6f229a
Classes/deadly/Amanita_arocheae/Amanita_arocheae6.png,3,Amanita_arocheae6,png,193,262,0.7366412213740458,0.050566,portrait,deadly,Amanita Arocheae,d56adb09caa52aa3
Classes/deadly/Amanita_arocheae/Amanita_arocheae7.png,3,Amanita_arocheae7,png,216,233,0.927038626609442,0.050328,portrait,deadly,Amanita Arocheae,99d216a963f162b5
Classes/deadly/Amanita_arocheae/Amanita_arocheae12.png,3,Amanita_arocheae12,png,252,200,1.26,0.0504,landscape,deadly,Amanita Arocheae,d2e449eb2d923e1a
Classes/deadly/Amanita_arocheae/Amanita_arocheae5.png,3,Amanita_arocheae5,png,194,259,0.749034749034749,0.050246,portrait,deadly,Amanita Arocheae,ed86f3d8208f9cd0
Classes/deadly/Amanita_arocheae/Amanita_arocheae4.png,3,Amanita_arocheae4,png,183,275,0.6654545454545454,0.050325,portrait,deadly,Amanita Arocheae,8c1733993924cfc7
Classes/deadly/Podostroma_cornu-damae/Podostroma_cornu-damae0.png,3,Podostroma_cornu-damae0,png,100,100,1.0,0.01,square,deadly,Podostroma Cornu-Damae,cf9b61493a366531
Classes/deadly/Podostroma_cornu-damae/Podostroma_cornu-damae3.png,3,Podostroma_cornu-damae3,png,100,100,1.0,0.01,square,deadly,Podostroma Cornu-Damae,da8f241e714d722b
Classes/deadly/Podostroma_cornu-damae/Podostroma_cornu-damae6.png,3,Podostroma_cornu-damae6,png,100,100,1.0,0.01,square,deadly,Podostroma Cornu-Damae,90c85c5c7e46e52f
Classes/deadly/Podostroma_cornu-damae/Podostroma_cornu-damae7.png,3,Podostroma_cornu-damae7,png,100,100,1.0,0.01,square,deadly,Podostroma Cornu-Damae,d0709d67a34e9e70
Classes/deadly/Podostroma_cornu-damae/Podostroma_cornu-damae5.png,3,Podostroma_cornu-damae5,png,100,100,1.0,0.01,square,deadly,Podostroma Cornu-Damae,a574373850de40f7
Classes/deadly/Podostroma_cornu-damae/Podostroma_cornu-damae4.png,3,Podostroma_cornu-damae4,png,100,100,1.0,0.01,square,deadly,Podostroma Cornu-Damae,95dc5c5e5f674202
Classes/deadly/Podostroma_cornu-damae/Podostroma_cornu-damae29.png,3,Podostroma_cornu-damae29,png,190,266,0.7142857142857143,0.05054,portrait,deadly,Podostroma Cornu-Damae,b4887c05aaa7abb9
Classes/deadly/Podostroma_cornu-damae/Podostroma_cornu-damae15.png,3,Podostroma_cornu-damae15,png,275,183,1.5027322404371584,0.050325,landscape,deadly,Podostroma Cornu-Damae,9c061be9ab8ca4bd
Classes/deadly/Podostroma_cornu-damae/Podostroma_cornu-damae14.png,3,Podostroma_cornu-damae14,png,259,194,1.3350515463917525,0.050246,landscape,deadly,Podostroma Cornu-Damae,a463b2316b884ff6
Classes/deadly/Podostroma_cornu-damae/Podostroma_cornu-damae16.png,3,Podostroma_cornu-damae16,png,184,273,0.673992673992674,0.050232,portrait,deadly,Podostroma Cornu-Damae,95ce7fa22ba1a988
Classes/deadly/Podostroma_cornu-damae/Podostroma_cornu-damae17.png,3,Podostroma_cornu-damae17,png,197,255,0.7725490196078432,0.050235,portrait,deadly,Podostroma Cornu-Damae,879b4b358ea08eab
Classes/deadly/Podostroma_cornu-damae/Podostroma_cornu-damae13.png,3,Podostroma_cornu-damae13,png,100,100,1.0,0.01,square,deadly,Podostroma Cornu-Damae,ae6739ced3718224
Classes/deadly/Podostroma_cornu-damae/Podostroma_cornu-damae10.png,3,Podostroma_cornu-damae10,png,100,100,1.0,0.01,square,deadly,Podostroma Cornu-Damae,f9c6cad9ec804917
Classes/deadly/Podostroma_cornu-damae/Podostroma_cornu-damae11.png,3,Podostroma_cornu-damae11,png,100,100,1.0,0.01,square,deadly,Podostroma Cornu-Damae,8914d772c86f916e
Classes/deadly/Podostroma_cornu-damae/Podostroma_cornu-damae21.png,3,Podostroma_cornu-damae21,png,259,194,1.3350515463917525,0.050246,landscape,deadly,Podostroma Cornu-Damae,d5c54fa8a86f446a
Classes/deadly/Podostroma_cornu-damae/Podostroma_cornu-damae23.png,3,Podostroma_cornu-damae23,png,270,186,1.4516129032258065,0.05022,landscape,deadly,Podostroma Cornu-Damae,a5a0fa09ff1ce11a
Classes/deadly/Podostroma_cornu-damae/Podostroma_cornu-damae22.png,3,Podostroma_cornu-damae22,png,263,192,1.3697916666666667,0.050496,landscape,deadly,Podostroma Cornu-Damae,8321d542aba8f757
Classes/deadly/Podostroma_cornu-damae/Podostroma_cornu-damae26.png,3,Podostroma_cornu-damae26,png,269,187,1.4385026737967914,0.050303,landscape,deadly,Podostroma Cornu-Damae,ae9b8572648f63a4
Classes/deadly/Podostroma_cornu-damae/Podostroma_cornu-damae32.png,3,Podostroma_cornu-damae32,png,259,194,1.3350515463917525,0.050246,landscape,deadly,Podostroma Cornu-Damae,c44ef82d9f970334
Classes/deadly/Podostroma_cornu-damae/Podostroma_cornu-damae33.png,3,Podostroma_cornu-damae33,png,276,183,1.5081967213114753,0.050508,landscape,deadly,Podostroma Cornu-Damae,f54edd89e4964a0a
Classes/deadly/Podostroma_cornu-damae/Podostroma_cornu-damae27.png,3,Podostroma_cornu-damae27,png,275,183,1.5027322404371584,0.050325,landscape,deadly,Podostroma Cornu-Damae,e75d79b240c5b930
Classes/deadly/Podostroma_cornu-damae/Podostroma_cornu-damae25.png,3,Podostroma_cornu-damae25,png,275,183,1.5027322404371584,0.050325,landscape,deadly,Podostroma Cornu-Damae,8386b95c88de0fc7
Classes/deadly/Podostroma_cornu-damae/Podostroma_cornu-damae19.png,3,Podostroma_cornu-damae19,png,300,168,1.7857142857142858,0.0504,landscape,deadly,Podostroma Cornu-Damae,995c27b3c73886d8
Classes/deadly/Podostroma_cornu-damae/Podostroma_cornu-damae18.png,3,Podostroma_cornu-damae18,png,248,203,1.2216748768472907,0.050344,landscape,deadly,Podostroma Cornu-Damae,c26a9f47850cbe72
Classes/deadly/Podostroma_cornu-damae/Podostroma_cornu-damae30.png,3,Podostroma_cornu-damae30,png,275,183,1.5027322404371584,0.050325,landscape,deadly,Podostroma Cornu-Damae,fcf630ccd3e38824
Classes/deadly/Podostroma_cornu-damae/Podostroma_cornu-damae9.png,3,Podostroma_cornu-damae9,png,100,100,1.0,0.01,square,deadly,Podostroma Cornu-Damae,bdc9436bc9426e49
Classes/deadly/Inosperma_erubescens/Inosperma_erubescens7.png,3,Inosperma_erubescens7,png,100,100,1.0,0.01,square,deadly,Inosperma Erubescens,fec09e433575e038
Classes/deadly/Inosperma_erubescens/Inosperma_erubescens6.png,3,Inosperma_erubescens6,png,100,100,1.0,0.01,square,deadly,Inosperma Erubescens,e5950ae8794ec6b1
Classes/deadly/Inosperma_erubescens/Inosperma_erubescens4.png,3,Inosperma_erubescens4,png,100,100,1.0,0.01,square,deadly,Inosperma Erubescens,84cc6b537bd89496
Classes/deadly/Inosperma_erubescens/Inosperma_erubescens0.png,3,Inosperma_erubescens0,png,100,100,1.0,0.01,square,deadly,Inosperma Erubescens,cccf3334f2c38638
Classes/deadly/Inosperma_erubescens/Inosperma_erubescens2.png,3,Inosperma_erubescens2,png,100,100,1.0,0.01,square,deadly,Inosperma Erubescens,eed69991b1676211
Classes/deadly/Inosperma_erubescens/Inosperma_erubescens3.png,3,Inosperma_erubescens3,png,100,100,1.0,0.01,square,deadly,Inosperma Erubescens,8d932679384c73ce
Classes/deadly/Inosperma_erubescens/Inosperma_erubescens16.png,3,Inosperma_erubescens16,png,259,194,1.3350515463917525,0.050246,landscape,deadly,Inosperma Erubescens,a4c46a66b75958a7
Classes/deadly/Inosperma_erubescens/Inosperma_erubescens17.png,3,Inosperma_erubescens17,png,276,183,1.5081967213114753,0.050508,landscape,deadly,Inosperma Erubescens,a43fb336c5911cd2
Classes/deadly/Inosperma_erubescens/Inosperma_erubescens15.png,3,Inosperma_erubescens15,png,253,200,1.265,0.0506,landscape,deadly,Inosperma Erubescens,c19c626e3873e4e3
Classes/deadly/Inosperma_erubescens/Inosperma_erubescens29.png,3,Inosperma_erubescens29,png,275,183,1.5027322404371584,0.050325,landscape,deadly,Inosperma Erubescens,87b14bc4959fd461
Classes/deadly/Inosperma_erubescens/Inosperma_erubescens10.png,3,Inosperma_erubescens10,png,100,100,1.0,0.01,square,deadly,Inosperma Erubescens,bc9c532928bcc975
Classes/deadly/Inosperma_erubescens/Inosperma_erubescens11.png,3,Inosperma_erubescens11,png,259,194,1.3350515463917525,0.050246,landscape,deadly,Inosperma Erubescens,cb5934368bc9943b
Classes/deadly/Inosperma_erubescens/Inosperma_erubescens13.png,3,Inosperma_erubescens13,png,275,183,1.5027322404371584,0.050325,landscape,deadly,Inosperma Erubescens,879c389b87649967
Classes/deadly/Inosperma_erubescens/Inosperma_erubescens12.png,3,Inosperma_erubescens12,png,275,183,1.5027322404371584,0.050325,landscape,deadly,Inosperma Erubescens,94945b32f0db0f3c
Classes/deadly/Inosperma_erubescens/Inosperma_erubescens23.png,3,Inosperma_erubescens23,png,275,183,1.5027322404371584,0.050325,landscape,deadly,Inosperma Erubescens,c486be1c7963ce52
Classes/deadly/Inosperma_erubescens/Inosperma_erubescens22.png,3,Inosperma_erubescens22,png,259,194,1.3350515463917525,0.050246,landscape,deadly,Inosperma Erubescens,c7a6586334399f64
Classes/deadly/Inosperma_erubescens/Inosperma_erubescens21.png,3,Inosperma_erubescens21,png,275,183,1.5027322404371584,0.050325,landscape,deadly,Inosperma Erubescens,c3133c6ee2999527
Classes/deadly/Inosperma_erubescens/Inosperma_erubescens19.png,3,Inosperma_erubescens19,png,200,163,1.2269938650306749,0.0326,landscape,deadly,Inosperma Erubescens,d2c12f94c07ac1fe
Classes/deadly/Inosperma_erubescens/Inosperma_erubescens25.png,3,Inosperma_erubescens25,png,259,194,1.3350515463917525,0.050246,landscape,deadly,Inosperma Erubescens,85ce5917323876e9
Classes/deadly/Inosperma_erubescens/Inosperma_erubescens30.png,3,Inosperma_erubescens30,png,206,244,0.8442622950819673,0.050264,portrait,deadly,Inosperma Erubescens,a5cbda3c61cb2cc2
Classes/deadly/Inosperma_erubescens/Inosperma_erubescens24.png,3,Inosperma_erubescens24,png,276,183,1.5081967213114753,0.050508,landscape,deadly,Inosperma Erubescens,869d38466b39d176
Classes/deadly/Inosperma_erubescens/Inosperma_erubescens18.png,3,Inosperma_erubescens18,png,259,194,1.3350515463917525,0.050246,landscape,deadly,Inosperma Erubescens,94185b2523d4ed7e
Classes/deadly/Inosperma_erubescens/Inosperma_erubescens26.png,3,Inosperma_erubescens26,png,275,183,1.5027322404371584,0.050325,landscape,deadly,Inosperma Erubescens,c4d97ee4859b6924
Classes/deadly/Inosperma_erubescens/Inosperma_erubescens8.png,3,Inosperma_erubescens8,png,100,100,1.0,0.01,square,deadly,Inosperma Erubescens,ac227325cbb01cf7
Classes/deadly/Inosperma_erubescens/Inosperma_erubescens9.png,3,Inosperma_erubescens9,png,100,100,1.0,0.01,square,deadly,Inosperma Erubescens,84366f715a1b9b26
Classes/deadly/Galerina_sulciceps/Galerina_sulciceps9.png,3,Galerina_sulciceps9,png,259,194,1.3350515463917525,0.050246,landscape,deadly,Galerina Sulciceps,f1c79bd930706706
Classes/deadly/Galerina_sulciceps/Galerina_sulciceps8.png,3,Galerina_sulciceps8,png,100,100,1.0,0.01,square,deadly,Galerina Sulciceps,c9844ebb6474ec99
Classes/deadly/Galerina_sulciceps/Galerina_sulciceps22.png,3,Galerina_sulciceps22,png,259,194,1.3350515463917525,0.050246,landscape,deadly,Galerina Sulciceps,ec90f00ef233656d
Classes/deadly/Galerina_sulciceps/Galerina_sulciceps23.png,3,Galerina_sulciceps23,png,240,180,1.3333333333333333,0.0432,landscape,deadly,Galerina Sulciceps,c2c0653f1a9f595c
Classes/deadly/Galerina_sulciceps/Galerina_sulciceps21.png,3,Galerina_sulciceps21,png,275,183,1.5027322404371584,0.050325,landscape,deadly,Galerina Sulciceps,99cd2bb562fc2191
Classes/deadly/Galerina_sulciceps/Galerina_sulciceps20.png,3,Galerina_sulciceps20,png,275,183,1.5027322404371584,0.050325,landscape,deadly,Galerina Sulciceps,96909a6370addbd8
Classes/deadly/Galerina_sulciceps/Galerina_sulciceps18.png,3,Galerina_sulciceps18,png,225,225,1.0,0.050625,square,deadly,Galerina Sulciceps,f465dedada2c0988
Classes/deadly/Galerina_sulciceps/Galerina_sulciceps19.png,3,Galerina_sulciceps19,png,225,225,1.0,0.050625,square,deadly,Galerina Sulciceps,9d9c6c613170671f
Classes/deadly/Galerina_sulciceps/Galerina_sulciceps25.png,3,Galerina_sulciceps25,png,262,192,1.3645833333333333,0.050304,landscape,deadly,Galerina Sulciceps,8e89298eb2e73c95
Classes/deadly/Galerina_sulciceps/Galerina_sulciceps28.png,3,Galerina_sulciceps28,png,183,275,0.6654545454545454,0.050325,portrait,deadly,Galerina Sulciceps,99c293743c3c3d99
Classes/deadly/Galerina_sulciceps/Galerina_sulciceps15.png,3,Galerina_sulciceps15,png,387,130,2.976923076923077,0.05031,landscape,deadly,Galerina Sulciceps,92d3be59e025cea1
Classes/deadly/Galerina_sulciceps/Galerina_sulciceps11.png,3,Galerina_sulciceps11,png,220,150,1.4666666666666666,0.033,landscape,deadly,Galerina Sulciceps,cfd3213c3c63a58c
Classes/deadly/Galerina_sulciceps/Galerina_sulciceps10.png,3,Galerina_sulciceps10,png,259,194,1.3350515463917525,0.050246,landscape,deadly,Galerina Sulciceps,98c56678092e5ebe
Classes/deadly/Galerina_sulciceps/Galerina_sulciceps12.png,3,Galerina_sulciceps12,png,229,220,1.040909090909091,0.05038,landscape,deadly,Galerina Sulciceps,e8981b6d16b34bc6
Classes/deadly/Galerina_sulciceps/Galerina_sulciceps13.png,3,Galerina_sulciceps13,png,251,201,1.2487562189054726,0.050451,landscape,deadly,Galerina Sulciceps,97024b357a786d66
Classes/deadly/Galerina_sulciceps/Galerina_sulciceps6.png,3,Galerina_sulciceps6,png,100,100,1.0,0.01,square,deadly,Galerina Sulciceps,c4d2383e2df1e8cc
Classes/deadly/Galerina_sulciceps/Galerina_sulciceps7.png,3,Galerina_sulciceps7,png,100,100,1.0,0.01,square,deadly,Galerina Sulciceps,93967f5e82e13624
Classes/deadly/Galerina_sulciceps/Galerina_sulciceps5.png,3,Galerina_sulciceps5,png,100,100,1.0,0.01,square,deadly,Galerina Sulciceps,bba44d983e1acd61
Classes/deadly/Galerina_sulciceps/Galerina_sulciceps4.png,3,Galerina_sulciceps4,png,100,100,1.0,0.01,square,deadly,Galerina Sulciceps,d9d741226e5b33a4
Classes/deadly/Galerina_sulciceps/Galerina_sulciceps3.png,3,Galerina_sulciceps3,png,100,100,1.0,0.01,square,deadly,Galerina Sulciceps,85474a3d7c7a6a62
Classes/deadly/Galerina_sulciceps/Galerina_sulciceps2.png,3,Galerina_sulciceps2,png,100,100,1.0,0.01,square,deadly,Galerina Sulciceps,b9c29b993639e066
Classes/deadly/Amanita_fuliginea/Amanita_fuliginea5.png,3,Amanita_fuliginea5,png,194,259,0.749034749034749,0.050246,portrait,deadly,Amanita Fuliginea,9cea62cbb644a53a
Classes/deadly/Amanita_fuliginea/Amanita_fuliginea18.png,3,Amanita_fuliginea18,png,237,212,1.1179245283018868,0.050244,landscape,deadly,Amanita Fuliginea,9052de63bd3c8a3c
Classes/deadly/Amanita_fuliginea/Amanita_fuliginea4.png,3,Amanita_fuliginea4,png,267,189,1.4126984126984128,0.050463,landscape,deadly,Amanita Fuliginea,85861ad26f3b3d2c
Classes/deadly/Amanita_fuliginea/Amanita_fuliginea6.png,3,Amanita_fuliginea6,png,133,250,0.532,0.03325,portrait,deadly,Amanita Fuliginea,e03a118db7c50ff1
Classes/deadly/Amanita_fuliginea/Amanita_fuliginea3.png,3,Amanita_fuliginea3,png,227,222,1.0225225225225223,0.050394,landscape,deadly,Amanita Fuliginea,d1a696606f2a5e5a
Classes/deadly/Amanita_fuliginea/Amanita_fuliginea2.png,3,Amanita_fuliginea2,png,228,221,1.0316742081447965,0.050388,landscape,deadly,Amanita Fuliginea,a2d2d752dac7b025
Classes/deadly/Amanita_fuliginea/Amanita_fuliginea10.png,3,Amanita_fuliginea10,png,196,258,0.7596899224806202,0.050568,portrait,deadly,Amanita Fuliginea,a19e2da17cdbcb04
Classes/deadly/Amanita_fuliginea/Amanita_fuliginea13.png,3,Amanita_fuliginea13,png,210,240,0.875,0.0504,portrait,deadly,Amanita Fuliginea,f58b7407f1045af4
Classes/deadly/Amanita_fuliginea/Amanita_fuliginea12.png,3,Amanita_fuliginea12,png,232,217,1.0691244239631337,0.050344,landscape,deadly,Amanita Fuliginea,8fd232a9339e43a3
Classes/deadly/Amanita_fuliginea/Amanita_fuliginea16.png,3,Amanita_fuliginea16,png,259,194,1.3350515463917525,0.050246,landscape,deadly,Amanita Fuliginea,adb2db90943db1c8
Classes/deadly/Amanita_fuliginea/Amanita_fuliginea17.png,3,Amanita_fuliginea17,png,253,199,1.271356783919598,0.050347,landscape,deadly,Amanita Fuliginea,bee5464edc13d118
Classes/deadly/Amanita_fuliginea/Amanita_fuliginea9.png,3,Amanita_fuliginea9,png,200,157,1.2738853503184713,0.0314,landscape,deadly,Amanita Fuliginea,85d23d1a9a39e93c
Classes/deadly/Amanita_fuliginea/Amanita_fuliginea15.png,3,Amanita_fuliginea15,png,257,196,1.3112244897959184,0.050372,landscape,deadly,Amanita Fuliginea,8ecbb13433c4c9d6
Classes/deadly/Amanita_fuliginea/Amanita_fuliginea8.png,3,Amanita_fuliginea8,png,251,201,1.2487562189054726,0.050451,landscape,deadly,Amanita Fuliginea,b1e6114a97953e1b
Classes/deadly/Cortinarius_eartoxicus/Cortinarius_eartoxicus20.png,3,Cortinarius_eartoxicus20,png,183,275,0.6654545454545454,0.050325,portrait,deadly,Cortinarius Eartoxicus,fd9c6aca1534d0d4
Classes/deadly/Cortinarius_eartoxicus/Cortinarius_eartoxicus30.png,3,Cortinarius_eartoxicus30,png,275,183,1.5027322404371584,0.050325,landscape,deadly,Cortinarius Eartoxicus,9c85933b7c4375b0
Classes/deadly/Cortinarius_eartoxicus/Cortinarius_eartoxicus26.png,3,Cortinarius_eartoxicus26,png,224,225,0.9955555555555556,0.0504,portrait,deadly,Cortinarius Eartoxicus,d1a4af1cf6e7041c
Classes/deadly/Cortinarius_eartoxicus/Cortinarius_eartoxicus8.png,3,Cortinarius_eartoxicus8,png,100,100,1.0,0.01,square,deadly,Cortinarius Eartoxicus,9a1756c1f252d83b
Classes/deadly/Cortinarius_eartoxicus/Cortinarius_eartoxicus3.png,3,Cortinarius_eartoxicus3,png,100,100,1.0,0.01,square,deadly,Cortinarius Eartoxicus,c5f3f6269826a2d1
Classes/deadly/Cortinarius_eartoxicus/Cortinarius_eartoxicus2.png,3,Cortinarius_eartoxicus2,png,100,100,1.0,0.01,square,deadly,Cortinarius Eartoxicus,82e9350b73766966
Classes/deadly/Cortinarius_eartoxicus/Cortinarius_eartoxicus1.png,3,Cortinarius_eartoxicus1,png,100,100,1.0,0.01,square,deadly,Cortinarius Eartoxicus,936e3c90422fe796
Classes/deadly/Cortinarius_eartoxicus/Cortinarius_eartoxicus5.png,3,Cortinarius_eartoxicus5,png,100,100,1.0,0.01,square,deadly,Cortinarius Eartoxicus,d8f286ddaba72188
Classes/deadly/Cortinarius_eartoxicus/Cortinarius_eartoxicus4.png,3,Cortinarius_eartoxicus4,png,100,100,1.0,0.01,square,deadly,Cortinarius Eartoxicus,8e1838ac72ce5bb3
Classes/deadly/Cortinarius_eartoxicus/Cortinarius_eartoxicus7.png,3,Cortinarius_eartoxicus7,png,100,100,1.0,0.01,square,deadly,Cortinarius Eartoxicus,823657cdaa2c56d3
Classes/deadly/Cortinarius_eartoxicus/Cortinarius_eartoxicus16.png,3,Cortinarius_eartoxicus16,png,183,276,0.6630434782608695,0.050508,portrait,deadly,Cortinarius Eartoxicus,ce4776e1ecca0c8c
Classes/deadly/Cortinarius_eartoxicus/Cortinarius_eartoxicus28.png,3,Cortinarius_eartoxicus28,png,225,225,1.0,0.050625,square,deadly,Cortinarius Eartoxicus,f96dc0c68619b966
Classes/deadly/Cortinarius_eartoxicus/Cortinarius_eartoxicus14.png,3,Cortinarius_eartoxicus14,png,259,194,1.3350515463917525,0.050246,landscape,deadly,Cortinarius Eartoxicus,83e5371d23536d26
Classes/deadly/Cortinarius_eartoxicus/Cortinarius_eartoxicus15.png,3,Cortinarius_eartoxicus15,png,191,263,0.7262357414448669,0.050233,portrait,deadly,Cortinarius Eartoxicus,8130f8e2f3c39d39
Classes/deadly/Cortinarius_eartoxicus/Cortinarius_eartoxicus11.png,3,Cortinarius_eartoxicus11,png,100,100,1.0,0.01,square,deadly,Cortinarius Eartoxicus,d7e29fd6c4d1c018
Classes/deadly/Cortinarius_eartoxicus/Cortinarius_eartoxicus12.png,3,Cortinarius_eartoxicus12,png,100,100,1.0,0.01,square,deadly,Cortinarius Eartoxicus,b1ca6095458ed776
Classes/deadly/Cortinarius_eartoxicus/Cortinarius_eartoxicus13.png,3,Cortinarius_eartoxicus13,png,100,100,1.0,0.01,square,deadly,Cortinarius Eartoxicus,c1945ec7f018cf33
Classes/deadly/Amanita_magnivelaris/Amanita_magnivelaris17.png,3,Amanita_magnivelaris17,png,183,275,0.6654545454545454,0.050325,portrait,deadly,Amanita Magnivelaris,cc9a726c79712792
Classes/deadly/Amanita_magnivelaris/Amanita_magnivelaris16.png,3,Amanita_magnivelaris16,png,275,183,1.5027322404371584,0.050325,landscape,deadly,Amanita Magnivelaris,e91653965ace652c
Classes/deadly/Amanita_magnivelaris/Amanita_magnivelaris14.png,3,Amanita_magnivelaris14,png,183,275,0.6654545454545454,0.050325,portrait,deadly,Amanita Magnivelaris,b0ccd3c68978cd33
Classes/deadly/Amanita_magnivelaris/Amanita_magnivelaris15.png,3,Amanita_magnivelaris15,png,275,184,1.4945652173913044,0.0506,landscape,deadly,Amanita Magnivelaris,8d6848b76292b7cb
Classes/deadly/Amanita_magnivelaris/Amanita_magnivelaris11.png,3,Amanita_magnivelaris11,png,194,259,0.749034749034749,0.050246,portrait,deadly,Amanita Magnivelaris,cc8d732432738dce
Classes/deadly/Amanita_magnivelaris/Amanita_magnivelaris10.png,3,Amanita_magnivelaris10,png,252,200,1.26,0.0504,landscape,deadly,Amanita Magnivelaris,8ce94fc9134ed2e4
Classes/deadly/Amanita_magnivelaris/Amanita_magnivelaris12.png,3,Amanita_magnivelaris12,png,259,194,1.3350515463917525,0.050246,landscape,deadly,Amanita Magnivelaris,9966239b6cae92c9
Classes/deadly/Amanita_magnivelaris/Amanita_magnivelaris13.png,3,Amanita_magnivelaris13,png,183,275,0.6654545454545454,0.050325,portrait,deadly,Amanita Magnivelaris,9986e4d967686965
Classes/deadly/Amanita_magnivelaris/Amanita_magnivelaris8.png,3,Amanita_magnivelaris8,png,243,207,1.173913043478261,0.050301,landscape,deadly,Amanita Magnivelaris,87e13a6cb0976738
Classes/deadly/Amanita_magnivelaris/Amanita_magnivelaris9.png,3,Amanita_magnivelaris9,png,286,176,1.625,0.050336,landscape,deadly,Amanita Magnivelaris,bcc04b88466fb1cf
Classes/deadly/Amanita_magnivelaris/Amanita_magnivelaris3.png,3,Amanita_magnivelaris3,png,100,100,1.0,0.01,square,deadly,Amanita Magnivelaris,c6907eec3b17121b
Classes/deadly/Amanita_magnivelaris/Amanita_magnivelaris4.png,3,Amanita_magnivelaris4,png,100,100,1.0,0.01,square,deadly,Amanita Magnivelaris,cc9953ac723333d1
Classes/deadly/Amanita_magnivelaris/Amanita_magnivelaris5.png,3,Amanita_magnivelaris5,png,100,100,1.0,0.01,square,deadly,Amanita Magnivelaris,80e03f4ab89766bd
Classes/deadly/Amanita_magnivelaris/Amanita_magnivelaris7.png,3,Amanita_magnivelaris7,png,100,100,1.0,0.01,square,deadly,Amanita Magnivelaris,c2963d2eb234c753
Classes/deadly/Amanita_magnivelaris/Amanita_magnivelaris6.png,3,Amanita_magnivelaris6,png,100,100,1.0,0.01,square,deadly,Amanita Magnivelaris,aee941c312c6d2ed
Classes/deadly/Amanita_magnivelaris/Amanita_magnivelaris22.png,3,Amanita_magnivelaris22,png,194,259,0.749034749034749,0.050246,portrait,deadly,Amanita Magnivelaris,d93e66616c21daa6
Classes/deadly/Amanita_magnivelaris/Amanita_magnivelaris23.png,3,Amanita_magnivelaris23,png,259,194,1.3350515463917525,0.050246,landscape,deadly,Amanita Magnivelaris,d83367619686d699
Classes/deadly/Amanita_magnivelaris/Amanita_magnivelaris21.png,3,Amanita_magnivelaris21,png,275,183,1.5027322404371584,0.050325,landscape,deadly,Amanita Magnivelaris,af98c03e1dea9638
Classes/deadly/Amanita_magnivelaris/Amanita_magnivelaris18.png,3,Amanita_magnivelaris18,png,174,290,0.6,0.05046,portrait,deadly,Amanita Magnivelaris,8f8de2692f86d838
Classes/deadly/Amanita_magnivelaris/Amanita_magnivelaris24.png,3,Amanita_magnivelaris24,png,259,194,1.3350515463917525,0.050246,landscape,deadly,Amanita Magnivelaris,968819d16b87cd97
Classes/deadly/Amanita_magnivelaris/Amanita_magnivelaris25.png,3,Amanita_magnivelaris25,png,275,184,1.4945652173913044,0.0506,landscape,deadly,Amanita Magnivelaris,99b6d7236548ccd1
Classes/deadly/Amanita_magnivelaris/Amanita_magnivelaris19.png,3,Amanita_magnivelaris19,png,259,194,1.3350515463917525,0.050246,landscape,deadly,Amanita Magnivelaris,c88e0eb5b7698d26
Classes/deadly/Amanita_magnivelaris/Amanita_magnivelaris27.png,3,Amanita_magnivelaris27,png,300,168,1.7857142857142858,0.0504,landscape,deadly,Amanita Magnivelaris,8dd87034a733ce4b
Classes/deadly/Amanita_magnivelaris/Amanita_magnivelaris26.png,3,Amanita_magnivelaris26,png,332,152,2.1842105263157894,0.050464,landscape,deadly,Amanita Magnivelaris,cc99ae0132728bf7
Classes/deadly/Cortinarius_rubellus/Cortinarius_rubellus13.png,3,Cortinarius_rubellus13,png,258,195,1.323076923076923,0.05031,landscape,deadly,Cortinarius Rubellus,d6b5614c9d616c95
Classes/deadly/Cortinarius_rubellus/Cortinarius_rubellus11.png,3,Cortinarius_rubellus11,png,100,100,1.0,0.01,square,deadly,Cortinarius Rubellus,e9cb661e1226c799
Classes/deadly/Cortinarius_rubellus/Cortinarius_rubellus28.png,3,Cortinarius_rubellus28,png,250,188,1.3297872340425532,0.047,landscape,deadly,Cortinarius Rubellus,81d57b9a116d25e9
Classes/deadly/Cortinarius_rubellus/Cortinarius_rubellus14.png,3,Cortinarius_rubellus14,png,256,197,1.299492385786802,0.050432,landscape,deadly,Cortinarius Rubellus,c6933832626d37b6
Classes/deadly/Cortinarius_rubellus/Cortinarius_rubellus15.png,3,Cortinarius_rubellus15,png,263,192,1.3697916666666667,0.050496,landscape,deadly,Cortinarius Rubellus,97fcc4c9982665c9
Classes/deadly/Cortinarius_rubellus/Cortinarius_rubellus29.png,3,Cortinarius_rubellus29,png,259,194,1.3350515463917525,0.050246,landscape,deadly,Cortinarius Rubellus,99bf5a6664ccb016
Classes/deadly/Cortinarius_rubellus/Cortinarius_rubellus9.png,3,Cortinarius_rubellus9,png,100,100,1.0,0.01,square,deadly,Cortinarius Rubellus,8bfafd0486c191ec
Classes/deadly/Cortinarius_rubellus/Cortinarius_rubellus17.png,3,Cortinarius_rubellus17,png,271,186,1.456989247311828,0.050406,landscape,deadly,Cortinarius Rubellus,aff1c01f96c790c8
Classes/deadly/Cortinarius_rubellus/Cortinarius_rubellus7.png,3,Cortinarius_rubellus7,png,100,100,1.0,0.01,square,deadly,Cortinarius Rubellus,92c30b5df4d34cc6
Classes/deadly/Cortinarius_rubellus/Cortinarius_rubellus27.png,3,Cortinarius_rubellus27,png,275,183,1.5027322404371584,0.050325,landscape,deadly,Cortinarius Rubellus,92c5c8b3cc1a7763
Classes/deadly/Cortinarius_rubellus/Cortinarius_rubellus26.png,3,Cortinarius_rubellus26,png,259,194,1.3350515463917525,0.050246,landscape,deadly,Cortinarius Rubellus,e39e8541fcd73025
Classes/deadly/Cortinarius_rubellus/Cortinarius_rubellus6.png,3,Cortinarius_rubellus6,png,100,100,1.0,0.01,square,deadly,Cortinarius Rubellus,9ec12d9c62c9f332
Classes/deadly/Cortinarius_rubellus/Cortinarius_rubellus30.png,3,Cortinarius_rubellus30,png,262,192,1.3645833333333333,0.050304,landscape,deadly,Cortinarius Rubellus,cee22dab69953780
Classes/deadly/Cortinarius_rubellus/Cortinarius_rubellus24.png,3,Cortinarius_rubellus24,png,310,162,1.9135802469135803,0.05022,landscape,deadly,Cortinarius Rubellus,f0cd4ea6464233be
Classes/deadly/Cortinarius_rubellus/Cortinarius_rubellus18.png,3,Cortinarius_rubellus18,png,248,203,1.2216748768472907,0.050344,landscape,deadly,Cortinarius Rubellus,9a593c3601f36772
Classes/deadly/Cortinarius_rubellus/Cortinarius_rubellus19.png,3,Cortinarius_rubellus19,png,286,176,1.625,0.050336,landscape,deadly,Cortinarius Rubellus,f9a9f483869c94a6
Classes/deadly/Cortinarius_rubellus/Cortinarius_rubellus25.png,3,Cortinarius_rubellus25,png,251,201,1.2487562189054726,0.050451,landscape,deadly,Cortinarius Rubellus,93c33f7c22934cc6
Classes/deadly/Cortinarius_rubellus/Cortinarius_rubellus31.png,3,Cortinarius_rubellus31,png,259,195,1.328205128205128,0.050505,landscape,deadly,Cortinarius Rubellus,81f4cc99636e3bc2
Classes/deadly/Cortinarius_rubellus/Cortinarius_rubellus5.png,3,Cortinarius_rubellus5,png,100,100,1.0,0.01,square,deadly,Cortinarius Rubellus,a1cfcdd09f0668d8
Classes/deadly/Cortinarius_rubellus/Cortinarius_rubellus21.png,3,Cortinarius_rubellus21,png,262,192,1.3645833333333333,0.050304,landscape,deadly,Cortinarius Rubellus,8c8460f836e973b7
Classes/deadly/Cortinarius_rubellus/Cortinarius_rubellus20.png,3,Cortinarius_rubellus20,png,250,179,1.3966480446927374,0.04475,landscape,deadly,Cortinarius Rubellus,c5c9660b3b7e8a89
Classes/deadly/Cortinarius_rubellus/Cortinarius_rubellus0.png,3,Cortinarius_rubellus0,png,100,100,1.0,0.01,square,deadly,Cortinarius Rubellus,95d49b2d42626ab7
Classes/deadly/Cortinarius_rubellus/Cortinarius_rubellus22.png,3,Cortinarius_rubellus22,png,262,192,1.3645833333333333,0.050304,landscape,deadly,Cortinarius Rubellus,b7c8e9a462b64d8a
Classes/deadly/Cortinarius_rubellus/Cortinarius_rubellus23.png,3,Cortinarius_rubellus23,png,249,202,1.2326732673267329,0.050298,landscape,deadly,Cortinarius Rubellus,e8a547c38ec4d3aa
Classes/deadly/Cortinarius_rubellus/Cortinarius_rubellus3.png,3,Cortinarius_rubellus3,png,100,100,1.0,0.01,square,deadly,Cortinarius Rubellus,9b0b54646dcebd14
Classes/deadly/Amanita_bisporigera/Amanita_bisporigera18.png,3,Amanita_bisporigera18,png,253,200,1.265,0.0506,landscape,deadly,Amanita Bisporigera,b8860fad72723363
Classes/deadly/Amanita_bisporigera/Amanita_bisporigera30.png,3,Amanita_bisporigera30,png,259,194,1.3350515463917525,0.050246,landscape,deadly,Amanita Bisporigera,c1ce391e62b306f9
Classes/deadly/Amanita_bisporigera/Amanita_bisporigera24.png,3,Amanita_bisporigera24,png,100,100,1.0,0.01,square,deadly,Amanita Bisporigera,bb94743436eb01cb
Classes/deadly/Amanita_bisporigera/Amanita_bisporigera31.png,3,Amanita_bisporigera31,png,194,259,0.749034749034749,0.050246,portrait,deadly,Amanita Bisporigera,91d3727b5b83a138
Classes/deadly/Amanita_bisporigera/Amanita_bisporigera27.png,3,Amanita_bisporigera27,png,254,198,1.2828282828282829,0.050292,landscape,deadly,Amanita Bisporigera,f9e1328b8636599c
Classes/deadly/Amanita_bisporigera/Amanita_bisporigera22.png,3,Amanita_bisporigera22,png,270,187,1.4438502673796791,0.05049,landscape,deadly,Amanita Bisporigera,98ab2463f29ccd2d
Classes/deadly/Amanita_bisporigera/Amanita_bisporigera36.png,3,Amanita_bisporigera36,png,183,275,0.6654545454545454,0.050325,portrait,deadly,Amanita Bisporigera,d2262979660f7ed0
Classes/deadly/Amanita_bisporigera/Amanita_bisporigera37.png,3,Amanita_bisporigera37,png,262,192,1.3645833333333333,0.050304,landscape,deadly,Amanita Bisporigera,8d8dd114f3723327
Classes/deadly/Amanita_bisporigera/Amanita_bisporigera21.png,3,Amanita_bisporigera21,png,247,204,1.21078431372549,0.050388,landscape,deadly,Amanita Bisporigera,d6f179cde9c30424
Classes/deadly/Amanita_bisporigera/Amanita_bisporigera9.png,3,Amanita_bisporigera9,png,164,307,0.5342019543973942,0.050348,portrait,deadly,Amanita Bisporigera,dbe0f2c93d6270c1
Classes/deadly/Amanita_bisporigera/Amanita_bisporigera8.png,3,Amanita_bisporigera8,png,194,259,0.749034749034749,0.050246,portrait,deadly,Amanita Bisporigera,d89316d4f3782b29
Classes/deadly/Amanita_bisporigera/Amanita_bisporigera20.png,3,Amanita_bisporigera20,png,183,275,0.6654545454545454,0.050325,portrait,deadly,Amanita Bisporigera,8e83848fe6d4d63a
Classes/deadly/Amanita_bisporigera/Amanita_bisporigera34.png,3,Amanita_bisporigera34,png,265,190,1.394736842105263,0.05035,landscape,deadly,Amanita Bisporigera,9b14e56be64dc464
Classes/deadly/Amanita_bisporigera/Amanita_bisporigera46.png,3,Amanita_bisporigera46,png,234,215,1.088372093023256,0.05031,landscape,deadly,Amanita Bisporigera,e0e44b1a6b1a3db5
Classes/deadly/Amanita_bisporigera/Amanita_bisporigera44.png,3,Amanita_bisporigera44,png,251,201,1.2487562189054726,0.050451,landscape,deadly,Amanita Bisporigera,cc5a267570db8c55
Classes/deadly/Amanita_bisporigera/Amanita_bisporigera50.png,3,Amanita_bisporigera50,png,275,183,1.5027322404371584,0.050325,landscape,deadly,Amanita Bisporigera,84d25b3bb7d270b0
Classes/deadly/Amanita_bisporigera/Amanita_bisporigera45.png,3,Amanita_bisporigera45,png,194,259,0.749034749034749,0.050246,portrait,deadly,Amanita Bisporigera,98263f6c92d3ad43
Classes/deadly/Amanita_bisporigera/Amanita_bisporigera40.png,3,Amanita_bisporigera40,png,250,201,1.243781094527363,0.05025,landscape,deadly,Amanita Bisporigera,92b15132383c7ddd
Classes/deadly/Amanita_bisporigera/Amanita_bisporigera42.png,3,Amanita_bisporigera42,png,199,253,0.7865612648221344,0.050347,portrait,deadly,Amanita Bisporigera,d45023f4716e1cb7
Classes/deadly/Amanita_bisporigera/Amanita_bisporigera48.png,3,Amanita_bisporigera48,png,242,208,1.1634615384615383,0.050336,landscape,deadly,Amanita Bisporigera,918596197d3a69d6
Classes/deadly/Amanita_bisporigera/Amanita_bisporigera49.png,3,Amanita_bisporigera49,png,168,300,0.56,0.0504,portrait,deadly,Amanita Bisporigera,8ca722ed68131df9
Classes/deadly/Amanita_bisporigera/Amanita_bisporigera39.png,3,Amanita_bisporigera39,png,194,259,0.749034749034749,0.050246,portrait,deadly,Amanita Bisporigera,cc9943786433a7f1
Classes/deadly/Amanita_bisporigera/Amanita_bisporigera11.png,3,Amanita_bisporigera11,png,275,183,1.5027322404371584,0.050325,landscape,deadly,Amanita Bisporigera,d87223244ded271f
Classes/deadly/Amanita_bisporigera/Amanita_bisporigera12.png,3,Amanita_bisporigera12,png,194,259,0.749034749034749,0.050246,portrait,deadly,Amanita Bisporigera,934b78a4e6493cb6
Classes/deadly/Amanita_bisporigera/Amanita_bisporigera6.png,3,Amanita_bisporigera6,png,206,245,0.8408163265306122,0.05047,portrait,deadly,Amanita Bisporigera,c6907a0c3b1f3a1f
Classes/deadly/Amanita_bisporigera/Amanita_bisporigera13.png,3,Amanita_bisporigera13,png,259,194,1.3350515463917525,0.050246,landscape,deadly,Amanita Bisporigera,843de352796c25cb
Classes/deadly/Amanita_bisporigera/Amanita_bisporigera17.png,3,Amanita_bisporigera17,png,194,259,0.749034749034749,0.050246,portrait,deadly,Amanita Bisporigera,9fc6702dce976824
Classes/deadly/Amanita_bisporigera/Amanita_bisporigera1.png,3,Amanita_bisporigera1,png,259,194,1.3350515463917525,0.050246,landscape,deadly,Amanita Bisporigera,9996565ba699cc49
Classes/deadly/Amanita_subpallidorosea/Amanita_subpallidorosea31.png,3,Amanita_subpallidorosea31,png,225,225,1.0,0.050625,square,deadly,Amanita Subpallidorosea,d4239323a3992f9d
Classes/deadly/Amanita_subpallidorosea/Amanita_subpallidorosea19.png,3,Amanita_subpallidorosea19,png,230,219,1.0502283105022832,0.05037,landscape,deadly,Amanita Subpallidorosea,e5eed2e160351c5a
Classes/deadly/Amanita_subpallidorosea/Amanita_subpallidorosea30.png,3,Amanita_subpallidorosea30,png,259,195,1.328205128205128,0.050505,landscape,deadly,Amanita Subpallidorosea,ccc333186755d2ad
Classes/deadly/Amanita_subpallidorosea/Amanita_subpallidorosea22.png,3,Amanita_subpallidorosea22,png,287,175,1.64,0.050225,landscape,deadly,Amanita Subpallidorosea,c1a626e33cb91a5e
Classes/deadly/Amanita_subpallidorosea/Amanita_subpallidorosea13.png,3,Amanita_subpallidorosea13,png,223,226,0.986725663716814,0.050398,portrait,deadly,Amanita Subpallidorosea,94a4a9b616996f9c
Classes/deadly/Amanita_subpallidorosea/Amanita_subpallidorosea12.png,3,Amanita_subpallidorosea12,png,194,260,0.7461538461538462,0.05044,portrait,deadly,Amanita Subpallidorosea,d9c6e60d2e1b6a58
Classes/deadly/Amanita_subpallidorosea/Amanita_subpallidorosea10.png,3,Amanita_subpallidorosea10,png,100,100,1.0,0.01,square,deadly,Amanita Subpallidorosea,c0be69e0ed3b301e
Classes/deadly/Amanita_subpallidorosea/Amanita_subpallidorosea29.png,3,Amanita_subpallidorosea29,png,204,247,0.8259109311740891,0.050388,portrait,deadly,Amanita Subpallidorosea,d9a511537cf34c8c
Classes/deadly/Amanita_subpallidorosea/Amanita_subpallidorosea28.png,3,Amanita_subpallidorosea28,png,225,225,1.0,0.050625,square,deadly,Amanita Subpallidorosea,82ada5a72c4b79e8
Classes/deadly/Amanita_subpallidorosea/Amanita_subpallidorosea3.png,3,Amanita_subpallidorosea3,png,100,100,1.0,0.01,square,deadly,Amanita Subpallidorosea,db499c4ca7c19372
Classes/deadly/Amanita_subpallidorosea/Amanita_subpallidorosea16.png,3,Amanita_subpallidorosea16,png,225,225,1.0,0.050625,square,deadly,Amanita Subpallidorosea,919e272474fb4b83
Classes/deadly/Amanita_subpallidorosea/Amanita_subpallidorosea17.png,3,Amanita_subpallidorosea17,png,231,218,1.0596330275229358,0.050358,landscape,deadly,Amanita Subpallidorosea,c3b869e0ec39311f
Classes/deadly/Amanita_subpallidorosea/Amanita_subpallidorosea2.png,3,Amanita_subpallidorosea2,png,100,100,1.0,0.01,square,deadly,Amanita Subpallidorosea,ce8ec3cc73dc1826
Classes/deadly/Galerina_marginata/Galerina_marginata10.png,3,Galerina_marginata10,png,100,100,1.0,0.01,square,deadly,Galerina Marginata,87833df6c88b833c
Classes/deadly/Galerina_marginata/Galerina_marginata38.png,3,Galerina_marginata38,png,276,183,1.5081967213114753,0.050508,landscape,deadly,Galerina Marginata,aec083afc86cb6b1
Classes/deadly/Galerina_marginata/Galerina_marginata39.png,3,Galerina_marginata39,png,267,189,1.4126984126984128,0.050463,landscape,deadly,Galerina Marginata,8316364fcc2939ee
Classes/deadly/Galerina_marginata/Galerina_marginata16.png,3,Galerina_marginata16,png,100,100,1.0,0.01,square,deadly,Galerina Marginata,d6676c3890c7c713
Classes/deadly/Galerina_marginata/Galerina_marginata17.png,3,Galerina_marginata17,png,100,100,1.0,0.01,square,deadly,Galerina Marginata,8a651e3ae96d7470
Classes/deadly/Galerina_marginata/Galerina_marginata29.png,3,Galerina_marginata29,png,242,209,1.1578947368421053,0.050578,landscape,deadly,Galerina Marginata,d2943fc0703b6c3e
Classes/deadly/Galerina_marginata/Galerina_marginata15.png,3,Galerina_marginata15,png,100,100,1.0,0.01,square,deadly,Galerina Marginata,a3e6f83bf8b48c20
Classes/deadly/Galerina_marginata/Galerina_marginata14.png,3,Galerina_marginata14,png,100,100,1.0,0.01,square,deadly,Galerina Marginata,d3885dd3646c9999
Classes/deadly/Galerina_marginata/Galerina_marginata28.png,3,Galerina_marginata28,png,100,100,1.0,0.01,square,deadly,Galerina Marginata,8cdcf181de4f2730
Classes/deadly/Galerina_marginata/Galerina_marginata1.png,3,Galerina_marginata1,png,100,100,1.0,0.01,square,deadly,Galerina Marginata,d4842fc87c1b6c3e
Classes/deadly/Galerina_marginata/Galerina_marginata3.png,3,Galerina_marginata3,png,100,100,1.0,0.01,square,deadly,Galerina Marginata,85b86f747178a625
Classes/deadly/Galerina_marginata/Galerina_marginata2.png,3,Galerina_marginata2,png,100,100,1.0,0.01,square,deadly,Galerina Marginata,d0ceafb48ad82d62
Classes/deadly/Galerina_marginata/Galerina_marginata6.png,3,Galerina_marginata6,png,100,100,1.0,0.01,square,deadly,Galerina Marginata,8cdc4e1812e7fccc
Classes/deadly/Galerina_marginata/Galerina_marginata48.png,3,Galerina_marginata48,png,256,197,1.299492385786802,0.050432,landscape,deadly,Galerina Marginata,d0c043236e5bbfb4
Classes/deadly/Galerina_marginata/Galerina_marginata7.png,3,Galerina_marginata7,png,100,100,1.0,0.01,square,deadly,Galerina Marginata,bc95136e86d38999
Classes/deadly/Galerina_marginata/Galerina_marginata5.png,3,Galerina_marginata5,png,100,100,1.0,0.01,square,deadly,Galerina Marginata,f9b838d89c294ea6
Classes/deadly/Galerina_marginata/Galerina_marginata4.png,3,Galerina_marginata4,png,100,100,1.0,0.01,square,deadly,Galerina Marginata,c9c4373e24a5b13b
Classes/deadly/Galerina_marginata/Galerina_marginata9.png,3,Galerina_marginata9,png,100,100,1.0,0.01,square,deadly,Galerina Marginata,e00f1e72219ae7b3
Classes/deadly/Galerina_marginata/Galerina_marginata46.png,3,Galerina_marginata46,png,267,189,1.4126984126984128,0.050463,landscape,deadly,Galerina Marginata,c19a716f24a0fc3e
Classes/deadly/Galerina_marginata/Galerina_marginata47.png,3,Galerina_marginata47,png,254,198,1.2828282828282829,0.050292,landscape,deadly,Galerina Marginata,d3855cd3626c9d91
Classes/deadly/Galerina_marginata/Galerina_marginata8.png,3,Galerina_marginata8,png,100,100,1.0,0.01,square,deadly,Galerina Marginata,be41b9f6d28620d3
Classes/deadly/Galerina_marginata/Galerina_marginata45.png,3,Galerina_marginata45,png,218,231,0.9437229437229436,0.050358,portrait,deadly,Galerina Marginata,d20d4a721de31fcc
Classes/deadly/Galerina_marginata/Galerina_marginata44.png,3,Galerina_marginata44,png,268,188,1.425531914893617,0.050384,landscape,deadly,Galerina Marginata,d4b2e35c94e15ec4
Classes/deadly/Galerina_marginata/Galerina_marginata40.png,3,Galerina_marginata40,png,259,194,1.3350515463917525,0.050246,landscape,deadly,Galerina Marginata,c35b22b46b468ddc
Classes/deadly/Galerina_marginata/Galerina_marginata41.png,3,Galerina_marginata41,png,267,189,1.4126984126984128,0.050463,landscape,deadly,Galerina Marginata,9938644b7e956745
Classes/deadly/Galerina_marginata/Galerina_marginata43.png,3,Galerina_marginata43,png,189,266,0.7105263157894737,0.050274,portrait,deadly,Galerina Marginata,def0d8cae0f4a898
Classes/deadly/Galerina_marginata/Galerina_marginata42.png,3,Galerina_marginata42,png,275,183,1.5027322404371584,0.050325,landscape,deadly,Galerina Marginata,ef8a04f39362cd2c
Classes/deadly/Galerina_marginata/Galerina_marginata31.png,3,Galerina_marginata31,png,261,193,1.3523316062176165,0.050373,landscape,deadly,Galerina Marginata,8fc465bdc80d5d89
Classes/deadly/Galerina_marginata/Galerina_marginata19.png,3,Galerina_marginata19,png,100,100,1.0,0.01,square,deadly,Galerina Marginata,c1332ec43b1fc6e1
Classes/deadly/Galerina_marginata/Galerina_marginata30.png,3,Galerina_marginata30,png,225,225,1.0,0.050625,square,deadly,Galerina Marginata,94dc7f5a480bc555
Classes/deadly/Galerina_marginata/Galerina_marginata27.png,3,Galerina_marginata27,png,100,100,1.0,0.01,square,deadly,Galerina Marginata,86d34c387ca4e74e
Classes/deadly/Galerina_marginata/Galerina_marginata23.png,3,Galerina_marginata23,png,100,100,1.0,0.01,square,deadly,Galerina Marginata,cecd1c9c472663b1
Classes/deadly/Galerina_marginata/Galerina_marginata37.png,3,Galerina_marginata37,png,287,176,1.630681818181818,0.050512,landscape,deadly,Galerina Marginata,d241146ecb4fb596
Classes/deadly/Galerina_marginata/Galerina_marginata36.png,3,Galerina_marginata36,png,262,192,1.3645833333333333,0.050304,landscape,deadly,Galerina Marginata,d4636a78a5631bb4
Classes/deadly/Galerina_marginata/Galerina_marginata34.png,3,Galerina_marginata34,png,259,195,1.328205128205128,0.050505,landscape,deadly,Galerina Marginata,99c0f6d3c455f486
Classes/deadly/Galerina_marginata/Galerina_marginata21.png,3,Galerina_marginata21,png,100,100,1.0,0.01,square,deadly,Galerina Marginata,c29c1c4218bd3faf
Classes/deadly/Galerina_marginata/Galerina_marginata35.png,3,Galerina_marginata35,png,299,168,1.7797619047619049,0.050232,landscape,deadly,Galerina Marginata,a59b3a6dc59a30ca
Classes/deadly/Amanita_phalloides/Amanita_phalloides43.png,3,Amanita_phalloides43,png,278,181,1.5359116022099448,0.050318,landscape,deadly,Amanita Phalloides,c1c17867a71c5ad3
Classes/deadly/Amanita_phalloides/Amanita_phalloides42.png,3,Amanita_phalloides42,png,267,189,1.4126984126984128,0.050463,landscape,deadly,Amanita Phalloides,b4920f49e193bb2e
Classes/deadly/Amanita_phalloides/Amanita_phalloides40.png,3,Amanita_phalloides40,png,278,181,1.5359116022099448,0.050318,landscape,deadly,Amanita Phalloides,c795306ad9d98e86
Classes/deadly/Amanita_phalloides/Amanita_phalloides45.png,3,Amanita_phalloides45,png,246,205,1.2,0.05043,landscape,deadly,Amanita Phalloides,9bd6442b692b7496
Classes/deadly/Amanita_phalloides/Amanita_phalloides44.png,3,Amanita_phalloides44,png,220,165,1.3333333333333333,0.0363,landscape,deadly,Amanita Phalloides,85a15b6f48c8f7a4
Classes/deadly/Amanita_phalloides/Amanita_phalloides47.png,3,Amanita_phalloides47,png,275,183,1.5027322404371584,0.050325,landscape,deadly,Amanita Phalloides,d6d11d3a66461f07
Classes/deadly/Amanita_phalloides/Amanita_phalloides21.png,3,Amanita_phalloides21,png,100,100,1.0,0.01,square,deadly,Amanita Phalloides,f81631993ff096d0
Classes/deadly/Amanita_phalloides/Amanita_phalloides35.png,3,Amanita_phalloides35,png,225,224,1.0044642857142858,0.0504,landscape,deadly,Amanita Phalloides,d9961c63631c96b3
Classes/deadly/Amanita_phalloides/Amanita_phalloides9.png,3,Amanita_phalloides9,png,100,100,1.0,0.01,square,deadly,Amanita Phalloides,b0977aec0c78674c
Classes/deadly/Amanita_phalloides/Amanita_phalloides37.png,3,Amanita_phalloides37,png,236,213,1.107981220657277,0.050268,landscape,deadly,Amanita Phalloides,cc92b31d7161277c
Classes/deadly/Amanita_phalloides/Amanita_phalloides36.png,3,Amanita_phalloides36,png,208,243,0.8559670781893004,0.050544,portrait,deadly,Amanita Phalloides,8eb241c9e6ee3c26
Classes/deadly/Amanita_phalloides/Amanita_phalloides22.png,3,Amanita_phalloides22,png,100,100,1.0,0.01,square,deadly,Amanita Phalloides,a4e15342dcdeb6a4
Classes/deadly/Amanita_phalloides/Amanita_phalloides32.png,3,Amanita_phalloides32,png,259,194,1.3350515463917525,0.050246,landscape,deadly,Amanita Phalloides,84c37b3e33b89893
Classes/deadly/Amanita_phalloides/Amanita_phalloides31.png,3,Amanita_phalloides31,png,266,190,1.4,0.05054,landscape,deadly,Amanita Phalloides,95256ec81b26e8bd
Classes/deadly/Amanita_phalloides/Amanita_phalloides25.png,3,Amanita_phalloides25,png,100,100,1.0,0.01,square,deadly,Amanita Phalloides,b4b23f3702444cbf
Classes/deadly/Amanita_phalloides/Amanita_phalloides24.png,3,Amanita_phalloides24,png,100,100,1.0,0.01,square,deadly,Amanita Phalloides,ccc63338763bcd09
Classes/deadly/Amanita_phalloides/Amanita_phalloides14.png,3,Amanita_phalloides14,png,100,100,1.0,0.01,square,deadly,Amanita Phalloides,8ca333bc0f4b7472
Classes/deadly/Amanita_phalloides/Amanita_phalloides0.png,3,Amanita_phalloides0,png,100,100,1.0,0.01,square,deadly,Amanita Phalloides,a65c0f2976b538ca
Classes/deadly/Amanita_phalloides/Amanita_phalloides2.png,3,Amanita_phalloides2,png,100,100,1.0,0.01,square,deadly,Amanita Phalloides,da806e6995d317d1
Classes/deadly/Amanita_phalloides/Amanita_phalloides17.png,3,Amanita_phalloides17,png,100,100,1.0,0.01,square,deadly,Amanita Phalloides,982f69250774dada
Classes/deadly/Amanita_phalloides/Amanita_phalloides13.png,3,Amanita_phalloides13,png,100,100,1.0,0.01,square,deadly,Amanita Phalloides,d79d80c13c66353e
Classes/deadly/Amanita_phalloides/Amanita_phalloides4.png,3,Amanita_phalloides4,png,100,100,1.0,0.01,square,deadly,Amanita Phalloides,c9b2e631039e93d6
Classes/deadly/Amanita_phalloides/Amanita_phalloides10.png,3,Amanita_phalloides10,png,100,100,1.0,0.01,square,deadly,Amanita Phalloides,926c696d94d25b2b
Classes/deadly/Amanita_phalloides/Amanita_phalloides38.png,3,Amanita_phalloides38,png,266,190,1.4,0.05054,landscape,deadly,Amanita Phalloides,91126e49be3ecd49
Classes/deadly/Amanita_phalloides/Amanita_phalloides11.png,3,Amanita_phalloides11,png,100,100,1.0,0.01,square,deadly,Amanita Phalloides,c5cf4e24b4799b84
Classes/deadly/Amanita_phalloides/Amanita_phalloides49.png,3,Amanita_phalloides49,png,189,267,0.7078651685393258,0.050463,portrait,deadly,Amanita Phalloides,db21249f73cae8c4
Classes/deadly/Amanita_phalloides/Amanita_phalloides48.png,3,Amanita_phalloides48,png,259,194,1.3350515463917525,0.050246,landscape,deadly,Amanita Phalloides,c0cc1b62648f8fde
Classes/deadly/Amanita_subjunquillea/Amanita_subjunquillea16.png,3,Amanita_subjunquillea16,png,259,194,1.3350515463917525,0.050246,landscape,deadly,Amanita Subjunquillea,c80d367373765c89
Classes/deadly/Amanita_subjunquillea/Amanita_subjunquillea14.png,3,Amanita_subjunquillea14,png,169,250,0.676,0.04225,portrait,deadly,Amanita Subjunquillea,a687e93c58726366
Classes/deadly/Amanita_subjunquillea/Amanita_subjunquillea11.png,3,Amanita_subjunquillea11,png,226,223,1.0134529147982063,0.050398,landscape,deadly,Amanita Subjunquillea,e5eed2616110bd5c
Classes/deadly/Amanita_subjunquillea/Amanita_subjunquillea12.png,3,Amanita_subjunquillea12,png,177,285,0.6210526315789474,0.050445,portrait,deadly,Amanita Subjunquillea,cd8e63b13c2c33c3
Classes/deadly/Amanita_subjunquillea/Amanita_subjunquillea13.png,3,Amanita_subjunquillea13,png,276,183,1.5081967213114753,0.050508,landscape,deadly,Amanita Subjunquillea,81fa6e84347f1ae1
Classes/deadly/Amanita_subjunquillea/Amanita_subjunquillea8.png,3,Amanita_subjunquillea8,png,273,185,1.4756756756756757,0.050505,landscape,deadly,Amanita Subjunquillea,e11d29e82ea6a9e9
Classes/deadly/Amanita_subjunquillea/Amanita_subjunquillea9.png,3,Amanita_subjunquillea9,png,275,183,1.5027322404371584,0.050325,landscape,deadly,Amanita Subjunquillea,d8d6987d3e787024
Classes/deadly/Amanita_subjunquillea/Amanita_subjunquillea2.png,3,Amanita_subjunquillea2,png,293,172,1.7034883720930232,0.050396,landscape,deadly,Amanita Subjunquillea,c6981c7c68a7e16d
Classes/deadly/Amanita_subjunquillea/Amanita_subjunquillea3.png,3,Amanita_subjunquillea3,png,300,168,1.7857142857142858,0.0504,landscape,deadly,Amanita Subjunquillea,b5d2a14e4e0e5cad
Classes/deadly/Amanita_subjunquillea/Amanita_subjunquillea1.png,3,Amanita_subjunquillea1,png,194,259,0.749034749034749,0.050246,portrait,deadly,Amanita Subjunquillea,cc8f5750727a3331
Classes/deadly/Amanita_subjunquillea/Amanita_subjunquillea0.png,3,Amanita_subjunquillea0,png,243,207,1.173913043478261,0.050301,landscape,deadly,Amanita Subjunquillea,f4ee343b37424c58
Classes/deadly/Amanita_subjunquillea/Amanita_subjunquillea4.png,3,Amanita_subjunquillea4,png,259,194,1.3350515463917525,0.050246,landscape,deadly,Amanita Subjunquillea,99591cd1ab6c3674
Classes/deadly/Amanita_subjunquillea/Amanita_subjunquillea5.png,3,Amanita_subjunquillea5,png,194,259,0.749034749034749,0.050246,portrait,deadly,Amanita Subjunquillea,ccf8699492cf3c25
Classes/deadly/Amanita_subjunquillea/Amanita_subjunquillea7.png,3,Amanita_subjunquillea7,png,182,277,0.6570397111913358,0.050414,portrait,deadly,Amanita Subjunquillea,cce3323c3283738f
Classes/deadly/Amanita_subjunquillea/Amanita_subjunquillea6.png,3,Amanita_subjunquillea6,png,172,250,0.688,0.043,portrait,deadly,Amanita Subjunquillea,d1e68c393b7a3446
Classes/deadly/Amanita_exitialis/Amanita_exitialis40.png,3,Amanita_exitialis40,png,200,200,1.0,0.04,square,deadly,Amanita Exitialis,c3923d213a7ec5f0
Classes/deadly/Amanita_exitialis/Amanita_exitialis18.png,3,Amanita_exitialis18,png,248,204,1.2156862745098038,0.050592,landscape,deadly,Amanita Exitialis,cc30c9f609b59f49
Classes/deadly/Amanita_exitialis/Amanita_exitialis20.png,3,Amanita_exitialis20,png,254,199,1.276381909547739,0.050546,landscape,deadly,Amanita Exitialis,cbf06b8f8929dc14
Classes/deadly/Amanita_exitialis/Amanita_exitialis34.png,3,Amanita_exitialis34,png,296,170,1.741176470588235,0.05032,landscape,deadly,Amanita Exitialis,cedb99289616e872
Classes/deadly/Amanita_exitialis/Amanita_exitialis35.png,3,Amanita_exitialis35,png,275,183,1.5027322404371584,0.050325,landscape,deadly,Amanita Exitialis,e59b9678d36419c4
Classes/deadly/Amanita_exitialis/Amanita_exitialis8.png,3,Amanita_exitialis8,png,282,179,1.5754189944134078,0.050478,landscape,deadly,Amanita Exitialis,cc8c8e37324c7b6a
Classes/deadly/Amanita_exitialis/Amanita_exitialis22.png,3,Amanita_exitialis22,png,283,178,1.5898876404494382,0.050374,landscape,deadly,Amanita Exitialis,e1cb51c46ce6d296
Classes/deadly/Amanita_exitialis/Amanita_exitialis36.png,3,Amanita_exitialis36,png,352,143,2.4615384615384617,0.050336,landscape,deadly,Amanita Exitialis,f0131fec4d611bf0
Classes/deadly/Amanita_exitialis/Amanita_exitialis6.png,3,Amanita_exitialis6,png,231,219,1.0547945205479452,0.050589,landscape,deadly,Amanita Exitialis,9789981e3b5a63e1
Classes/deadly/Amanita_exitialis/Amanita_exitialis5.png,3,Amanita_exitialis5,png,319,158,2.018987341772152,0.050402,landscape,deadly,Amanita Exitialis,913227f34ccc6765
Classes/deadly/Amanita_exitialis/Amanita_exitialis38.png,3,Amanita_exitialis38,png,363,139,2.6115107913669067,0.050457,landscape,deadly,Amanita Exitialis,c7a0391f1cbcb4cc
Classes/deadly/Amanita_exitialis/Amanita_exitialis39.png,3,Amanita_exitialis39,png,259,194,1.3350515463917525,0.050246,landscape,deadly,Amanita Exitialis,9cd463696b2994b6
Classes/deadly/Amanita_exitialis/Amanita_exitialis11.png,3,Amanita_exitialis11,png,146,345,0.4231884057971014,0.05037,portrait,deadly,Amanita Exitialis,a68833ccf1e6e871
Classes/deadly/Amanita_exitialis/Amanita_exitialis0.png,3,Amanita_exitialis0,png,242,208,1.1634615384615383,0.050336,landscape,deadly,Amanita Exitialis,91e06ae72e1d9d1a
Classes/deadly/Amanita_exitialis/Amanita_exitialis15.png,3,Amanita_exitialis15,png,201,250,0.804,0.05025,portrait,deadly,Amanita Exitialis,843c9beaa2b05b2f
Classes/deadly/Amanita_exitialis/Amanita_exitialis14.png,3,Amanita_exitialis14,png,283,178,1.5898876404494382,0.050374,landscape,deadly,Amanita Exitialis,c09978877fb170c3
Classes/deadly/Amanita_exitialis/Amanita_exitialis28.png,3,Amanita_exitialis28,png,213,237,0.8987341772151899,0.050481,portrait,deadly,Amanita Exitialis,d7d20c4565adf941
Classes/deadly/Amanita_exitialis/Amanita_exitialis1.png,3,Amanita_exitialis1,png,237,212,1.1179245283018868,0.050244,landscape,deadly,Amanita Exitialis,91c34e1f3d6a1a39
Classes/deadly/Amanita_exitialis/Amanita_exitialis17.png,3,Amanita_exitialis17,png,183,275,0.6654545454545454,0.050325,portrait,deadly,Amanita Exitialis,ce3833b83133398f
Classes/deadly/Amanita_virosa/Amanita_virosa7.png,3,Amanita_virosa7,png,275,183,1.5027322404371584,0.050325,landscape,deadly,Amanita Virosa,d1d2713a3a850fcd
Classes/deadly/Amanita_virosa/Amanita_virosa6.png,3,Amanita_virosa6,png,275,183,1.5027322404371584,0.050325,landscape,deadly,Amanita Virosa,c88337f0233673dc
Classes/deadly/Amanita_virosa/Amanita_virosa5.png,3,Amanita_virosa5,png,255,198,1.2878787878787878,0.05049,landscape,deadly,Amanita Virosa,d6c1696e3f3990c4
Classes/deadly/Amanita_virosa/Amanita_virosa14.png,3,Amanita_virosa14,png,233,216,1.0787037037037035,0.050328,landscape,deadly,Amanita Virosa,d994a6f6662365c8
Classes/deadly/Amanita_virosa/Amanita_virosa15.png,3,Amanita_virosa15,png,275,183,1.5027322404371584,0.050325,landscape,deadly,Amanita Virosa,908f1ebd32612767
Classes/deadly/Amanita_virosa/Amanita_virosa12.png,3,Amanita_virosa12,png,232,217,1.0691244239631337,0.050344,landscape,deadly,Amanita Virosa,d3b4acc33799231a
Classes/deadly/Amanita_virosa/Amanita_virosa13.png,3,Amanita_virosa13,png,184,273,0.673992673992674,0.050232,portrait,deadly,Amanita Virosa,cd93664d394e3865
Classes/deadly/Amanita_virosa/Amanita_virosa10.png,3,Amanita_virosa10,png,275,183,1.5027322404371584,0.050325,landscape,deadly,Amanita Virosa,c6842d6969799ec5
Classes/deadly/Amanita_virosa/Amanita_virosa8.png,3,Amanita_virosa8,png,259,194,1.3350515463917525,0.050246,landscape,deadly,Amanita Virosa,86c7cecb3919313c
Classes/deadly/Amanita_virosa/Amanita_virosa9.png,3,Amanita_virosa9,png,251,201,1.2487562189054726,0.050451,landscape,deadly,Amanita Virosa,d9e6992d0a78646d
Classes/deadly/Cortinarius_orellanus/Cortinarius_orellanus26.png,3,Cortinarius_orellanus26,png,300,168,1.7857142857142858,0.0504,landscape,deadly,Cortinarius Orellanus,d3c86c763716306d
Classes/deadly/Cortinarius_orellanus/Cortinarius_orellanus27.png,3,Cortinarius_orellanus27,png,217,232,0.9353448275862069,0.050344,portrait,deadly,Cortinarius Orellanus,dcc990b371c96cc6
Classes/deadly/Cortinarius_orellanus/Cortinarius_orellanus25.png,3,Cortinarius_orellanus25,png,257,196,1.3112244897959184,0.050372,landscape,deadly,Cortinarius Orellanus,d680cab8e968b65b
Classes/deadly/Cortinarius_orellanus/Cortinarius_orellanus24.png,3,Cortinarius_orellanus24,png,275,183,1.5027322404371584,0.050325,landscape,deadly,Cortinarius Orellanus,98ed6792e12b5645
Classes/deadly/Cortinarius_orellanus/Cortinarius_orellanus30.png,3,Cortinarius_orellanus30,png,275,183,1.5027322404371584,0.050325,landscape,deadly,Cortinarius Orellanus,82977b8e1a6d3a92
Classes/deadly/Cortinarius_orellanus/Cortinarius_orellanus18.png,3,Cortinarius_orellanus18,png,249,202,1.2326732673267329,0.050298,landscape,deadly,Cortinarius Orellanus,b728fc93cc660a6a
Classes/deadly/Cortinarius_orellanus/Cortinarius_orellanus20.png,3,Cortinarius_orellanus20,png,301,167,1.8023952095808384,0.050267,landscape,deadly,Cortinarius Orellanus,d2ed93526c4b84e3
Classes/deadly/Cortinarius_orellanus/Cortinarius_orellanus21.png,3,Cortinarius_orellanus21,png,217,232,0.9353448275862069,0.050344,portrait,deadly,Cortinarius Orellanus,f7ec49c346921c9c
Classes/deadly/Cortinarius_orellanus/Cortinarius_orellanus23.png,3,Cortinarius_orellanus23,png,259,194,1.3350515463917525,0.050246,landscape,deadly,Cortinarius Orellanus,d1b97e05e0343c7c
Classes/deadly/Cortinarius_orellanus/Cortinarius_orellanus22.png,3,Cortinarius_orellanus22,png,265,190,1.394736842105263,0.05035,landscape,deadly,Cortinarius Orellanus,d899aa85c9e333b2
Classes/deadly/Cortinarius_orellanus/Cortinarius_orellanus9.png,3,Cortinarius_orellanus9,png,100,100,1.0,0.01,square,deadly,Cortinarius Orellanus,a63cd9c3ccd290b6
Classes/deadly/Cortinarius_orellanus/Cortinarius_orellanus8.png,3,Cortinarius_orellanus8,png,100,100,1.0,0.01,square,deadly,Cortinarius Orellanus,b64bf0ac43d1c8f4
Classes/deadly/Cortinarius_orellanus/Cortinarius_orellanus2.png,3,Cortinarius_orellanus2,png,100,100,1.0,0.01,square,deadly,Cortinarius Orellanus,9d886c88db703737
Classes/deadly/Cortinarius_orellanus/Cortinarius_orellanus0.png,3,Cortinarius_orellanus0,png,100,100,1.0,0.01,square,deadly,Cortinarius Orellanus,e7b023ce8c536764
Classes/deadly/Cortinarius_orellanus/Cortinarius_orellanus5.png,3,Cortinarius_orellanus5,png,100,100,1.0,0.01,square,deadly,Cortinarius Orellanus,ce74b8abab398303
Classes/deadly/Cortinarius_orellanus/Cortinarius_orellanus4.png,3,Cortinarius_orellanus4,png,100,100,1.0,0.01,square,deadly,Cortinarius Orellanus,e66c999b8c9386a6
Classes/deadly/Cortinarius_orellanus/Cortinarius_orellanus7.png,3,Cortinarius_orellanus7,png,100,100,1.0,0.01,square,deadly,Cortinarius Orellanus,dcc8923363ccecc6
Classes/deadly/Cortinarius_orellanus/Cortinarius_orellanus12.png,3,Cortinarius_orellanus12,png,230,219,1.0502283105022832,0.05037,landscape,deadly,Cortinarius Orellanus,c3391e27c8707b33
Classes/deadly/Cortinarius_orellanus/Cortinarius_orellanus11.png,3,Cortinarius_orellanus11,png,311,162,1.9197530864197532,0.050382,landscape,deadly,Cortinarius Orellanus,92374cd669f30f24
Classes/deadly/Cortinarius_orellanus/Cortinarius_orellanus15.png,3,Cortinarius_orellanus15,png,205,246,0.8333333333333334,0.05043,portrait,deadly,Cortinarius Orellanus,8cd067782c5f2b27
Classes/deadly/Cortinarius_orellanus/Cortinarius_orellanus29.png,3,Cortinarius_orellanus29,png,275,183,1.5027322404371584,0.050325,landscape,deadly,Cortinarius Orellanus,bc93eec6c0d1ce22
Classes/deadly/Cortinarius_orellanus/Cortinarius_orellanus28.png,3,Cortinarius_orellanus28,png,267,188,1.4202127659574468,0.050196,landscape,deadly,Cortinarius Orellanus,ec4ae225d8e833e5
Classes/deadly/Cortinarius_orellanus/Cortinarius_orellanus16.png,3,Cortinarius_orellanus16,png,281,179,1.5698324022346368,0.050299,landscape,deadly,Cortinarius Orellanus,ef42b1b4a539870b
Classes/deadly/Cortinarius_orellanus/Cortinarius_orellanus17.png,3,Cortinarius_orellanus17,png,206,245,0.8408163265306122,0.05047,portrait,deadly,Cortinarius Orellanus,e788334e9c3336ac
